host_epoch	tp_offset_ns	quant_err_ns	fix_type	num_sv	survey_valid
1700000001.0	NaN	4.676	3	12	1
1700000002.0	NaN	3.351	3	12	1
1700000003.0	NaN	4.140	3	12	1
1700000004.0	NaN	4.433	3	12	1
1700000005.0	NaN	6.104	3	12	1
1700000006.0	NaN	3.299	3	12	1
1700000007.0	NaN	2.470	3	12	1
1700000008.0	NaN	0.967	3	12	1
1700000009.0	NaN	-1.182	3	12	1
1700000010.0	NaN	-2.870	3	12	1
1700000011.0	NaN	-3.895	3	12	1
1700000012.0	NaN	-4.468	3	12	1
1700000013.0	NaN	-6.282	3	12	1
1700000014.0	NaN	-5.438	3	12	1
1700000015.0	NaN	-6.533	3	12	1
1700000016.0	NaN	-12.928	3	12	1
1700000017.0	NaN	-10.547	3	12	1
1700000018.0	NaN	-11.331	3	12	1
1700000019.0	NaN	-12.818	3	12	1
1700000020.0	NaN	-12.281	3	12	1
1700000021.0	NaN	-11.821	3	12	1
1700000022.0	NaN	-11.715	3	12	1
1700000023.0	NaN	-13.424	3	12	1
1700000024.0	NaN	-13.041	3	12	1
1700000025.0	NaN	-16.116	3	12	1
1700000026.0	NaN	-13.229	3	12	1
1700000027.0	NaN	-15.760	3	12	1
1700000028.0	NaN	-16.173	3	12	1
1700000029.0	NaN	-16.135	3	12	1
1700000030.0	NaN	-15.697	3	12	1
1700000031.0	NaN	-16.190	3	12	1
1700000032.0	NaN	-15.224	3	12	1
1700000033.0	NaN	-22.494	3	12	1
1700000034.0	NaN	-22.962	3	12	1
1700000035.0	NaN	-23.540	3	12	1
1700000036.0	NaN	-24.668	3	12	1
1700000037.0	NaN	-21.866	3	12	1
1700000038.0	NaN	-24.080	3	12	1
1700000039.0	NaN	-24.506	3	12	1
1700000040.0	NaN	-28.840	3	12	1
1700000041.0	NaN	-28.554	3	12	1
1700000042.0	NaN	-32.075	3	12	1
1700000043.0	NaN	-35.492	3	12	1
1700000044.0	NaN	-31.017	3	12	1
1700000045.0	NaN	-29.865	3	12	1
1700000046.0	NaN	-30.146	3	12	1
1700000047.0	NaN	-30.066	3	12	1
1700000048.0	NaN	-33.235	3	12	1
1700000049.0	NaN	-35.622	3	12	1
1700000050.0	NaN	-35.031	3	12	1
1700000051.0	NaN	-39.573	3	12	1
1700000052.0	NaN	-39.287	3	12	1
1700000053.0	NaN	-43.062	3	12	1
1700000054.0	NaN	-43.082	3	12	1
1700000055.0	NaN	-45.598	3	12	1
1700000056.0	NaN	-42.308	3	12	1
1700000057.0	NaN	-40.512	3	12	1
1700000058.0	NaN	-41.822	3	12	1
1700000059.0	NaN	-45.920	3	12	1
1700000060.0	NaN	-47.777	3	12	1
1700000061.0	NaN	-48.156	3	12	1
1700000062.0	NaN	-50.434	3	12	1
1700000063.0	NaN	-50.122	3	12	1
1700000064.0	NaN	-48.377	3	12	1
1700000065.0	NaN	-48.753	3	12	1
1700000066.0	NaN	-49.898	3	12	1
1700000067.0	NaN	-48.575	3	12	1
1700000068.0	NaN	-49.439	3	12	1
1700000069.0	NaN	-47.977	3	12	1
1700000070.0	NaN	-48.887	3	12	1
1700000071.0	NaN	-45.869	3	12	1
1700000072.0	NaN	-46.697	3	12	1
1700000073.0	NaN	-49.112	3	12	1
1700000074.0	NaN	-49.176	3	12	1
1700000075.0	NaN	-50.722	3	12	1
1700000076.0	NaN	-52.891	3	12	1
1700000077.0	NaN	-53.408	3	12	1
1700000078.0	NaN	-52.145	3	12	1
1700000079.0	NaN	-56.797	3	12	1
1700000080.0	NaN	-57.145	3	12	1
1700000081.0	NaN	-57.711	3	12	1
1700000082.0	NaN	-58.265	3	12	1
1700000083.0	NaN	-56.887	3	12	1
1700000084.0	NaN	-59.796	3	12	1
1700000085.0	NaN	-58.705	3	12	1
1700000086.0	NaN	-59.420	3	12	1
1700000087.0	NaN	-59.443	3	12	1
1700000088.0	NaN	-60.138	3	12	1
1700000089.0	NaN	-61.054	3	12	1
1700000090.0	NaN	-62.363	3	12	1
1700000091.0	NaN	-61.765	3	12	1
1700000092.0	NaN	-57.727	3	12	1
1700000093.0	NaN	-55.817	3	12	1
1700000094.0	NaN	-54.312	3	12	1
1700000095.0	NaN	-53.401	3	12	1
1700000096.0	NaN	-54.592	3	12	1
1700000097.0	NaN	-53.578	3	12	1
1700000098.0	NaN	-49.581	3	12	1
1700000099.0	NaN	-52.394	3	12	1
1700000100.0	NaN	-50.914	3	12	1
1700000101.0	NaN	-49.055	3	12	1
1700000102.0	NaN	-48.677	3	12	1
1700000103.0	NaN	-47.268	3	12	1
1700000104.0	NaN	-44.632	3	12	1
1700000105.0	NaN	-40.318	3	12	1
1700000106.0	NaN	-37.843	3	12	1
1700000107.0	NaN	-34.650	3	12	1
1700000108.0	NaN	-34.138	3	12	1
1700000109.0	NaN	-32.614	3	12	1
1700000110.0	NaN	-32.411	3	12	1
1700000111.0	NaN	-31.957	3	12	1
1700000112.0	NaN	-33.035	3	12	1
1700000113.0	NaN	-31.795	3	12	1
1700000114.0	NaN	-28.990	3	12	1
1700000115.0	NaN	-29.437	3	12	1
1700000116.0	NaN	-29.045	3	12	1
1700000117.0	NaN	-27.901	3	12	1
1700000118.0	NaN	-27.973	3	12	1
1700000119.0	NaN	-26.184	3	12	1
1700000120.0	NaN	-25.769	3	12	1
1700000121.0	NaN	-28.237	3	12	1
1700000122.0	NaN	-30.419	3	12	1
1700000123.0	NaN	-29.044	3	12	1
1700000124.0	NaN	-27.861	3	12	1
1700000125.0	NaN	-25.719	3	12	1
1700000126.0	NaN	-25.299	3	12	1
1700000127.0	NaN	-24.970	3	12	1
1700000128.0	NaN	-28.236	3	12	1
1700000129.0	NaN	-25.495	3	12	1
1700000130.0	NaN	-27.434	3	12	1
1700000131.0	NaN	-25.404	3	12	1
1700000132.0	NaN	-27.782	3	12	1
1700000133.0	NaN	-29.191	3	12	1
1700000134.0	NaN	-28.948	3	12	1
1700000135.0	NaN	-29.875	3	12	1
1700000136.0	NaN	-31.352	3	12	1
1700000137.0	NaN	-29.606	3	12	1
1700000138.0	NaN	-28.302	3	12	1
1700000139.0	NaN	-27.564	3	12	1
1700000140.0	NaN	-28.304	3	12	1
1700000141.0	NaN	-30.024	3	12	1
1700000142.0	NaN	-31.041	3	12	1
1700000143.0	NaN	-32.151	3	12	1
1700000144.0	NaN	-32.254	3	12	1
1700000145.0	NaN	-30.755	3	12	1
1700000146.0	NaN	-31.142	3	12	1
1700000147.0	NaN	-32.783	3	12	1
1700000148.0	NaN	-34.073	3	12	1
1700000149.0	NaN	-31.534	3	12	1
1700000150.0	NaN	-31.245	3	12	1
1700000151.0	NaN	-30.811	3	12	1
1700000152.0	NaN	-30.282	3	12	1
1700000153.0	NaN	-29.123	3	12	1
1700000154.0	NaN	-28.875	3	12	1
1700000155.0	NaN	-26.535	3	12	1
1700000156.0	NaN	-24.926	3	12	1
1700000157.0	NaN	-30.647	3	12	1
1700000158.0	NaN	-30.944	3	12	1
1700000159.0	NaN	-25.034	3	12	1
1700000160.0	NaN	-27.630	3	12	1
1700000161.0	NaN	-27.392	3	12	1
1700000162.0	NaN	-25.235	3	12	1
1700000163.0	NaN	-25.248	3	12	1
1700000164.0	NaN	-22.573	3	12	1
1700000165.0	NaN	-25.125	3	12	1
1700000166.0	NaN	-27.649	3	12	1
1700000167.0	NaN	-28.037	3	12	1
1700000168.0	NaN	-29.528	3	12	1
1700000169.0	NaN	-31.692	3	12	1
1700000170.0	NaN	-30.555	3	12	1
1700000171.0	NaN	-30.017	3	12	1
1700000172.0	NaN	-30.001	3	12	1
1700000173.0	NaN	-30.817	3	12	1
1700000174.0	NaN	-30.290	3	12	1
1700000175.0	NaN	-30.534	3	12	1
1700000176.0	NaN	-31.998	3	12	1
1700000177.0	NaN	-30.972	3	12	1
1700000178.0	NaN	-30.229	3	12	1
1700000179.0	NaN	-30.067	3	12	1
1700000180.0	NaN	-28.676	3	12	1
1700000181.0	NaN	-30.892	3	12	1
1700000182.0	NaN	-31.183	3	12	1
1700000183.0	NaN	-32.233	3	12	1
1700000184.0	NaN	-29.567	3	12	1
1700000185.0	NaN	-28.549	3	12	1
1700000186.0	NaN	-24.315	3	12	1
1700000187.0	NaN	-21.169	3	12	1
1700000188.0	NaN	-21.912	3	12	1
1700000189.0	NaN	-24.101	3	12	1
1700000190.0	NaN	-23.133	3	12	1
1700000191.0	NaN	-23.699	3	12	1
1700000192.0	NaN	-24.016	3	12	1
1700000193.0	NaN	-26.139	3	12	1
1700000194.0	NaN	-24.937	3	12	1
1700000195.0	NaN	-24.565	3	12	1
1700000196.0	NaN	-23.759	3	12	1
1700000197.0	NaN	-23.139	3	12	1
1700000198.0	NaN	-24.945	3	12	1
1700000199.0	NaN	-29.424	3	12	1
1700000200.0	NaN	-29.967	3	12	1
1700000201.0	NaN	-31.238	3	12	1
1700000202.0	NaN	-32.296	3	12	1
1700000203.0	NaN	-30.377	3	12	1
1700000204.0	NaN	-30.576	3	12	1
1700000205.0	NaN	-27.557	3	12	1
1700000206.0	NaN	-27.193	3	12	1
1700000207.0	NaN	-25.818	3	12	1
1700000208.0	NaN	-24.803	3	12	1
1700000209.0	NaN	-23.192	3	12	1
1700000210.0	NaN	-25.709	3	12	1
1700000211.0	NaN	-23.528	3	12	1
1700000212.0	NaN	-23.312	3	12	1
1700000213.0	NaN	-25.265	3	12	1
1700000214.0	NaN	-24.037	3	12	1
1700000215.0	NaN	-23.346	3	12	1
1700000216.0	NaN	-20.771	3	12	1
1700000217.0	NaN	-19.308	3	12	1
1700000218.0	NaN	-18.576	3	12	1
1700000219.0	NaN	-21.841	3	12	1
1700000220.0	NaN	-18.489	3	12	1
1700000221.0	NaN	-15.515	3	12	1
1700000222.0	NaN	-13.963	3	12	1
1700000223.0	NaN	-13.041	3	12	1
1700000224.0	NaN	-10.606	3	12	1
1700000225.0	NaN	-12.340	3	12	1
1700000226.0	NaN	-10.938	3	12	1
1700000227.0	NaN	-10.893	3	12	1
1700000228.0	NaN	-12.897	3	12	1
1700000229.0	NaN	-12.162	3	12	1
1700000230.0	NaN	-11.456	3	12	1
1700000231.0	NaN	-8.048	3	12	1
1700000232.0	NaN	-6.160	3	12	1
1700000233.0	NaN	-9.366	3	12	1
1700000234.0	NaN	-13.291	3	12	1
1700000235.0	NaN	-13.449	3	12	1
1700000236.0	NaN	-13.867	3	12	1
1700000237.0	NaN	-15.740	3	12	1
1700000238.0	NaN	-18.656	3	12	1
1700000239.0	NaN	-19.045	3	12	1
1700000240.0	NaN	-21.360	3	12	1
1700000241.0	NaN	-22.743	3	12	1
1700000242.0	NaN	-21.019	3	12	1
1700000243.0	NaN	-20.542	3	12	1
1700000244.0	NaN	-22.051	3	12	1
1700000245.0	NaN	-24.299	3	12	1
1700000246.0	NaN	-24.674	3	12	1
1700000247.0	NaN	-21.207	3	12	1
1700000248.0	NaN	-22.221	3	12	1
1700000249.0	NaN	-18.760	3	12	1
1700000250.0	NaN	-20.334	3	12	1
1700000251.0	NaN	-20.755	3	12	1
1700000252.0	NaN	-19.365	3	12	1
1700000253.0	NaN	-20.911	3	12	1
1700000254.0	NaN	-20.802	3	12	1
1700000255.0	NaN	-23.512	3	12	1
1700000256.0	NaN	-22.188	3	12	1
1700000257.0	NaN	-19.872	3	12	1
1700000258.0	NaN	-21.172	3	12	1
1700000259.0	NaN	-20.801	3	12	1
1700000260.0	NaN	-21.618	3	12	1
1700000261.0	NaN	-25.935	3	12	1
1700000262.0	NaN	-20.446	3	12	1
1700000263.0	NaN	-19.188	3	12	1
1700000264.0	NaN	-17.535	3	12	1
1700000265.0	NaN	-16.760	3	12	1
1700000266.0	NaN	-16.414	3	12	1
1700000267.0	NaN	-11.674	3	12	1
1700000268.0	NaN	-15.327	3	12	1
1700000269.0	NaN	-15.954	3	12	1
1700000270.0	NaN	-16.795	3	12	1
1700000271.0	NaN	-17.212	3	12	1
1700000272.0	NaN	-15.821	3	12	1
1700000273.0	NaN	-17.266	3	12	1
1700000274.0	NaN	-19.922	3	12	1
1700000275.0	NaN	-22.181	3	12	1
1700000276.0	NaN	-21.268	3	12	1
1700000277.0	NaN	-19.366	3	12	1
1700000278.0	NaN	-17.750	3	12	1
1700000279.0	NaN	-14.557	3	12	1
1700000280.0	NaN	-15.596	3	12	1
1700000281.0	NaN	-13.611	3	12	1
1700000282.0	NaN	-12.242	3	12	1
1700000283.0	NaN	-12.575	3	12	1
1700000284.0	NaN	-14.081	3	12	1
1700000285.0	NaN	-12.325	3	12	1
1700000286.0	NaN	-13.689	3	12	1
1700000287.0	NaN	-14.278	3	12	1
1700000288.0	NaN	-16.226	3	12	1
1700000289.0	NaN	-12.733	3	12	1
1700000290.0	NaN	-12.840	3	12	1
1700000291.0	NaN	-13.841	3	12	1
1700000292.0	NaN	-14.339	3	12	1
1700000293.0	NaN	-14.795	3	12	1
1700000294.0	NaN	-14.618	3	12	1
1700000295.0	NaN	-18.034	3	12	1
1700000296.0	NaN	-20.361	3	12	1
1700000297.0	NaN	-19.350	3	12	1
1700000298.0	NaN	-17.185	3	12	1
1700000299.0	NaN	-19.210	3	12	1
1700000300.0	NaN	-18.986	3	12	1
1700000301.0	NaN	-20.141	3	12	1
1700000302.0	NaN	-24.695	3	12	1
1700000303.0	NaN	-25.321	3	12	1
1700000304.0	NaN	-27.495	3	12	1
1700000305.0	NaN	-25.754	3	12	1
1700000306.0	NaN	-26.178	3	12	1
1700000307.0	NaN	-26.258	3	12	1
1700000308.0	NaN	-29.189	3	12	1
1700000309.0	NaN	-28.904	3	12	1
1700000310.0	NaN	-32.804	3	12	1
1700000311.0	NaN	-32.368	3	12	1
1700000312.0	NaN	-29.615	3	12	1
1700000313.0	NaN	-32.044	3	12	1
1700000314.0	NaN	-30.342	3	12	1
1700000315.0	NaN	-27.532	3	12	1
1700000316.0	NaN	-27.937	3	12	1
1700000317.0	NaN	-25.707	3	12	1
1700000318.0	NaN	-25.545	3	12	1
1700000319.0	NaN	-26.536	3	12	1
1700000320.0	NaN	-30.560	3	12	1
1700000321.0	NaN	-32.722	3	12	1
1700000322.0	NaN	-35.701	3	12	1
1700000323.0	NaN	-30.938	3	12	1
1700000324.0	NaN	-30.423	3	12	1
1700000325.0	NaN	-30.774	3	12	1
1700000326.0	NaN	-33.483	3	12	1
1700000327.0	NaN	-30.040	3	12	1
1700000328.0	NaN	-32.370	3	12	1
1700000329.0	NaN	-29.400	3	12	1
1700000330.0	NaN	-27.230	3	12	1
1700000331.0	NaN	-27.088	3	12	1
1700000332.0	NaN	-28.415	3	12	1
1700000333.0	NaN	-28.511	3	12	1
1700000334.0	NaN	-31.166	3	12	1
1700000335.0	NaN	-29.868	3	12	1
1700000336.0	NaN	-26.498	3	12	1
1700000337.0	NaN	-24.714	3	12	1
1700000338.0	NaN	-22.616	3	12	1
1700000339.0	NaN	-24.018	3	12	1
1700000340.0	NaN	-23.405	3	12	1
1700000341.0	NaN	-25.459	3	12	1
1700000342.0	NaN	-26.364	3	12	1
1700000343.0	NaN	-24.908	3	12	1
1700000344.0	NaN	-19.896	3	12	1
1700000345.0	NaN	-19.756	3	12	1
1700000346.0	NaN	-19.687	3	12	1
1700000347.0	NaN	-23.482	3	12	1
1700000348.0	NaN	-23.133	3	12	1
1700000349.0	NaN	-24.958	3	12	1
1700000350.0	NaN	-27.771	3	12	1
1700000351.0	NaN	-30.755	3	12	1
1700000352.0	NaN	-30.473	3	12	1
1700000353.0	NaN	-31.275	3	12	1
1700000354.0	NaN	-29.918	3	12	1
1700000355.0	NaN	-30.390	3	12	1
1700000356.0	NaN	-30.399	3	12	1
1700000357.0	NaN	-27.462	3	12	1
1700000358.0	NaN	-25.852	3	12	1
1700000359.0	NaN	-24.315	3	12	1
1700000360.0	NaN	-21.359	3	12	1
1700000361.0	NaN	-20.923	3	12	1
1700000362.0	NaN	-22.912	3	12	1
1700000363.0	NaN	-24.510	3	12	1
1700000364.0	NaN	-27.646	3	12	1
1700000365.0	NaN	-26.939	3	12	1
1700000366.0	NaN	-27.751	3	12	1
1700000367.0	NaN	-26.727	3	12	1
1700000368.0	NaN	-25.054	3	12	1
1700000369.0	NaN	-26.685	3	12	1
1700000370.0	NaN	-26.316	3	12	1
1700000371.0	NaN	-23.768	3	12	1
1700000372.0	NaN	-23.602	3	12	1
1700000373.0	NaN	-21.732	3	12	1
1700000374.0	NaN	-22.126	3	12	1
1700000375.0	NaN	-24.034	3	12	1
1700000376.0	NaN	-24.498	3	12	1
1700000377.0	NaN	-28.283	3	12	1
1700000378.0	NaN	-26.861	3	12	1
1700000379.0	NaN	-27.900	3	12	1
1700000380.0	NaN	-25.199	3	12	1
1700000381.0	NaN	-27.673	3	12	1
1700000382.0	NaN	-27.420	3	12	1
1700000383.0	NaN	-26.733	3	12	1
1700000384.0	NaN	-27.141	3	12	1
1700000385.0	NaN	-26.374	3	12	1
1700000386.0	NaN	-27.895	3	12	1
1700000387.0	NaN	-30.057	3	12	1
1700000388.0	NaN	-32.892	3	12	1
1700000389.0	NaN	-34.031	3	12	1
1700000390.0	NaN	-35.673	3	12	1
1700000391.0	NaN	-35.196	3	12	1
1700000392.0	NaN	-35.940	3	12	1
1700000393.0	NaN	-37.273	3	12	1
1700000394.0	NaN	-38.754	3	12	1
1700000395.0	NaN	-42.584	3	12	1
1700000396.0	NaN	-43.327	3	12	1
1700000397.0	NaN	-42.493	3	12	1
1700000398.0	NaN	-45.182	3	12	1
1700000399.0	NaN	-45.702	3	12	1
1700000400.0	NaN	-44.341	3	12	1
1700000401.0	NaN	-45.744	3	12	1
1700000402.0	NaN	-45.360	3	12	1
1700000403.0	NaN	-46.225	3	12	1
1700000404.0	NaN	-41.269	3	12	1
1700000405.0	NaN	-38.450	3	12	1
1700000406.0	NaN	-36.060	3	12	1
1700000407.0	NaN	-37.442	3	12	1
1700000408.0	NaN	-36.131	3	12	1
1700000409.0	NaN	-36.465	3	12	1
1700000410.0	NaN	-35.736	3	12	1
1700000411.0	NaN	-36.900	3	12	1
1700000412.0	NaN	-36.580	3	12	1
1700000413.0	NaN	-38.133	3	12	1
1700000414.0	NaN	-37.541	3	12	1
1700000415.0	NaN	-33.981	3	12	1
1700000416.0	NaN	-36.758	3	12	1
1700000417.0	NaN	-39.428	3	12	1
1700000418.0	NaN	-38.409	3	12	1
1700000419.0	NaN	-36.803	3	12	1
1700000420.0	NaN	-37.563	3	12	1
1700000421.0	NaN	-36.368	3	12	1
1700000422.0	NaN	-35.505	3	12	1
1700000423.0	NaN	-34.388	3	12	1
1700000424.0	NaN	-31.590	3	12	1
1700000425.0	NaN	-32.907	3	12	1
1700000426.0	NaN	-31.569	3	12	1
1700000427.0	NaN	-31.162	3	12	1
1700000428.0	NaN	-32.561	3	12	1
1700000429.0	NaN	-31.543	3	12	1
1700000430.0	NaN	-34.185	3	12	1
1700000431.0	NaN	-37.203	3	12	1
1700000432.0	NaN	-35.018	3	12	1
1700000433.0	NaN	-37.267	3	12	1
1700000434.0	NaN	-33.831	3	12	1
1700000435.0	NaN	-31.719	3	12	1
1700000436.0	NaN	-32.780	3	12	1
1700000437.0	NaN	-34.575	3	12	1
1700000438.0	NaN	-39.108	3	12	1
1700000439.0	NaN	-39.264	3	12	1
1700000440.0	NaN	-42.596	3	12	1
1700000441.0	NaN	-39.404	3	12	1
1700000442.0	NaN	-42.832	3	12	1
1700000443.0	NaN	-42.709	3	12	1
1700000444.0	NaN	-48.269	3	12	1
1700000445.0	NaN	-48.991	3	12	1
1700000446.0	NaN	-46.294	3	12	1
1700000447.0	NaN	-47.209	3	12	1
1700000448.0	NaN	-48.890	3	12	1
1700000449.0	NaN	-49.871	3	12	1
1700000450.0	NaN	-49.112	3	12	1
1700000451.0	NaN	-47.308	3	12	1
1700000452.0	NaN	-47.799	3	12	1
1700000453.0	NaN	-51.987	3	12	1
1700000454.0	NaN	-51.367	3	12	1
1700000455.0	NaN	-49.389	3	12	1
1700000456.0	NaN	-44.702	3	12	1
1700000457.0	NaN	-44.369	3	12	1
1700000458.0	NaN	-44.027	3	12	1
1700000459.0	NaN	-45.144	3	12	1
1700000460.0	NaN	-43.623	3	12	1
1700000461.0	NaN	-40.021	3	12	1
1700000462.0	NaN	-42.071	3	12	1
1700000463.0	NaN	-41.916	3	12	1
1700000464.0	NaN	-44.052	3	12	1
1700000465.0	NaN	-45.470	3	12	1
1700000466.0	NaN	-45.859	3	12	1
1700000467.0	NaN	-44.863	3	12	1
1700000468.0	NaN	-46.584	3	12	1
1700000469.0	NaN	-47.199	3	12	1
1700000470.0	NaN	-44.416	3	12	1
1700000471.0	NaN	-43.396	3	12	1
1700000472.0	NaN	-41.981	3	12	1
1700000473.0	NaN	-41.182	3	12	1
1700000474.0	NaN	-41.582	3	12	1
1700000475.0	NaN	-40.734	3	12	1
1700000476.0	NaN	-39.680	3	12	1
1700000477.0	NaN	-39.693	3	12	1
1700000478.0	NaN	-37.605	3	12	1
1700000479.0	NaN	-37.607	3	12	1
1700000480.0	NaN	-35.774	3	12	1
1700000481.0	NaN	-35.742	3	12	1
1700000482.0	NaN	-34.260	3	12	1
1700000483.0	NaN	-35.651	3	12	1
1700000484.0	NaN	-36.811	3	12	1
1700000485.0	NaN	-39.194	3	12	1
1700000486.0	NaN	-36.744	3	12	1
1700000487.0	NaN	-35.711	3	12	1
1700000488.0	NaN	-35.290	3	12	1
1700000489.0	NaN	-34.035	3	12	1
1700000490.0	NaN	-35.743	3	12	1
1700000491.0	NaN	-35.551	3	12	1
1700000492.0	NaN	-36.601	3	12	1
1700000493.0	NaN	-40.426	3	12	1
1700000494.0	NaN	-40.982	3	12	1
1700000495.0	NaN	-42.779	3	12	1
1700000496.0	NaN	-39.869	3	12	1
1700000497.0	NaN	-41.410	3	12	1
1700000498.0	NaN	-42.691	3	12	1
1700000499.0	NaN	-40.695	3	12	1
1700000500.0	NaN	-40.728	3	12	1
1700000501.0	NaN	-43.471	3	12	1
1700000502.0	NaN	-43.015	3	12	1
1700000503.0	NaN	-44.570	3	12	1
1700000504.0	NaN	-41.088	3	12	1
1700000505.0	NaN	-43.266	3	12	1
1700000506.0	NaN	-44.798	3	12	1
1700000507.0	NaN	-50.422	3	12	1
1700000508.0	NaN	-51.813	3	12	1
1700000509.0	NaN	-47.988	3	12	1
1700000510.0	NaN	-48.255	3	12	1
1700000511.0	NaN	-50.232	3	12	1
1700000512.0	NaN	-49.652	3	12	1
1700000513.0	NaN	-50.259	3	12	1
1700000514.0	NaN	-50.354	3	12	1
1700000515.0	NaN	-45.267	3	12	1
1700000516.0	NaN	-41.152	3	12	1
1700000517.0	NaN	-37.891	3	12	1
1700000518.0	NaN	-34.496	3	12	1
1700000519.0	NaN	-36.394	3	12	1
1700000520.0	NaN	-40.409	3	12	1
1700000521.0	NaN	-38.898	3	12	1
1700000522.0	NaN	-38.100	3	12	1
1700000523.0	NaN	-38.021	3	12	1
1700000524.0	NaN	-38.276	3	12	1
1700000525.0	NaN	-36.814	3	12	1
1700000526.0	NaN	-35.666	3	12	1
1700000527.0	NaN	-35.143	3	12	1
1700000528.0	NaN	-34.144	3	12	1
1700000529.0	NaN	-34.569	3	12	1
1700000530.0	NaN	-35.338	3	12	1
1700000531.0	NaN	-32.489	3	12	1
1700000532.0	NaN	-33.004	3	12	1
1700000533.0	NaN	-28.932	3	12	1
1700000534.0	NaN	-27.615	3	12	1
1700000535.0	NaN	-27.493	3	12	1
1700000536.0	NaN	-25.204	3	12	1
1700000537.0	NaN	-26.223	3	12	1
1700000538.0	NaN	-26.618	3	12	1
1700000539.0	NaN	-27.323	3	12	1
1700000540.0	NaN	-27.332	3	12	1
1700000541.0	NaN	-25.938	3	12	1
1700000542.0	NaN	-21.681	3	12	1
1700000543.0	NaN	-20.617	3	12	1
1700000544.0	NaN	-22.805	3	12	1
1700000545.0	NaN	-24.500	3	12	1
1700000546.0	NaN	-28.214	3	12	1
1700000547.0	NaN	-26.730	3	12	1
1700000548.0	NaN	-24.936	3	12	1
1700000549.0	NaN	-24.263	3	12	1
1700000550.0	NaN	-23.530	3	12	1
1700000551.0	NaN	-22.457	3	12	1
1700000552.0	NaN	-21.589	3	12	1
1700000553.0	NaN	-20.274	3	12	1
1700000554.0	NaN	-19.817	3	12	1
1700000555.0	NaN	-21.842	3	12	1
1700000556.0	NaN	-19.920	3	12	1
1700000557.0	NaN	-17.188	3	12	1
1700000558.0	NaN	-20.550	3	12	1
1700000559.0	NaN	-21.031	3	12	1
1700000560.0	NaN	-23.361	3	12	1
1700000561.0	NaN	-22.326	3	12	1
1700000562.0	NaN	-22.921	3	12	1
1700000563.0	NaN	-20.011	3	12	1
1700000564.0	NaN	-17.741	3	12	1
1700000565.0	NaN	-18.699	3	12	1
1700000566.0	NaN	-19.684	3	12	1
1700000567.0	NaN	-20.889	3	12	1
1700000568.0	NaN	-19.718	3	12	1
1700000569.0	NaN	-21.635	3	12	1
1700000570.0	NaN	-20.746	3	12	1
1700000571.0	NaN	-23.614	3	12	1
1700000572.0	NaN	-21.479	3	12	1
1700000573.0	NaN	-20.510	3	12	1
1700000574.0	NaN	-22.892	3	12	1
1700000575.0	NaN	-24.504	3	12	1
1700000576.0	NaN	-24.226	3	12	1
1700000577.0	NaN	-23.658	3	12	1
1700000578.0	NaN	-29.519	3	12	1
1700000579.0	NaN	-29.111	3	12	1
1700000580.0	NaN	-26.021	3	12	1
1700000581.0	NaN	-26.944	3	12	1
1700000582.0	NaN	-29.725	3	12	1
1700000583.0	NaN	-27.239	3	12	1
1700000584.0	NaN	-26.754	3	12	1
1700000585.0	NaN	-26.364	3	12	1
1700000586.0	NaN	-25.108	3	12	1
1700000587.0	NaN	-27.633	3	12	1
1700000588.0	NaN	-29.016	3	12	1
1700000589.0	NaN	-31.338	3	12	1
1700000590.0	NaN	-33.673	3	12	1
1700000591.0	NaN	-34.339	3	12	1
1700000592.0	NaN	-36.510	3	12	1
1700000593.0	NaN	-33.224	3	12	1
1700000594.0	NaN	-32.206	3	12	1
1700000595.0	NaN	-30.522	3	12	1
1700000596.0	NaN	-33.928	3	12	1
1700000597.0	NaN	-34.384	3	12	1
1700000598.0	NaN	-34.706	3	12	1
1700000599.0	NaN	-34.387	3	12	1
1700000600.0	NaN	-33.484	3	12	1
1700000601.0	NaN	-35.132	3	12	1
1700000602.0	NaN	-37.022	3	12	1
1700000603.0	NaN	-35.080	3	12	1
1700000604.0	NaN	-30.477	3	12	1
1700000605.0	NaN	-26.233	3	12	1
1700000606.0	NaN	-26.824	3	12	1
1700000607.0	NaN	-28.443	3	12	1
1700000608.0	NaN	-28.069	3	12	1
1700000609.0	NaN	-27.116	3	12	1
1700000610.0	NaN	-23.511	3	12	1
1700000611.0	NaN	-24.000	3	12	1
1700000612.0	NaN	-25.536	3	12	1
1700000613.0	NaN	-23.414	3	12	1
1700000614.0	NaN	-24.906	3	12	1
1700000615.0	NaN	-26.675	3	12	1
1700000616.0	NaN	-25.594	3	12	1
1700000617.0	NaN	-26.001	3	12	1
1700000618.0	NaN	-28.168	3	12	1
1700000619.0	NaN	-28.719	3	12	1
1700000620.0	NaN	-29.578	3	12	1
1700000621.0	NaN	-30.048	3	12	1
1700000622.0	NaN	-31.572	3	12	1
1700000623.0	NaN	-30.396	3	12	1
1700000624.0	NaN	-31.137	3	12	1
1700000625.0	NaN	-32.378	3	12	1
1700000626.0	NaN	-30.225	3	12	1
1700000627.0	NaN	-32.130	3	12	1
1700000628.0	NaN	-30.602	3	12	1
1700000629.0	NaN	-29.412	3	12	1
1700000630.0	NaN	-30.030	3	12	1
1700000631.0	NaN	-29.602	3	12	1
1700000632.0	NaN	-32.647	3	12	1
1700000633.0	NaN	-32.156	3	12	1
1700000634.0	NaN	-34.279	3	12	1
1700000635.0	NaN	-36.046	3	12	1
1700000636.0	NaN	-35.527	3	12	1
1700000637.0	NaN	-37.038	3	12	1
1700000638.0	NaN	-36.782	3	12	1
1700000639.0	NaN	-35.956	3	12	1
1700000640.0	NaN	-33.837	3	12	1
1700000641.0	NaN	-33.036	3	12	1
1700000642.0	NaN	-30.932	3	12	1
1700000643.0	NaN	-32.474	3	12	1
1700000644.0	NaN	-33.239	3	12	1
1700000645.0	NaN	-31.932	3	12	1
1700000646.0	NaN	-29.539	3	12	1
1700000647.0	NaN	-28.634	3	12	1
1700000648.0	NaN	-29.726	3	12	1
1700000649.0	NaN	-31.917	3	12	1
1700000650.0	NaN	-33.866	3	12	1
1700000651.0	NaN	-31.597	3	12	1
1700000652.0	NaN	-33.601	3	12	1
1700000653.0	NaN	-34.086	3	12	1
1700000654.0	NaN	-32.811	3	12	1
1700000655.0	NaN	-31.936	3	12	1
1700000656.0	NaN	-33.377	3	12	1
1700000657.0	NaN	-29.347	3	12	1
1700000658.0	NaN	-29.026	3	12	1
1700000659.0	NaN	-28.469	3	12	1
1700000660.0	NaN	-26.828	3	12	1
1700000661.0	NaN	-27.473	3	12	1
1700000662.0	NaN	-26.077	3	12	1
1700000663.0	NaN	-26.374	3	12	1
1700000664.0	NaN	-28.182	3	12	1
1700000665.0	NaN	-30.124	3	12	1
1700000666.0	NaN	-29.363	3	12	1
1700000667.0	NaN	-29.171	3	12	1
1700000668.0	NaN	-29.503	3	12	1
1700000669.0	NaN	-30.436	3	12	1
1700000670.0	NaN	-30.947	3	12	1
1700000671.0	NaN	-29.348	3	12	1
1700000672.0	NaN	-27.132	3	12	1
1700000673.0	NaN	-27.652	3	12	1
1700000674.0	NaN	-27.136	3	12	1
1700000675.0	NaN	-30.907	3	12	1
1700000676.0	NaN	-33.240	3	12	1
1700000677.0	NaN	-34.673	3	12	1
1700000678.0	NaN	-36.523	3	12	1
1700000679.0	NaN	-35.127	3	12	1
1700000680.0	NaN	-39.352	3	12	1
1700000681.0	NaN	-38.371	3	12	1
1700000682.0	NaN	-36.999	3	12	1
1700000683.0	NaN	-32.547	3	12	1
1700000684.0	NaN	-33.548	3	12	1
1700000685.0	NaN	-32.639	3	12	1
1700000686.0	NaN	-29.655	3	12	1
1700000687.0	NaN	-27.771	3	12	1
1700000688.0	NaN	-29.671	3	12	1
1700000689.0	NaN	-30.392	3	12	1
1700000690.0	NaN	-32.720	3	12	1
1700000691.0	NaN	-32.587	3	12	1
1700000692.0	NaN	-31.209	3	12	1
1700000693.0	NaN	-28.469	3	12	1
1700000694.0	NaN	-27.347	3	12	1
1700000695.0	NaN	-25.548	3	12	1
1700000696.0	NaN	-23.418	3	12	1
1700000697.0	NaN	-25.078	3	12	1
1700000698.0	NaN	-23.727	3	12	1
1700000699.0	NaN	-21.766	3	12	1
1700000700.0	NaN	-22.135	3	12	1
1700000701.0	NaN	-24.065	3	12	1
1700000702.0	NaN	-23.757	3	12	1
1700000703.0	NaN	-23.447	3	12	1
1700000704.0	NaN	-22.056	3	12	1
1700000705.0	NaN	-25.668	3	12	1
1700000706.0	NaN	-26.418	3	12	1
1700000707.0	NaN	-22.351	3	12	1
1700000708.0	NaN	-19.752	3	12	1
1700000709.0	NaN	-20.056	3	12	1
1700000710.0	NaN	-20.647	3	12	1
1700000711.0	NaN	-21.188	3	12	1
1700000712.0	NaN	-23.141	3	12	1
1700000713.0	NaN	-24.060	3	12	1
1700000714.0	NaN	-24.145	3	12	1
1700000715.0	NaN	-26.563	3	12	1
1700000716.0	NaN	-26.719	3	12	1
1700000717.0	NaN	-26.185	3	12	1
1700000718.0	NaN	-28.768	3	12	1
1700000719.0	NaN	-29.680	3	12	1
1700000720.0	NaN	-32.807	3	12	1
1700000721.0	NaN	-32.726	3	12	1
1700000722.0	NaN	-32.286	3	12	1
1700000723.0	NaN	-33.329	3	12	1
1700000724.0	NaN	-33.187	3	12	1
1700000725.0	NaN	-32.079	3	12	1
1700000726.0	NaN	-30.709	3	12	1
1700000727.0	NaN	-33.398	3	12	1
1700000728.0	NaN	-34.047	3	12	1
1700000729.0	NaN	-36.946	3	12	1
1700000730.0	NaN	-40.749	3	12	1
1700000731.0	NaN	-38.702	3	12	1
1700000732.0	NaN	-37.173	3	12	1
1700000733.0	NaN	-34.624	3	12	1
1700000734.0	NaN	-33.083	3	12	1
1700000735.0	NaN	-34.098	3	12	1
1700000736.0	NaN	-33.677	3	12	1
1700000737.0	NaN	-34.768	3	12	1
1700000738.0	NaN	-32.038	3	12	1
1700000739.0	NaN	-36.778	3	12	1
1700000740.0	NaN	-35.973	3	12	1
1700000741.0	NaN	-37.092	3	12	1
1700000742.0	NaN	-35.653	3	12	1
1700000743.0	NaN	-33.240	3	12	1
1700000744.0	NaN	-34.516	3	12	1
1700000745.0	NaN	-31.776	3	12	1
1700000746.0	NaN	-29.594	3	12	1
1700000747.0	NaN	-32.768	3	12	1
1700000748.0	NaN	-29.095	3	12	1
1700000749.0	NaN	-31.471	3	12	1
1700000750.0	NaN	-34.196	3	12	1
1700000751.0	NaN	-32.302	3	12	1
1700000752.0	NaN	-33.753	3	12	1
1700000753.0	NaN	-33.307	3	12	1
1700000754.0	NaN	-33.400	3	12	1
1700000755.0	NaN	-35.452	3	12	1
1700000756.0	NaN	-32.237	3	12	1
1700000757.0	NaN	-29.252	3	12	1
1700000758.0	NaN	-29.098	3	12	1
1700000759.0	NaN	-25.928	3	12	1
1700000760.0	NaN	-25.944	3	12	1
1700000761.0	NaN	-25.426	3	12	1
1700000762.0	NaN	-26.035	3	12	1
1700000763.0	NaN	-28.691	3	12	1
1700000764.0	NaN	-29.378	3	12	1
1700000765.0	NaN	-31.295	3	12	1
1700000766.0	NaN	-30.473	3	12	1
1700000767.0	NaN	-30.173	3	12	1
1700000768.0	NaN	-31.326	3	12	1
1700000769.0	NaN	-28.750	3	12	1
1700000770.0	NaN	-28.002	3	12	1
1700000771.0	NaN	-24.338	3	12	1
1700000772.0	NaN	-25.122	3	12	1
1700000773.0	NaN	-25.898	3	12	1
1700000774.0	NaN	-27.378	3	12	1
1700000775.0	NaN	-26.905	3	12	1
1700000776.0	NaN	-27.229	3	12	1
1700000777.0	NaN	-27.155	3	12	1
1700000778.0	NaN	-23.632	3	12	1
1700000779.0	NaN	-22.030	3	12	1
1700000780.0	NaN	-23.278	3	12	1
1700000781.0	NaN	-22.462	3	12	1
1700000782.0	NaN	-22.986	3	12	1
1700000783.0	NaN	-23.599	3	12	1
1700000784.0	NaN	-24.028	3	12	1
1700000785.0	NaN	-23.892	3	12	1
1700000786.0	NaN	-22.601	3	12	1
1700000787.0	NaN	-20.564	3	12	1
1700000788.0	NaN	-20.483	3	12	1
1700000789.0	NaN	-22.108	3	12	1
1700000790.0	NaN	-22.110	3	12	1
1700000791.0	NaN	-22.490	3	12	1
1700000792.0	NaN	-23.025	3	12	1
1700000793.0	NaN	-25.460	3	12	1
1700000794.0	NaN	-25.728	3	12	1
1700000795.0	NaN	-29.370	3	12	1
1700000796.0	NaN	-26.832	3	12	1
1700000797.0	NaN	-25.356	3	12	1
1700000798.0	NaN	-23.848	3	12	1
1700000799.0	NaN	-25.719	3	12	1
1700000800.0	NaN	-25.236	3	12	1
1700000801.0	NaN	-22.666	3	12	1
1700000802.0	NaN	-23.095	3	12	1
1700000803.0	NaN	-25.237	3	12	1
1700000804.0	NaN	-25.459	3	12	1
1700000805.0	NaN	-29.997	3	12	1
1700000806.0	NaN	-28.116	3	12	1
1700000807.0	NaN	-27.238	3	12	1
1700000808.0	NaN	-29.990	3	12	1
1700000809.0	NaN	-28.584	3	12	1
1700000810.0	NaN	-26.294	3	12	1
1700000811.0	NaN	-25.002	3	12	1
1700000812.0	NaN	-23.664	3	12	1
1700000813.0	NaN	-20.571	3	12	1
1700000814.0	NaN	-20.120	3	12	1
1700000815.0	NaN	-17.298	3	12	1
1700000816.0	NaN	-17.701	3	12	1
1700000817.0	NaN	-19.076	3	12	1
1700000818.0	NaN	-19.720	3	12	1
1700000819.0	NaN	-21.810	3	12	1
1700000820.0	NaN	-21.019	3	12	1
1700000821.0	NaN	-22.422	3	12	1
1700000822.0	NaN	-21.684	3	12	1
1700000823.0	NaN	-21.047	3	12	1
1700000824.0	NaN	-17.775	3	12	1
1700000825.0	NaN	-14.228	3	12	1
1700000826.0	NaN	-15.320	3	12	1
1700000827.0	NaN	-15.664	3	12	1
1700000828.0	NaN	-15.993	3	12	1
1700000829.0	NaN	-17.227	3	12	1
1700000830.0	NaN	-13.603	3	12	1
1700000831.0	NaN	-11.120	3	12	1
1700000832.0	NaN	-11.550	3	12	1
1700000833.0	NaN	-14.314	3	12	1
1700000834.0	NaN	-15.592	3	12	1
1700000835.0	NaN	-15.535	3	12	1
1700000836.0	NaN	-12.380	3	12	1
1700000837.0	NaN	-14.944	3	12	1
1700000838.0	NaN	-12.037	3	12	1
1700000839.0	NaN	-14.903	3	12	1
1700000840.0	NaN	-14.200	3	12	1
1700000841.0	NaN	-16.522	3	12	1
1700000842.0	NaN	-17.376	3	12	1
1700000843.0	NaN	-22.160	3	12	1
1700000844.0	NaN	-20.960	3	12	1
1700000845.0	NaN	-20.897	3	12	1
1700000846.0	NaN	-22.983	3	12	1
1700000847.0	NaN	-27.252	3	12	1
1700000848.0	NaN	-27.397	3	12	1
1700000849.0	NaN	-27.451	3	12	1
1700000850.0	NaN	-30.361	3	12	1
1700000851.0	NaN	-29.396	3	12	1
1700000852.0	NaN	-29.651	3	12	1
1700000853.0	NaN	-31.935	3	12	1
1700000854.0	NaN	-33.551	3	12	1
1700000855.0	NaN	-38.484	3	12	1
1700000856.0	NaN	-37.038	3	12	1
1700000857.0	NaN	-35.089	3	12	1
1700000858.0	NaN	-35.493	3	12	1
1700000859.0	NaN	-38.030	3	12	1
1700000860.0	NaN	-40.304	3	12	1
1700000861.0	NaN	-40.935	3	12	1
1700000862.0	NaN	-42.726	3	12	1
1700000863.0	NaN	-42.173	3	12	1
1700000864.0	NaN	-43.941	3	12	1
1700000865.0	NaN	-42.158	3	12	1
1700000866.0	NaN	-39.800	3	12	1
1700000867.0	NaN	-41.013	3	12	1
1700000868.0	NaN	-42.665	3	12	1
1700000869.0	NaN	-48.609	3	12	1
1700000870.0	NaN	-48.566	3	12	1
1700000871.0	NaN	-47.837	3	12	1
1700000872.0	NaN	-49.747	3	12	1
1700000873.0	NaN	-47.537	3	12	1
1700000874.0	NaN	-48.906	3	12	1
1700000875.0	NaN	-51.292	3	12	1
1700000876.0	NaN	-49.669	3	12	1
1700000877.0	NaN	-48.777	3	12	1
1700000878.0	NaN	-52.941	3	12	1
1700000879.0	NaN	-54.365	3	12	1
1700000880.0	NaN	-56.969	3	12	1
1700000881.0	NaN	-57.434	3	12	1
1700000882.0	NaN	-57.100	3	12	1
1700000883.0	NaN	-58.046	3	12	1
1700000884.0	NaN	-57.769	3	12	1
1700000885.0	NaN	-55.995	3	12	1
1700000886.0	NaN	-56.668	3	12	1
1700000887.0	NaN	-59.237	3	12	1
1700000888.0	NaN	-61.230	3	12	1
1700000889.0	NaN	-59.588	3	12	1
1700000890.0	NaN	-56.175	3	12	1
1700000891.0	NaN	-56.550	3	12	1
1700000892.0	NaN	-55.821	3	12	1
1700000893.0	NaN	-57.465	3	12	1
1700000894.0	NaN	-58.655	3	12	1
1700000895.0	NaN	-56.760	3	12	1
1700000896.0	NaN	-57.816	3	12	1
1700000897.0	NaN	-57.496	3	12	1
1700000898.0	NaN	-57.280	3	12	1
1700000899.0	NaN	-54.990	3	12	1
1700000900.0	NaN	-54.547	3	12	1
1700000901.0	NaN	-54.692	3	12	1
1700000902.0	NaN	-55.324	3	12	1
1700000903.0	NaN	-56.422	3	12	1
1700000904.0	NaN	-54.421	3	12	1
1700000905.0	NaN	-50.172	3	12	1
1700000906.0	NaN	-53.359	3	12	1
1700000907.0	NaN	-51.339	3	12	1
1700000908.0	NaN	-53.356	3	12	1
1700000909.0	NaN	-54.621	3	12	1
1700000910.0	NaN	-55.267	3	12	1
1700000911.0	NaN	-56.184	3	12	1
1700000912.0	NaN	-56.966	3	12	1
1700000913.0	NaN	-58.201	3	12	1
1700000914.0	NaN	-54.643	3	12	1
1700000915.0	NaN	-57.572	3	12	1
1700000916.0	NaN	-58.908	3	12	1
1700000917.0	NaN	-60.489	3	12	1
1700000918.0	NaN	-60.140	3	12	1
1700000919.0	NaN	-62.749	3	12	1
1700000920.0	NaN	-62.809	3	12	1
1700000921.0	NaN	-62.609	3	12	1
1700000922.0	NaN	-58.749	3	12	1
1700000923.0	NaN	-57.494	3	12	1
1700000924.0	NaN	-57.643	3	12	1
1700000925.0	NaN	-57.463	3	12	1
1700000926.0	NaN	-53.815	3	12	1
1700000927.0	NaN	-54.066	3	12	1
1700000928.0	NaN	-55.472	3	12	1
1700000929.0	NaN	-56.737	3	12	1
1700000930.0	NaN	-57.495	3	12	1
1700000931.0	NaN	-55.763	3	12	1
1700000932.0	NaN	-57.783	3	12	1
1700000933.0	NaN	-58.968	3	12	1
1700000934.0	NaN	-59.048	3	12	1
1700000935.0	NaN	-60.926	3	12	1
1700000936.0	NaN	-59.663	3	12	1
1700000937.0	NaN	-60.476	3	12	1
1700000938.0	NaN	-59.515	3	12	1
1700000939.0	NaN	-58.522	3	12	1
1700000940.0	NaN	-55.580	3	12	1
1700000941.0	NaN	-52.146	3	12	1
1700000942.0	NaN	-53.897	3	12	1
1700000943.0	NaN	-56.549	3	12	1
1700000944.0	NaN	-58.893	3	12	1
1700000945.0	NaN	-57.975	3	12	1
1700000946.0	NaN	-56.953	3	12	1
1700000947.0	NaN	-56.984	3	12	1
1700000948.0	NaN	-57.088	3	12	1
1700000949.0	NaN	-54.085	3	12	1
1700000950.0	NaN	-52.337	3	12	1
1700000951.0	NaN	-51.918	3	12	1
1700000952.0	NaN	-50.710	3	12	1
1700000953.0	NaN	-53.726	3	12	1
1700000954.0	NaN	-51.400	3	12	1
1700000955.0	NaN	-47.311	3	12	1
1700000956.0	NaN	-47.043	3	12	1
1700000957.0	NaN	-47.922	3	12	1
1700000958.0	NaN	-45.473	3	12	1
1700000959.0	NaN	-46.477	3	12	1
1700000960.0	NaN	-46.302	3	12	1
1700000961.0	NaN	-45.101	3	12	1
1700000962.0	NaN	-45.423	3	12	1
1700000963.0	NaN	-44.032	3	12	1
1700000964.0	NaN	-47.900	3	12	1
1700000965.0	NaN	-52.766	3	12	1
1700000966.0	NaN	-51.317	3	12	1
1700000967.0	NaN	-50.273	3	12	1
1700000968.0	NaN	-49.837	3	12	1
1700000969.0	NaN	-50.621	3	12	1
1700000970.0	NaN	-50.541	3	12	1
1700000971.0	NaN	-49.672	3	12	1
1700000972.0	NaN	-51.959	3	12	1
1700000973.0	NaN	-51.462	3	12	1
1700000974.0	NaN	-53.028	3	12	1
1700000975.0	NaN	-48.885	3	12	1
1700000976.0	NaN	-48.169	3	12	1
1700000977.0	NaN	-47.632	3	12	1
1700000978.0	NaN	-45.625	3	12	1
1700000979.0	NaN	-43.752	3	12	1
1700000980.0	NaN	-41.864	3	12	1
1700000981.0	NaN	-43.159	3	12	1
1700000982.0	NaN	-42.861	3	12	1
1700000983.0	NaN	-41.100	3	12	1
1700000984.0	NaN	-40.658	3	12	1
1700000985.0	NaN	-40.416	3	12	1
1700000986.0	NaN	-41.547	3	12	1
1700000987.0	NaN	-41.171	3	12	1
1700000988.0	NaN	-38.419	3	12	1
1700000989.0	NaN	-40.807	3	12	1
1700000990.0	NaN	-43.518	3	12	1
1700000991.0	NaN	-45.904	3	12	1
1700000992.0	NaN	-48.982	3	12	1
1700000993.0	NaN	-46.452	3	12	1
1700000994.0	NaN	-42.709	3	12	1
1700000995.0	NaN	-41.719	3	12	1
1700000996.0	NaN	-41.538	3	12	1
1700000997.0	NaN	-38.790	3	12	1
1700000998.0	NaN	-36.696	3	12	1
1700000999.0	NaN	-41.205	3	12	1
1700001000.0	NaN	-41.336	3	12	1
1700001001.0	NaN	-36.465	3	12	1
1700001002.0	NaN	-37.240	3	12	1
1700001003.0	NaN	-38.643	3	12	1
1700001004.0	NaN	-39.866	3	12	1
1700001005.0	NaN	-36.735	3	12	1
1700001006.0	NaN	-37.599	3	12	1
1700001007.0	NaN	-36.754	3	12	1
1700001008.0	NaN	-34.360	3	12	1
1700001009.0	NaN	-33.988	3	12	1
1700001010.0	NaN	-33.940	3	12	1
1700001011.0	NaN	-35.991	3	12	1
1700001012.0	NaN	-38.432	3	12	1
1700001013.0	NaN	-36.282	3	12	1
1700001014.0	NaN	-38.845	3	12	1
1700001015.0	NaN	-36.710	3	12	1
1700001016.0	NaN	-34.229	3	12	1
1700001017.0	NaN	-31.244	3	12	1
1700001018.0	NaN	-31.598	3	12	1
1700001019.0	NaN	-33.258	3	12	1
1700001020.0	NaN	-33.055	3	12	1
1700001021.0	NaN	-30.474	3	12	1
1700001022.0	NaN	-29.381	3	12	1
1700001023.0	NaN	-28.422	3	12	1
1700001024.0	NaN	-28.657	3	12	1
1700001025.0	NaN	-26.817	3	12	1
1700001026.0	NaN	-30.672	3	12	1
1700001027.0	NaN	-32.989	3	12	1
1700001028.0	NaN	-29.893	3	12	1
1700001029.0	NaN	-28.949	3	12	1
1700001030.0	NaN	-27.545	3	12	1
1700001031.0	NaN	-31.306	3	12	1
1700001032.0	NaN	-32.975	3	12	1
1700001033.0	NaN	-33.818	3	12	1
1700001034.0	NaN	-34.011	3	12	1
1700001035.0	NaN	-31.655	3	12	1
1700001036.0	NaN	-32.765	3	12	1
1700001037.0	NaN	-32.504	3	12	1
1700001038.0	NaN	-33.926	3	12	1
1700001039.0	NaN	-34.367	3	12	1
1700001040.0	NaN	-33.618	3	12	1
1700001041.0	NaN	-32.789	3	12	1
1700001042.0	NaN	-30.812	3	12	1
1700001043.0	NaN	-33.292	3	12	1
1700001044.0	NaN	-31.741	3	12	1
1700001045.0	NaN	-30.836	3	12	1
1700001046.0	NaN	-32.397	3	12	1
1700001047.0	NaN	-29.800	3	12	1
1700001048.0	NaN	-31.113	3	12	1
1700001049.0	NaN	-31.830	3	12	1
1700001050.0	NaN	-30.772	3	12	1
1700001051.0	NaN	-27.958	3	12	1
1700001052.0	NaN	-28.757	3	12	1
1700001053.0	NaN	-25.828	3	12	1
1700001054.0	NaN	-25.018	3	12	1
1700001055.0	NaN	-26.524	3	12	1
1700001056.0	NaN	-25.073	3	12	1
1700001057.0	NaN	-24.934	3	12	1
1700001058.0	NaN	-26.349	3	12	1
1700001059.0	NaN	-26.635	3	12	1
1700001060.0	NaN	-24.158	3	12	1
1700001061.0	NaN	-23.457	3	12	1
1700001062.0	NaN	-23.936	3	12	1
1700001063.0	NaN	-22.327	3	12	1
1700001064.0	NaN	-25.086	3	12	1
1700001065.0	NaN	-23.787	3	12	1
1700001066.0	NaN	-21.144	3	12	1
1700001067.0	NaN	-23.422	3	12	1
1700001068.0	NaN	-25.591	3	12	1
1700001069.0	NaN	-27.279	3	12	1
1700001070.0	NaN	-27.680	3	12	1
1700001071.0	NaN	-29.154	3	12	1
1700001072.0	NaN	-29.178	3	12	1
1700001073.0	NaN	-31.140	3	12	1
1700001074.0	NaN	-30.574	3	12	1
1700001075.0	NaN	-29.435	3	12	1
1700001076.0	NaN	-28.532	3	12	1
1700001077.0	NaN	-29.650	3	12	1
1700001078.0	NaN	-27.991	3	12	1
1700001079.0	NaN	-31.047	3	12	1
1700001080.0	NaN	-32.331	3	12	1
1700001081.0	NaN	-32.476	3	12	1
1700001082.0	NaN	-29.936	3	12	1
1700001083.0	NaN	-30.687	3	12	1
1700001084.0	NaN	-29.466	3	12	1
1700001085.0	NaN	-26.230	3	12	1
1700001086.0	NaN	-22.326	3	12	1
1700001087.0	NaN	-18.891	3	12	1
1700001088.0	NaN	-20.447	3	12	1
1700001089.0	NaN	-19.905	3	12	1
1700001090.0	NaN	-18.897	3	12	1
1700001091.0	NaN	-17.557	3	12	1
1700001092.0	NaN	-16.526	3	12	1
1700001093.0	NaN	-16.744	3	12	1
1700001094.0	NaN	-16.635	3	12	1
1700001095.0	NaN	-19.334	3	12	1
1700001096.0	NaN	-17.897	3	12	1
1700001097.0	NaN	-17.244	3	12	1
1700001098.0	NaN	-18.365	3	12	1
1700001099.0	NaN	-14.805	3	12	1
1700001100.0	NaN	-14.765	3	12	1
1700001101.0	NaN	-16.031	3	12	1
1700001102.0	NaN	-14.844	3	12	1
1700001103.0	NaN	-13.953	3	12	1
1700001104.0	NaN	-12.647	3	12	1
1700001105.0	NaN	-12.804	3	12	1
1700001106.0	NaN	-11.271	3	12	1
1700001107.0	NaN	-11.011	3	12	1
1700001108.0	NaN	-8.610	3	12	1
1700001109.0	NaN	-7.945	3	12	1
1700001110.0	NaN	-9.531	3	12	1
1700001111.0	NaN	-11.519	3	12	1
1700001112.0	NaN	-10.366	3	12	1
1700001113.0	NaN	-8.497	3	12	1
1700001114.0	NaN	-11.350	3	12	1
1700001115.0	NaN	-10.122	3	12	1
1700001116.0	NaN	-10.235	3	12	1
1700001117.0	NaN	-9.664	3	12	1
1700001118.0	NaN	-11.235	3	12	1
1700001119.0	NaN	-13.405	3	12	1
1700001120.0	NaN	-14.537	3	12	1
1700001121.0	NaN	-16.109	3	12	1
1700001122.0	NaN	-16.907	3	12	1
1700001123.0	NaN	-16.681	3	12	1
1700001124.0	NaN	-16.571	3	12	1
1700001125.0	NaN	-12.825	3	12	1
1700001126.0	NaN	-14.660	3	12	1
1700001127.0	NaN	-15.501	3	12	1
1700001128.0	NaN	-15.285	3	12	1
1700001129.0	NaN	-14.044	3	12	1
1700001130.0	NaN	-16.052	3	12	1
1700001131.0	NaN	-18.857	3	12	1
1700001132.0	NaN	-18.327	3	12	1
1700001133.0	NaN	-17.557	3	12	1
1700001134.0	NaN	-16.382	3	12	1
1700001135.0	NaN	-15.093	3	12	1
1700001136.0	NaN	-18.085	3	12	1
1700001137.0	NaN	-15.964	3	12	1
1700001138.0	NaN	-16.181	3	12	1
1700001139.0	NaN	-12.053	3	12	1
1700001140.0	NaN	-12.795	3	12	1
1700001141.0	NaN	-17.011	3	12	1
1700001142.0	NaN	-17.213	3	12	1
1700001143.0	NaN	-16.814	3	12	1
1700001144.0	NaN	-16.163	3	12	1
1700001145.0	NaN	-15.730	3	12	1
1700001146.0	NaN	-16.746	3	12	1
1700001147.0	NaN	-19.999	3	12	1
1700001148.0	NaN	-20.315	3	12	1
1700001149.0	NaN	-20.921	3	12	1
1700001150.0	NaN	-22.194	3	12	1
1700001151.0	NaN	-22.058	3	12	1
1700001152.0	NaN	-22.632	3	12	1
1700001153.0	NaN	-26.583	3	12	1
1700001154.0	NaN	-28.205	3	12	1
1700001155.0	NaN	-29.831	3	12	1
1700001156.0	NaN	-30.319	3	12	1
1700001157.0	NaN	-27.097	3	12	1
1700001158.0	NaN	-27.153	3	12	1
1700001159.0	NaN	-26.056	3	12	1
1700001160.0	NaN	-30.168	3	12	1
1700001161.0	NaN	-27.770	3	12	1
1700001162.0	NaN	-28.808	3	12	1
1700001163.0	NaN	-27.744	3	12	1
1700001164.0	NaN	-29.852	3	12	1
1700001165.0	NaN	-29.903	3	12	1
1700001166.0	NaN	-28.289	3	12	1
1700001167.0	NaN	-28.323	3	12	1
1700001168.0	NaN	-27.869	3	12	1
1700001169.0	NaN	-29.344	3	12	1
1700001170.0	NaN	-30.728	3	12	1
1700001171.0	NaN	-30.180	3	12	1
1700001172.0	NaN	-30.526	3	12	1
1700001173.0	NaN	-30.255	3	12	1
1700001174.0	NaN	-31.544	3	12	1
1700001175.0	NaN	-32.289	3	12	1
1700001176.0	NaN	-30.801	3	12	1
1700001177.0	NaN	-28.022	3	12	1
1700001178.0	NaN	-28.786	3	12	1
1700001179.0	NaN	-30.036	3	12	1
1700001180.0	NaN	-29.776	3	12	1
1700001181.0	NaN	-27.948	3	12	1
1700001182.0	NaN	-27.383	3	12	1
1700001183.0	NaN	-25.243	3	12	1
1700001184.0	NaN	-25.595	3	12	1
1700001185.0	NaN	-27.456	3	12	1
1700001186.0	NaN	-31.134	3	12	1
1700001187.0	NaN	-29.452	3	12	1
1700001188.0	NaN	-28.934	3	12	1
1700001189.0	NaN	-30.180	3	12	1
1700001190.0	NaN	-29.473	3	12	1
1700001191.0	NaN	-31.717	3	12	1
1700001192.0	NaN	-29.688	3	12	1
1700001193.0	NaN	-27.647	3	12	1
1700001194.0	NaN	-25.341	3	12	1
1700001195.0	NaN	-26.186	3	12	1
1700001196.0	NaN	-23.384	3	12	1
1700001197.0	NaN	-21.755	3	12	1
1700001198.0	NaN	-18.623	3	12	1
1700001199.0	NaN	-21.927	3	12	1
1700001200.0	NaN	-20.090	3	12	1
1700001201.0	NaN	-17.506	3	12	1
1700001202.0	NaN	-18.040	3	12	1
1700001203.0	NaN	-16.147	3	12	1
1700001204.0	NaN	-15.893	3	12	1
1700001205.0	NaN	-13.020	3	12	1
1700001206.0	NaN	-13.459	3	12	1
1700001207.0	NaN	-13.337	3	12	1
1700001208.0	NaN	-15.608	3	12	1
1700001209.0	NaN	-11.550	3	12	1
1700001210.0	NaN	-13.141	3	12	1
1700001211.0	NaN	-15.170	3	12	1
1700001212.0	NaN	-16.906	3	12	1
1700001213.0	NaN	-16.713	3	12	1
1700001214.0	NaN	-16.567	3	12	1
1700001215.0	NaN	-15.684	3	12	1
1700001216.0	NaN	-12.614	3	12	1
1700001217.0	NaN	-10.647	3	12	1
1700001218.0	NaN	-13.454	3	12	1
1700001219.0	NaN	-13.076	3	12	1
1700001220.0	NaN	-13.401	3	12	1
1700001221.0	NaN	-11.890	3	12	1
1700001222.0	NaN	-11.615	3	12	1
1700001223.0	NaN	-8.976	3	12	1
1700001224.0	NaN	-8.675	3	12	1
1700001225.0	NaN	-4.805	3	12	1
1700001226.0	NaN	-6.636	3	12	1
1700001227.0	NaN	-4.316	3	12	1
1700001228.0	NaN	-2.486	3	12	1
1700001229.0	NaN	-3.879	3	12	1
1700001230.0	NaN	-6.454	3	12	1
1700001231.0	NaN	-7.702	3	12	1
1700001232.0	NaN	-6.927	3	12	1
1700001233.0	NaN	-3.661	3	12	1
1700001234.0	NaN	-6.497	3	12	1
1700001235.0	NaN	-7.021	3	12	1
1700001236.0	NaN	-9.471	3	12	1
1700001237.0	NaN	-7.896	3	12	1
1700001238.0	NaN	-7.565	3	12	1
1700001239.0	NaN	-7.468	3	12	1
1700001240.0	NaN	-5.980	3	12	1
1700001241.0	NaN	-5.351	3	12	1
1700001242.0	NaN	-2.448	3	12	1
1700001243.0	NaN	-2.979	3	12	1
1700001244.0	NaN	-4.104	3	12	1
1700001245.0	NaN	-4.050	3	12	1
1700001246.0	NaN	-4.088	3	12	1
1700001247.0	NaN	-1.545	3	12	1
1700001248.0	NaN	-2.273	3	12	1
1700001249.0	NaN	-3.267	3	12	1
1700001250.0	NaN	-4.554	3	12	1
1700001251.0	NaN	-6.026	3	12	1
1700001252.0	NaN	-9.842	3	12	1
1700001253.0	NaN	-9.547	3	12	1
1700001254.0	NaN	-8.526	3	12	1
1700001255.0	NaN	-8.169	3	12	1
1700001256.0	NaN	-9.640	3	12	1
1700001257.0	NaN	-7.806	3	12	1
1700001258.0	NaN	-6.374	3	12	1
1700001259.0	NaN	-5.838	3	12	1
1700001260.0	NaN	-4.560	3	12	1
1700001261.0	NaN	-4.736	3	12	1
1700001262.0	NaN	-3.915	3	12	1
1700001263.0	NaN	-2.831	3	12	1
1700001264.0	NaN	-5.174	3	12	1
1700001265.0	NaN	-6.123	3	12	1
1700001266.0	NaN	-7.488	3	12	1
1700001267.0	NaN	-6.684	3	12	1
1700001268.0	NaN	-11.715	3	12	1
1700001269.0	NaN	-11.126	3	12	1
1700001270.0	NaN	-11.127	3	12	1
1700001271.0	NaN	-11.449	3	12	1
1700001272.0	NaN	-10.644	3	12	1
1700001273.0	NaN	-13.535	3	12	1
1700001274.0	NaN	-13.074	3	12	1
1700001275.0	NaN	-14.529	3	12	1
1700001276.0	NaN	-15.706	3	12	1
1700001277.0	NaN	-12.982	3	12	1
1700001278.0	NaN	-13.616	3	12	1
1700001279.0	NaN	-11.511	3	12	1
1700001280.0	NaN	-11.555	3	12	1
1700001281.0	NaN	-12.116	3	12	1
1700001282.0	NaN	-12.838	3	12	1
1700001283.0	NaN	-15.649	3	12	1
1700001284.0	NaN	-16.293	3	12	1
1700001285.0	NaN	-15.993	3	12	1
1700001286.0	NaN	-13.210	3	12	1
1700001287.0	NaN	-11.710	3	12	1
1700001288.0	NaN	-10.067	3	12	1
1700001289.0	NaN	-11.855	3	12	1
1700001290.0	NaN	-13.280	3	12	1
1700001291.0	NaN	-12.526	3	12	1
1700001292.0	NaN	-11.468	3	12	1
1700001293.0	NaN	-13.523	3	12	1
1700001294.0	NaN	-11.467	3	12	1
1700001295.0	NaN	-12.689	3	12	1
1700001296.0	NaN	-12.142	3	12	1
1700001297.0	NaN	-13.044	3	12	1
1700001298.0	NaN	-11.581	3	12	1
1700001299.0	NaN	-9.851	3	12	1
1700001300.0	NaN	-7.821	3	12	1
1700001301.0	NaN	-9.567	3	12	1
1700001302.0	NaN	-9.245	3	12	1
1700001303.0	NaN	-4.816	3	12	1
1700001304.0	NaN	-4.772	3	12	1
1700001305.0	NaN	-3.822	3	12	1
1700001306.0	NaN	-3.544	3	12	1
1700001307.0	NaN	-4.502	3	12	1
1700001308.0	NaN	-1.105	3	12	1
1700001309.0	NaN	2.004	3	12	1
1700001310.0	NaN	0.694	3	12	1
1700001311.0	NaN	1.730	3	12	1
1700001312.0	NaN	5.411	3	12	1
1700001313.0	NaN	6.367	3	12	1
1700001314.0	NaN	6.565	3	12	1
1700001315.0	NaN	8.530	3	12	1
1700001316.0	NaN	10.193	3	12	1
1700001317.0	NaN	7.857	3	12	1
1700001318.0	NaN	6.300	3	12	1
1700001319.0	NaN	9.464	3	12	1
1700001320.0	NaN	8.393	3	12	1
1700001321.0	NaN	8.345	3	12	1
1700001322.0	NaN	7.113	3	12	1
1700001323.0	NaN	10.906	3	12	1
1700001324.0	NaN	8.514	3	12	1
1700001325.0	NaN	8.902	3	12	1
1700001326.0	NaN	8.179	3	12	1
1700001327.0	NaN	7.636	3	12	1
1700001328.0	NaN	5.276	3	12	1
1700001329.0	NaN	3.740	3	12	1
1700001330.0	NaN	3.375	3	12	1
1700001331.0	NaN	3.897	3	12	1
1700001332.0	NaN	0.308	3	12	1
1700001333.0	NaN	0.517	3	12	1
1700001334.0	NaN	-1.166	3	12	1
1700001335.0	NaN	-1.239	3	12	1
1700001336.0	NaN	-2.086	3	12	1
1700001337.0	NaN	-2.296	3	12	1
1700001338.0	NaN	-2.747	3	12	1
1700001339.0	NaN	-1.809	3	12	1
1700001340.0	NaN	-1.773	3	12	1
1700001341.0	NaN	-5.066	3	12	1
1700001342.0	NaN	-9.769	3	12	1
1700001343.0	NaN	-12.586	3	12	1
1700001344.0	NaN	-12.004	3	12	1
1700001345.0	NaN	-15.292	3	12	1
1700001346.0	NaN	-17.271	3	12	1
1700001347.0	NaN	-13.647	3	12	1
1700001348.0	NaN	-14.347	3	12	1
1700001349.0	NaN	-14.726	3	12	1
1700001350.0	NaN	-14.053	3	12	1
1700001351.0	NaN	-12.786	3	12	1
1700001352.0	NaN	-13.792	3	12	1
1700001353.0	NaN	-13.575	3	12	1
1700001354.0	NaN	-17.571	3	12	1
1700001355.0	NaN	-16.925	3	12	1
1700001356.0	NaN	-15.781	3	12	1
1700001357.0	NaN	-19.191	3	12	1
1700001358.0	NaN	-17.388	3	12	1
1700001359.0	NaN	-13.627	3	12	1
1700001360.0	NaN	-18.674	3	12	1
1700001361.0	NaN	-19.078	3	12	1
1700001362.0	NaN	-16.314	3	12	1
1700001363.0	NaN	-14.956	3	12	1
1700001364.0	NaN	-16.348	3	12	1
1700001365.0	NaN	-17.567	3	12	1
1700001366.0	NaN	-18.308	3	12	1
1700001367.0	NaN	-16.965	3	12	1
1700001368.0	NaN	-18.660	3	12	1
1700001369.0	NaN	-21.570	3	12	1
1700001370.0	NaN	-21.318	3	12	1
1700001371.0	NaN	-22.859	3	12	1
1700001372.0	NaN	-19.538	3	12	1
1700001373.0	NaN	-21.588	3	12	1
1700001374.0	NaN	-21.051	3	12	1
1700001375.0	NaN	-21.502	3	12	1
1700001376.0	NaN	-24.432	3	12	1
1700001377.0	NaN	-25.455	3	12	1
1700001378.0	NaN	-29.403	3	12	1
1700001379.0	NaN	-28.660	3	12	1
1700001380.0	NaN	-30.567	3	12	1
1700001381.0	NaN	-33.038	3	12	1
1700001382.0	NaN	-36.175	3	12	1
1700001383.0	NaN	-33.418	3	12	1
1700001384.0	NaN	-32.412	3	12	1
1700001385.0	NaN	-34.414	3	12	1
1700001386.0	NaN	-34.762	3	12	1
1700001387.0	NaN	-33.554	3	12	1
1700001388.0	NaN	-32.432	3	12	1
1700001389.0	NaN	-32.432	3	12	1
1700001390.0	NaN	-36.586	3	12	1
1700001391.0	NaN	-33.246	3	12	1
1700001392.0	NaN	-33.527	3	12	1
1700001393.0	NaN	-30.797	3	12	1
1700001394.0	NaN	-33.356	3	12	1
1700001395.0	NaN	-31.794	3	12	1
1700001396.0	NaN	-29.159	3	12	1
1700001397.0	NaN	-26.886	3	12	1
1700001398.0	NaN	-29.333	3	12	1
1700001399.0	NaN	-29.847	3	12	1
1700001400.0	NaN	-26.786	3	12	1
1700001401.0	NaN	-28.426	3	12	1
1700001402.0	NaN	-27.067	3	12	1
1700001403.0	NaN	-27.428	3	12	1
1700001404.0	NaN	-30.410	3	12	1
1700001405.0	NaN	-28.531	3	12	1
1700001406.0	NaN	-26.372	3	12	1
1700001407.0	NaN	-25.104	3	12	1
1700001408.0	NaN	-24.605	3	12	1
1700001409.0	NaN	-22.604	3	12	1
1700001410.0	NaN	-26.544	3	12	1
1700001411.0	NaN	-26.633	3	12	1
1700001412.0	NaN	-23.233	3	12	1
1700001413.0	NaN	-22.266	3	12	1
1700001414.0	NaN	-20.126	3	12	1
1700001415.0	NaN	-20.612	3	12	1
1700001416.0	NaN	-19.930	3	12	1
1700001417.0	NaN	-22.244	3	12	1
1700001418.0	NaN	-21.211	3	12	1
1700001419.0	NaN	-20.657	3	12	1
1700001420.0	NaN	-21.407	3	12	1
1700001421.0	NaN	-21.449	3	12	1
1700001422.0	NaN	-21.273	3	12	1
1700001423.0	NaN	-20.868	3	12	1
1700001424.0	NaN	-19.347	3	12	1
1700001425.0	NaN	-17.334	3	12	1
1700001426.0	NaN	-21.609	3	12	1
1700001427.0	NaN	-21.109	3	12	1
1700001428.0	NaN	-18.869	3	12	1
1700001429.0	NaN	-21.167	3	12	1
1700001430.0	NaN	-21.512	3	12	1
1700001431.0	NaN	-16.775	3	12	1
1700001432.0	NaN	-18.015	3	12	1
1700001433.0	NaN	-16.027	3	12	1
1700001434.0	NaN	-15.536	3	12	1
1700001435.0	NaN	-18.389	3	12	1
1700001436.0	NaN	-18.899	3	12	1
1700001437.0	NaN	-22.537	3	12	1
1700001438.0	NaN	-23.238	3	12	1
1700001439.0	NaN	-21.427	3	12	1
1700001440.0	NaN	-20.136	3	12	1
1700001441.0	NaN	-19.544	3	12	1
1700001442.0	NaN	-20.615	3	12	1
1700001443.0	NaN	-19.337	3	12	1
1700001444.0	NaN	-16.880	3	12	1
1700001445.0	NaN	-15.342	3	12	1
1700001446.0	NaN	-13.357	3	12	1
1700001447.0	NaN	-12.444	3	12	1
1700001448.0	NaN	-11.538	3	12	1
1700001449.0	NaN	-13.304	3	12	1
1700001450.0	NaN	-10.286	3	12	1
1700001451.0	NaN	-12.384	3	12	1
1700001452.0	NaN	-14.144	3	12	1
1700001453.0	NaN	-15.541	3	12	1
1700001454.0	NaN	-16.988	3	12	1
1700001455.0	NaN	-14.328	3	12	1
1700001456.0	NaN	-14.729	3	12	1
1700001457.0	NaN	-15.244	3	12	1
1700001458.0	NaN	-15.784	3	12	1
1700001459.0	NaN	-15.781	3	12	1
1700001460.0	NaN	-13.125	3	12	1
1700001461.0	NaN	-10.125	3	12	1
1700001462.0	NaN	-10.979	3	12	1
1700001463.0	NaN	-7.557	3	12	1
1700001464.0	NaN	-6.341	3	12	1
1700001465.0	NaN	-5.709	3	12	1
1700001466.0	NaN	-3.094	3	12	1
1700001467.0	NaN	-2.836	3	12	1
1700001468.0	NaN	-2.173	3	12	1
1700001469.0	NaN	-1.845	3	12	1
1700001470.0	NaN	-4.128	3	12	1
1700001471.0	NaN	-6.598	3	12	1
1700001472.0	NaN	-8.511	3	12	1
1700001473.0	NaN	-10.237	3	12	1
1700001474.0	NaN	-11.391	3	12	1
1700001475.0	NaN	-12.464	3	12	1
1700001476.0	NaN	-10.252	3	12	1
1700001477.0	NaN	-10.213	3	12	1
1700001478.0	NaN	-8.653	3	12	1
1700001479.0	NaN	-7.971	3	12	1
1700001480.0	NaN	-9.669	3	12	1
1700001481.0	NaN	-10.215	3	12	1
1700001482.0	NaN	-13.183	3	12	1
1700001483.0	NaN	-16.609	3	12	1
1700001484.0	NaN	-15.853	3	12	1
1700001485.0	NaN	-15.935	3	12	1
1700001486.0	NaN	-15.786	3	12	1
1700001487.0	NaN	-13.856	3	12	1
1700001488.0	NaN	-16.567	3	12	1
1700001489.0	NaN	-16.897	3	12	1
1700001490.0	NaN	-21.380	3	12	1
1700001491.0	NaN	-23.147	3	12	1
1700001492.0	NaN	-21.997	3	12	1
1700001493.0	NaN	-25.080	3	12	1
1700001494.0	NaN	-27.717	3	12	1
1700001495.0	NaN	-28.372	3	12	1
1700001496.0	NaN	-25.065	3	12	1
1700001497.0	NaN	-23.588	3	12	1
1700001498.0	NaN	-23.996	3	12	1
1700001499.0	NaN	-22.813	3	12	1
1700001500.0	NaN	-22.683	3	12	1
1700001501.0	NaN	-23.537	3	12	1
1700001502.0	NaN	-24.641	3	12	1
1700001503.0	NaN	-23.808	3	12	1
1700001504.0	NaN	-24.089	3	12	1
1700001505.0	NaN	-22.613	3	12	1
1700001506.0	NaN	-23.761	3	12	1
1700001507.0	NaN	-22.165	3	12	1
1700001508.0	NaN	-23.040	3	12	1
1700001509.0	NaN	-20.741	3	12	1
1700001510.0	NaN	-18.813	3	12	1
1700001511.0	NaN	-20.256	3	12	1
1700001512.0	NaN	-15.738	3	12	1
1700001513.0	NaN	-15.059	3	12	1
1700001514.0	NaN	-16.441	3	12	1
1700001515.0	NaN	-18.965	3	12	1
1700001516.0	NaN	-18.809	3	12	1
1700001517.0	NaN	-18.584	3	12	1
1700001518.0	NaN	-20.134	3	12	1
1700001519.0	NaN	-22.347	3	12	1
1700001520.0	NaN	-23.323	3	12	1
1700001521.0	NaN	-25.491	3	12	1
1700001522.0	NaN	-26.828	3	12	1
1700001523.0	NaN	-28.631	3	12	1
1700001524.0	NaN	-27.814	3	12	1
1700001525.0	NaN	-32.904	3	12	1
1700001526.0	NaN	-28.961	3	12	1
1700001527.0	NaN	-29.900	3	12	1
1700001528.0	NaN	-30.033	3	12	1
1700001529.0	NaN	-32.709	3	12	1
1700001530.0	NaN	-30.597	3	12	1
1700001531.0	NaN	-30.936	3	12	1
1700001532.0	NaN	-31.683	3	12	1
1700001533.0	NaN	-33.559	3	12	1
1700001534.0	NaN	-32.421	3	12	1
1700001535.0	NaN	-31.532	3	12	1
1700001536.0	NaN	-32.835	3	12	1
1700001537.0	NaN	-29.664	3	12	1
1700001538.0	NaN	-31.507	3	12	1
1700001539.0	NaN	-29.179	3	12	1
1700001540.0	NaN	-28.889	3	12	1
1700001541.0	NaN	-31.654	3	12	1
1700001542.0	NaN	-32.230	3	12	1
1700001543.0	NaN	-31.209	3	12	1
1700001544.0	NaN	-32.081	3	12	1
1700001545.0	NaN	-31.954	3	12	1
1700001546.0	NaN	-32.190	3	12	1
1700001547.0	NaN	-31.412	3	12	1
1700001548.0	NaN	-32.763	3	12	1
1700001549.0	NaN	-29.151	3	12	1
1700001550.0	NaN	-28.550	3	12	1
1700001551.0	NaN	-25.670	3	12	1
1700001552.0	NaN	-26.202	3	12	1
1700001553.0	NaN	-25.848	3	12	1
1700001554.0	NaN	-27.829	3	12	1
1700001555.0	NaN	-27.788	3	12	1
1700001556.0	NaN	-24.832	3	12	1
1700001557.0	NaN	-24.263	3	12	1
1700001558.0	NaN	-25.739	3	12	1
1700001559.0	NaN	-26.866	3	12	1
1700001560.0	NaN	-25.746	3	12	1
1700001561.0	NaN	-26.119	3	12	1
1700001562.0	NaN	-22.124	3	12	1
1700001563.0	NaN	-21.703	3	12	1
1700001564.0	NaN	-21.685	3	12	1
1700001565.0	NaN	-20.272	3	12	1
1700001566.0	NaN	-17.064	3	12	1
1700001567.0	NaN	-20.109	3	12	1
1700001568.0	NaN	-21.543	3	12	1
1700001569.0	NaN	-22.942	3	12	1
1700001570.0	NaN	-26.889	3	12	1
1700001571.0	NaN	-27.248	3	12	1
1700001572.0	NaN	-27.466	3	12	1
1700001573.0	NaN	-25.816	3	12	1
1700001574.0	NaN	-24.581	3	12	1
1700001575.0	NaN	-23.314	3	12	1
1700001576.0	NaN	-22.147	3	12	1
1700001577.0	NaN	-23.030	3	12	1
1700001578.0	NaN	-17.373	3	12	1
1700001579.0	NaN	-14.456	3	12	1
1700001580.0	NaN	-15.115	3	12	1
1700001581.0	NaN	-16.931	3	12	1
1700001582.0	NaN	-15.950	3	12	1
1700001583.0	NaN	-13.965	3	12	1
1700001584.0	NaN	-13.025	3	12	1
1700001585.0	NaN	-11.495	3	12	1
1700001586.0	NaN	-9.562	3	12	1
1700001587.0	NaN	-8.743	3	12	1
1700001588.0	NaN	-10.593	3	12	1
1700001589.0	NaN	-11.588	3	12	1
1700001590.0	NaN	-15.122	3	12	1
1700001591.0	NaN	-13.307	3	12	1
1700001592.0	NaN	-14.384	3	12	1
1700001593.0	NaN	-14.044	3	12	1
1700001594.0	NaN	-9.859	3	12	1
1700001595.0	NaN	-11.456	3	12	1
1700001596.0	NaN	-11.447	3	12	1
1700001597.0	NaN	-13.069	3	12	1
1700001598.0	NaN	-16.715	3	12	1
1700001599.0	NaN	-14.781	3	12	1
1700001600.0	NaN	-14.985	3	12	1
1700001601.0	NaN	-15.127	3	12	1
1700001602.0	NaN	-13.616	3	12	1
1700001603.0	NaN	-14.035	3	12	1
1700001604.0	NaN	-12.698	3	12	1
1700001605.0	NaN	-10.216	3	12	1
1700001606.0	NaN	-11.589	3	12	1
1700001607.0	NaN	-10.744	3	12	1
1700001608.0	NaN	-10.469	3	12	1
1700001609.0	NaN	-8.386	3	12	1
1700001610.0	NaN	-3.561	3	12	1
1700001611.0	NaN	-5.545	3	12	1
1700001612.0	NaN	-2.513	3	12	1
1700001613.0	NaN	-2.305	3	12	1
1700001614.0	NaN	-1.002	3	12	1
1700001615.0	NaN	-0.261	3	12	1
1700001616.0	NaN	-0.542	3	12	1
1700001617.0	NaN	-2.997	3	12	1
1700001618.0	NaN	-3.009	3	12	1
1700001619.0	NaN	-4.767	3	12	1
1700001620.0	NaN	-1.903	3	12	1
1700001621.0	NaN	-1.023	3	12	1
1700001622.0	NaN	-2.168	3	12	1
1700001623.0	NaN	-2.904	3	12	1
1700001624.0	NaN	-0.717	3	12	1
1700001625.0	NaN	-3.523	3	12	1
1700001626.0	NaN	-3.162	3	12	1
1700001627.0	NaN	-2.885	3	12	1
1700001628.0	NaN	-4.684	3	12	1
1700001629.0	NaN	-2.628	3	12	1
1700001630.0	NaN	-3.434	3	12	1
1700001631.0	NaN	-1.373	3	12	1
1700001632.0	NaN	-1.000	3	12	1
1700001633.0	NaN	-2.249	3	12	1
1700001634.0	NaN	-2.486	3	12	1
1700001635.0	NaN	-0.526	3	12	1
1700001636.0	NaN	-2.376	3	12	1
1700001637.0	NaN	-3.999	3	12	1
1700001638.0	NaN	-4.205	3	12	1
1700001639.0	NaN	-3.128	3	12	1
1700001640.0	NaN	-1.936	3	12	1
1700001641.0	NaN	-3.847	3	12	1
1700001642.0	NaN	-6.200	3	12	1
1700001643.0	NaN	-6.407	3	12	1
1700001644.0	NaN	-6.873	3	12	1
1700001645.0	NaN	-6.334	3	12	1
1700001646.0	NaN	-9.368	3	12	1
1700001647.0	NaN	-10.377	3	12	1
1700001648.0	NaN	-12.591	3	12	1
1700001649.0	NaN	-9.483	3	12	1
1700001650.0	NaN	-13.557	3	12	1
1700001651.0	NaN	-15.400	3	12	1
1700001652.0	NaN	-16.465	3	12	1
1700001653.0	NaN	-19.938	3	12	1
1700001654.0	NaN	-20.863	3	12	1
1700001655.0	NaN	-22.396	3	12	1
1700001656.0	NaN	-25.498	3	12	1
1700001657.0	NaN	-26.484	3	12	1
1700001658.0	NaN	-23.954	3	12	1
1700001659.0	NaN	-23.723	3	12	1
1700001660.0	NaN	-21.109	3	12	1
1700001661.0	NaN	-18.649	3	12	1
1700001662.0	NaN	-18.418	3	12	1
1700001663.0	NaN	-19.039	3	12	1
1700001664.0	NaN	-23.391	3	12	1
1700001665.0	NaN	-27.434	3	12	1
1700001666.0	NaN	-27.055	3	12	1
1700001667.0	NaN	-26.960	3	12	1
1700001668.0	NaN	-26.668	3	12	1
1700001669.0	NaN	-28.403	3	12	1
1700001670.0	NaN	-29.003	3	12	1
1700001671.0	NaN	-31.143	3	12	1
1700001672.0	NaN	-29.492	3	12	1
1700001673.0	NaN	-29.348	3	12	1
1700001674.0	NaN	-33.328	3	12	1
1700001675.0	NaN	-34.509	3	12	1
1700001676.0	NaN	-32.144	3	12	1
1700001677.0	NaN	-34.227	3	12	1
1700001678.0	NaN	-36.442	3	12	1
1700001679.0	NaN	-38.376	3	12	1
1700001680.0	NaN	-39.502	3	12	1
1700001681.0	NaN	-39.356	3	12	1
1700001682.0	NaN	-39.729	3	12	1
1700001683.0	NaN	-39.457	3	12	1
1700001684.0	NaN	-40.635	3	12	1
1700001685.0	NaN	-39.402	3	12	1
1700001686.0	NaN	-36.683	3	12	1
1700001687.0	NaN	-38.441	3	12	1
1700001688.0	NaN	-37.927	3	12	1
1700001689.0	NaN	-37.354	3	12	1
1700001690.0	NaN	-37.048	3	12	1
1700001691.0	NaN	-37.148	3	12	1
1700001692.0	NaN	-36.253	3	12	1
1700001693.0	NaN	-36.695	3	12	1
1700001694.0	NaN	-37.959	3	12	1
1700001695.0	NaN	-39.490	3	12	1
1700001696.0	NaN	-38.065	3	12	1
1700001697.0	NaN	-39.099	3	12	1
1700001698.0	NaN	-42.634	3	12	1
1700001699.0	NaN	-43.581	3	12	1
1700001700.0	NaN	-44.611	3	12	1
1700001701.0	NaN	-42.948	3	12	1
1700001702.0	NaN	-41.001	3	12	1
1700001703.0	NaN	-43.144	3	12	1
1700001704.0	NaN	-40.750	3	12	1
1700001705.0	NaN	-40.101	3	12	1
1700001706.0	NaN	-37.107	3	12	1
1700001707.0	NaN	-38.126	3	12	1
1700001708.0	NaN	-36.866	3	12	1
1700001709.0	NaN	-35.452	3	12	1
1700001710.0	NaN	-32.413	3	12	1
1700001711.0	NaN	-34.918	3	12	1
1700001712.0	NaN	-34.982	3	12	1
1700001713.0	NaN	-34.751	3	12	1
1700001714.0	NaN	-35.157	3	12	1
1700001715.0	NaN	-36.871	3	12	1
1700001716.0	NaN	-37.371	3	12	1
1700001717.0	NaN	-37.224	3	12	1
1700001718.0	NaN	-33.472	3	12	1
1700001719.0	NaN	-33.380	3	12	1
1700001720.0	NaN	-31.329	3	12	1
1700001721.0	NaN	-32.327	3	12	1
1700001722.0	NaN	-31.887	3	12	1
1700001723.0	NaN	-31.950	3	12	1
1700001724.0	NaN	-31.789	3	12	1
1700001725.0	NaN	-34.602	3	12	1
1700001726.0	NaN	-34.608	3	12	1
1700001727.0	NaN	-29.547	3	12	1
1700001728.0	NaN	-29.557	3	12	1
1700001729.0	NaN	-32.090	3	12	1
1700001730.0	NaN	-27.616	3	12	1
1700001731.0	NaN	-26.716	3	12	1
1700001732.0	NaN	-26.025	3	12	1
1700001733.0	NaN	-29.002	3	12	1
1700001734.0	NaN	-29.569	3	12	1
1700001735.0	NaN	-30.021	3	12	1
1700001736.0	NaN	-30.324	3	12	1
1700001737.0	NaN	-32.274	3	12	1
1700001738.0	NaN	-30.999	3	12	1
1700001739.0	NaN	-33.559	3	12	1
1700001740.0	NaN	-31.344	3	12	1
1700001741.0	NaN	-31.374	3	12	1
1700001742.0	NaN	-32.224	3	12	1
1700001743.0	NaN	-35.241	3	12	1
1700001744.0	NaN	-34.572	3	12	1
1700001745.0	NaN	-33.869	3	12	1
1700001746.0	NaN	-36.734	3	12	1
1700001747.0	NaN	-33.485	3	12	1
1700001748.0	NaN	-33.949	3	12	1
1700001749.0	NaN	-36.928	3	12	1
1700001750.0	NaN	-34.574	3	12	1
1700001751.0	NaN	-36.627	3	12	1
1700001752.0	NaN	-38.377	3	12	1
1700001753.0	NaN	-41.158	3	12	1
1700001754.0	NaN	-43.013	3	12	1
1700001755.0	NaN	-43.581	3	12	1
1700001756.0	NaN	-45.721	3	12	1
1700001757.0	NaN	-45.235	3	12	1
1700001758.0	NaN	-47.268	3	12	1
1700001759.0	NaN	-47.524	3	12	1
1700001760.0	NaN	-51.951	3	12	1
1700001761.0	NaN	-53.064	3	12	1
1700001762.0	NaN	-53.274	3	12	1
1700001763.0	NaN	-52.126	3	12	1
1700001764.0	NaN	-52.896	3	12	1
1700001765.0	NaN	-52.748	3	12	1
1700001766.0	NaN	-52.155	3	12	1
1700001767.0	NaN	-53.926	3	12	1
1700001768.0	NaN	-52.944	3	12	1
1700001769.0	NaN	-52.433	3	12	1
1700001770.0	NaN	-53.550	3	12	1
1700001771.0	NaN	-56.008	3	12	1
1700001772.0	NaN	-53.619	3	12	1
1700001773.0	NaN	-51.578	3	12	1
1700001774.0	NaN	-51.271	3	12	1
1700001775.0	NaN	-49.230	3	12	1
1700001776.0	NaN	-46.471	3	12	1
1700001777.0	NaN	-46.807	3	12	1
1700001778.0	NaN	-45.756	3	12	1
1700001779.0	NaN	-44.712	3	12	1
1700001780.0	NaN	-43.825	3	12	1
1700001781.0	NaN	-44.114	3	12	1
1700001782.0	NaN	-45.064	3	12	1
1700001783.0	NaN	-43.631	3	12	1
1700001784.0	NaN	-43.265	3	12	1
1700001785.0	NaN	-40.136	3	12	1
1700001786.0	NaN	-39.291	3	12	1
1700001787.0	NaN	-39.161	3	12	1
1700001788.0	NaN	-41.624	3	12	1
1700001789.0	NaN	-41.908	3	12	1
1700001790.0	NaN	-41.420	3	12	1
1700001791.0	NaN	-41.744	3	12	1
1700001792.0	NaN	-43.199	3	12	1
1700001793.0	NaN	-48.861	3	12	1
1700001794.0	NaN	-50.668	3	12	1
1700001795.0	NaN	-50.477	3	12	1
1700001796.0	NaN	-47.431	3	12	1
1700001797.0	NaN	-49.715	3	12	1
1700001798.0	NaN	-48.774	3	12	1
1700001799.0	NaN	-51.344	3	12	1
1700001800.0	NaN	-49.590	3	12	1
1700001801.0	NaN	-50.099	3	12	1
1700001802.0	NaN	-50.165	3	12	1
1700001803.0	NaN	-49.537	3	12	1
1700001804.0	NaN	-50.874	3	12	1
1700001805.0	NaN	-52.227	3	12	1
1700001806.0	NaN	-50.386	3	12	1
1700001807.0	NaN	-53.181	3	12	1
1700001808.0	NaN	-55.055	3	12	1
1700001809.0	NaN	-53.611	3	12	1
1700001810.0	NaN	-52.278	3	12	1
1700001811.0	NaN	-53.913	3	12	1
1700001812.0	NaN	-55.468	3	12	1
1700001813.0	NaN	-55.316	3	12	1
1700001814.0	NaN	-51.754	3	12	1
1700001815.0	NaN	-48.951	3	12	1
1700001816.0	NaN	-49.606	3	12	1
1700001817.0	NaN	-50.738	3	12	1
1700001818.0	NaN	-50.990	3	12	1
1700001819.0	NaN	-54.465	3	12	1
1700001820.0	NaN	-53.999	3	12	1
1700001821.0	NaN	-54.862	3	12	1
1700001822.0	NaN	-52.897	3	12	1
1700001823.0	NaN	-54.526	3	12	1
1700001824.0	NaN	-53.972	3	12	1
1700001825.0	NaN	-55.221	3	12	1
1700001826.0	NaN	-56.339	3	12	1
1700001827.0	NaN	-52.974	3	12	1
1700001828.0	NaN	-54.779	3	12	1
1700001829.0	NaN	-55.042	3	12	1
1700001830.0	NaN	-54.347	3	12	1
1700001831.0	NaN	-50.721	3	12	1
1700001832.0	NaN	-50.188	3	12	1
1700001833.0	NaN	-51.085	3	12	1
1700001834.0	NaN	-50.616	3	12	1
1700001835.0	NaN	-47.287	3	12	1
1700001836.0	NaN	-46.261	3	12	1
1700001837.0	NaN	-45.035	3	12	1
1700001838.0	NaN	-40.702	3	12	1
1700001839.0	NaN	-42.456	3	12	1
1700001840.0	NaN	-40.259	3	12	1
1700001841.0	NaN	-41.925	3	12	1
1700001842.0	NaN	-39.529	3	12	1
1700001843.0	NaN	-38.531	3	12	1
1700001844.0	NaN	-37.309	3	12	1
1700001845.0	NaN	-36.790	3	12	1
1700001846.0	NaN	-36.287	3	12	1
1700001847.0	NaN	-41.992	3	12	1
1700001848.0	NaN	-44.374	3	12	1
1700001849.0	NaN	-40.271	3	12	1
1700001850.0	NaN	-40.101	3	12	1
1700001851.0	NaN	-40.375	3	12	1
1700001852.0	NaN	-39.225	3	12	1
1700001853.0	NaN	-37.405	3	12	1
1700001854.0	NaN	-37.041	3	12	1
1700001855.0	NaN	-35.037	3	12	1
1700001856.0	NaN	-33.832	3	12	1
1700001857.0	NaN	-35.001	3	12	1
1700001858.0	NaN	-34.690	3	12	1
1700001859.0	NaN	-32.718	3	12	1
1700001860.0	NaN	-34.483	3	12	1
1700001861.0	NaN	-34.396	3	12	1
1700001862.0	NaN	-35.877	3	12	1
1700001863.0	NaN	-36.422	3	12	1
1700001864.0	NaN	-39.456	3	12	1
1700001865.0	NaN	-39.262	3	12	1
1700001866.0	NaN	-40.528	3	12	1
1700001867.0	NaN	-38.431	3	12	1
1700001868.0	NaN	-39.121	3	12	1
1700001869.0	NaN	-35.168	3	12	1
1700001870.0	NaN	-32.983	3	12	1
1700001871.0	NaN	-34.444	3	12	1
1700001872.0	NaN	-30.450	3	12	1
1700001873.0	NaN	-30.246	3	12	1
1700001874.0	NaN	-29.497	3	12	1
1700001875.0	NaN	-32.011	3	12	1
1700001876.0	NaN	-32.222	3	12	1
1700001877.0	NaN	-33.540	3	12	1
1700001878.0	NaN	-36.081	3	12	1
1700001879.0	NaN	-38.264	3	12	1
1700001880.0	NaN	-35.685	3	12	1
1700001881.0	NaN	-36.799	3	12	1
1700001882.0	NaN	-36.904	3	12	1
1700001883.0	NaN	-38.513	3	12	1
1700001884.0	NaN	-39.453	3	12	1
1700001885.0	NaN	-40.579	3	12	1
1700001886.0	NaN	-40.910	3	12	1
1700001887.0	NaN	-40.935	3	12	1
1700001888.0	NaN	-39.367	3	12	1
1700001889.0	NaN	-39.592	3	12	1
1700001890.0	NaN	-39.966	3	12	1
1700001891.0	NaN	-41.720	3	12	1
1700001892.0	NaN	-40.702	3	12	1
1700001893.0	NaN	-39.984	3	12	1
1700001894.0	NaN	-40.714	3	12	1
1700001895.0	NaN	-44.345	3	12	1
1700001896.0	NaN	-44.679	3	12	1
1700001897.0	NaN	-48.869	3	12	1
1700001898.0	NaN	-46.142	3	12	1
1700001899.0	NaN	-46.203	3	12	1
1700001900.0	NaN	-43.865	3	12	1
1700001901.0	NaN	-44.420	3	12	1
1700001902.0	NaN	-42.891	3	12	1
1700001903.0	NaN	-39.759	3	12	1
1700001904.0	NaN	-38.277	3	12	1
1700001905.0	NaN	-40.434	3	12	1
1700001906.0	NaN	-43.569	3	12	1
1700001907.0	NaN	-44.824	3	12	1
1700001908.0	NaN	-44.640	3	12	1
1700001909.0	NaN	-47.133	3	12	1
1700001910.0	NaN	-51.079	3	12	1
1700001911.0	NaN	-52.543	3	12	1
1700001912.0	NaN	-53.091	3	12	1
1700001913.0	NaN	-56.972	3	12	1
1700001914.0	NaN	-57.532	3	12	1
1700001915.0	NaN	-56.348	3	12	1
1700001916.0	NaN	-58.895	3	12	1
1700001917.0	NaN	-58.922	3	12	1
1700001918.0	NaN	-59.430	3	12	1
1700001919.0	NaN	-59.236	3	12	1
1700001920.0	NaN	-59.010	3	12	1
1700001921.0	NaN	-61.218	3	12	1
1700001922.0	NaN	-60.506	3	12	1
1700001923.0	NaN	-56.826	3	12	1
1700001924.0	NaN	-56.421	3	12	1
1700001925.0	NaN	-59.522	3	12	1
1700001926.0	NaN	-60.471	3	12	1
1700001927.0	NaN	-57.147	3	12	1
1700001928.0	NaN	-57.868	3	12	1
1700001929.0	NaN	-57.924	3	12	1
1700001930.0	NaN	-60.776	3	12	1
1700001931.0	NaN	-64.152	3	12	1
1700001932.0	NaN	-64.686	3	12	1
1700001933.0	NaN	-64.343	3	12	1
1700001934.0	NaN	-65.992	3	12	1
1700001935.0	NaN	-65.608	3	12	1
1700001936.0	NaN	-66.679	3	12	1
1700001937.0	NaN	-71.085	3	12	1
1700001938.0	NaN	-71.991	3	12	1
1700001939.0	NaN	-71.159	3	12	1
1700001940.0	NaN	-67.031	3	12	1
1700001941.0	NaN	-70.250	3	12	1
1700001942.0	NaN	-69.926	3	12	1
1700001943.0	NaN	-69.549	3	12	1
1700001944.0	NaN	-69.021	3	12	1
1700001945.0	NaN	-69.039	3	12	1
1700001946.0	NaN	-66.348	3	12	1
1700001947.0	NaN	-64.336	3	12	1
1700001948.0	NaN	-65.950	3	12	1
1700001949.0	NaN	-67.886	3	12	1
1700001950.0	NaN	-68.158	3	12	1
1700001951.0	NaN	-71.321	3	12	1
1700001952.0	NaN	-71.339	3	12	1
1700001953.0	NaN	-70.102	3	12	1
1700001954.0	NaN	-71.470	3	12	1
1700001955.0	NaN	-72.319	3	12	1
1700001956.0	NaN	-73.958	3	12	1
1700001957.0	NaN	-73.971	3	12	1
1700001958.0	NaN	-73.299	3	12	1
1700001959.0	NaN	-75.563	3	12	1
1700001960.0	NaN	-74.017	3	12	1
1700001961.0	NaN	-76.194	3	12	1
1700001962.0	NaN	-76.320	3	12	1
1700001963.0	NaN	-76.048	3	12	1
1700001964.0	NaN	-78.228	3	12	1
1700001965.0	NaN	-79.151	3	12	1
1700001966.0	NaN	-81.526	3	12	1
1700001967.0	NaN	-79.815	3	12	1
1700001968.0	NaN	-80.374	3	12	1
1700001969.0	NaN	-83.567	3	12	1
1700001970.0	NaN	-82.349	3	12	1
1700001971.0	NaN	-83.362	3	12	1
1700001972.0	NaN	-79.951	3	12	1
1700001973.0	NaN	-80.471	3	12	1
1700001974.0	NaN	-79.439	3	12	1
1700001975.0	NaN	-81.899	3	12	1
1700001976.0	NaN	-82.629	3	12	1
1700001977.0	NaN	-83.174	3	12	1
1700001978.0	NaN	-81.673	3	12	1
1700001979.0	NaN	-79.305	3	12	1
1700001980.0	NaN	-79.340	3	12	1
1700001981.0	NaN	-79.858	3	12	1
1700001982.0	NaN	-81.880	3	12	1
1700001983.0	NaN	-83.440	3	12	1
1700001984.0	NaN	-83.949	3	12	1
1700001985.0	NaN	-82.105	3	12	1
1700001986.0	NaN	-78.801	3	12	1
1700001987.0	NaN	-79.510	3	12	1
1700001988.0	NaN	-81.059	3	12	1
1700001989.0	NaN	-83.189	3	12	1
1700001990.0	NaN	-81.764	3	12	1
1700001991.0	NaN	-79.228	3	12	1
1700001992.0	NaN	-78.131	3	12	1
1700001993.0	NaN	-75.093	3	12	1
1700001994.0	NaN	-75.188	3	12	1
1700001995.0	NaN	-76.179	3	12	1
1700001996.0	NaN	-75.964	3	12	1
1700001997.0	NaN	-78.526	3	12	1
1700001998.0	NaN	-79.165	3	12	1
1700001999.0	NaN	-80.504	3	12	1
1700002000.0	NaN	-84.421	3	12	1
1700002001.0	NaN	-84.534	3	12	1
1700002002.0	NaN	-83.599	3	12	1
1700002003.0	NaN	-81.173	3	12	1
1700002004.0	NaN	-81.648	3	12	1
1700002005.0	NaN	-79.577	3	12	1
1700002006.0	NaN	-81.346	3	12	1
1700002007.0	NaN	-79.137	3	12	1
1700002008.0	NaN	-80.714	3	12	1
1700002009.0	NaN	-81.139	3	12	1
1700002010.0	NaN	-83.944	3	12	1
1700002011.0	NaN	-80.753	3	12	1
1700002012.0	NaN	-81.725	3	12	1
1700002013.0	NaN	-79.679	3	12	1
1700002014.0	NaN	-80.018	3	12	1
1700002015.0	NaN	-79.653	3	12	1
1700002016.0	NaN	-78.363	3	12	1
1700002017.0	NaN	-80.818	3	12	1
1700002018.0	NaN	-80.126	3	12	1
1700002019.0	NaN	-80.959	3	12	1
1700002020.0	NaN	-83.035	3	12	1
1700002021.0	NaN	-81.046	3	12	1
1700002022.0	NaN	-81.494	3	12	1
1700002023.0	NaN	-79.048	3	12	1
1700002024.0	NaN	-78.917	3	12	1
1700002025.0	NaN	-79.734	3	12	1
1700002026.0	NaN	-80.979	3	12	1
1700002027.0	NaN	-81.044	3	12	1
1700002028.0	NaN	-82.366	3	12	1
1700002029.0	NaN	-80.576	3	12	1
1700002030.0	NaN	-81.810	3	12	1
1700002031.0	NaN	-79.174	3	12	1
1700002032.0	NaN	-79.985	3	12	1
1700002033.0	NaN	-80.207	3	12	1
1700002034.0	NaN	-81.546	3	12	1
1700002035.0	NaN	-77.079	3	12	1
1700002036.0	NaN	-81.208	3	12	1
1700002037.0	NaN	-79.659	3	12	1
1700002038.0	NaN	-77.532	3	12	1
1700002039.0	NaN	-75.332	3	12	1
1700002040.0	NaN	-71.846	3	12	1
1700002041.0	NaN	-68.939	3	12	1
1700002042.0	NaN	-72.248	3	12	1
1700002043.0	NaN	-72.022	3	12	1
1700002044.0	NaN	-73.990	3	12	1
1700002045.0	NaN	-74.461	3	12	1
1700002046.0	NaN	-74.973	3	12	1
1700002047.0	NaN	-72.972	3	12	1
1700002048.0	NaN	-71.398	3	12	1
1700002049.0	NaN	-71.493	3	12	1
1700002050.0	NaN	-73.159	3	12	1
1700002051.0	NaN	-72.554	3	12	1
1700002052.0	NaN	-72.503	3	12	1
1700002053.0	NaN	-73.433	3	12	1
1700002054.0	NaN	-71.742	3	12	1
1700002055.0	NaN	-69.195	3	12	1
1700002056.0	NaN	-70.894	3	12	1
1700002057.0	NaN	-68.416	3	12	1
1700002058.0	NaN	-70.681	3	12	1
1700002059.0	NaN	-71.717	3	12	1
1700002060.0	NaN	-74.951	3	12	1
1700002061.0	NaN	-74.354	3	12	1
1700002062.0	NaN	-71.037	3	12	1
1700002063.0	NaN	-73.550	3	12	1
1700002064.0	NaN	-74.947	3	12	1
1700002065.0	NaN	-77.125	3	12	1
1700002066.0	NaN	-77.068	3	12	1
1700002067.0	NaN	-75.075	3	12	1
1700002068.0	NaN	-78.057	3	12	1
1700002069.0	NaN	-76.666	3	12	1
1700002070.0	NaN	-72.956	3	12	1
1700002071.0	NaN	-73.652	3	12	1
1700002072.0	NaN	-73.829	3	12	1
1700002073.0	NaN	-72.809	3	12	1
1700002074.0	NaN	-76.800	3	12	1
1700002075.0	NaN	-78.739	3	12	1
1700002076.0	NaN	-77.886	3	12	1
1700002077.0	NaN	-78.055	3	12	1
1700002078.0	NaN	-76.752	3	12	1
1700002079.0	NaN	-78.846	3	12	1
1700002080.0	NaN	-79.309	3	12	1
1700002081.0	NaN	-80.979	3	12	1
1700002082.0	NaN	-83.386	3	12	1
1700002083.0	NaN	-82.201	3	12	1
1700002084.0	NaN	-78.983	3	12	1
1700002085.0	NaN	-80.932	3	12	1
1700002086.0	NaN	-80.312	3	12	1
1700002087.0	NaN	-79.214	3	12	1
1700002088.0	NaN	-76.696	3	12	1
1700002089.0	NaN	-78.188	3	12	1
1700002090.0	NaN	-81.345	3	12	1
1700002091.0	NaN	-80.548	3	12	1
1700002092.0	NaN	-82.222	3	12	1
1700002093.0	NaN	-84.868	3	12	1
1700002094.0	NaN	-85.660	3	12	1
1700002095.0	NaN	-85.877	3	12	1
1700002096.0	NaN	-85.695	3	12	1
1700002097.0	NaN	-86.263	3	12	1
1700002098.0	NaN	-90.511	3	12	1
1700002099.0	NaN	-94.963	3	12	1
1700002100.0	NaN	-94.226	3	12	1
1700002101.0	NaN	-91.716	3	12	1
1700002102.0	NaN	-90.869	3	12	1
1700002103.0	NaN	-93.141	3	12	1
1700002104.0	NaN	-91.414	3	12	1
1700002105.0	NaN	-93.450	3	12	1
1700002106.0	NaN	-90.999	3	12	1
1700002107.0	NaN	-90.519	3	12	1
1700002108.0	NaN	-88.946	3	12	1
1700002109.0	NaN	-90.716	3	12	1
1700002110.0	NaN	-89.622	3	12	1
1700002111.0	NaN	-93.762	3	12	1
1700002112.0	NaN	-91.365	3	12	1
1700002113.0	NaN	-93.922	3	12	1
1700002114.0	NaN	-94.145	3	12	1
1700002115.0	NaN	-92.441	3	12	1
1700002116.0	NaN	-90.663	3	12	1
1700002117.0	NaN	-90.450	3	12	1
1700002118.0	NaN	-93.559	3	12	1
1700002119.0	NaN	-90.962	3	12	1
1700002120.0	NaN	-91.682	3	12	1
1700002121.0	NaN	-94.478	3	12	1
1700002122.0	NaN	-91.554	3	12	1
1700002123.0	NaN	-86.267	3	12	1
1700002124.0	NaN	-86.957	3	12	1
1700002125.0	NaN	-84.700	3	12	1
1700002126.0	NaN	-82.718	3	12	1
1700002127.0	NaN	-81.863	3	12	1
1700002128.0	NaN	-80.542	3	12	1
1700002129.0	NaN	-79.869	3	12	1
1700002130.0	NaN	-83.881	3	12	1
1700002131.0	NaN	-85.353	3	12	1
1700002132.0	NaN	-86.312	3	12	1
1700002133.0	NaN	-88.021	3	12	1
1700002134.0	NaN	-87.868	3	12	1
1700002135.0	NaN	-87.998	3	12	1
1700002136.0	NaN	-86.649	3	12	1
1700002137.0	NaN	-82.242	3	12	1
1700002138.0	NaN	-83.698	3	12	1
1700002139.0	NaN	-82.161	3	12	1
1700002140.0	NaN	-78.605	3	12	1
1700002141.0	NaN	-78.634	3	12	1
1700002142.0	NaN	-81.847	3	12	1
1700002143.0	NaN	-81.924	3	12	1
1700002144.0	NaN	-79.461	3	12	1
1700002145.0	NaN	-78.223	3	12	1
1700002146.0	NaN	-81.074	3	12	1
1700002147.0	NaN	-80.457	3	12	1
1700002148.0	NaN	-80.731	3	12	1
1700002149.0	NaN	-81.669	3	12	1
1700002150.0	NaN	-79.988	3	12	1
1700002151.0	NaN	-85.022	3	12	1
1700002152.0	NaN	-82.047	3	12	1
1700002153.0	NaN	-78.345	3	12	1
1700002154.0	NaN	-79.098	3	12	1
1700002155.0	NaN	-81.001	3	12	1
1700002156.0	NaN	-83.880	3	12	1
1700002157.0	NaN	-83.074	3	12	1
1700002158.0	NaN	-84.204	3	12	1
1700002159.0	NaN	-88.214	3	12	1
1700002160.0	NaN	-92.313	3	12	1
1700002161.0	NaN	-91.222	3	12	1
1700002162.0	NaN	-89.345	3	12	1
1700002163.0	NaN	-91.995	3	12	1
1700002164.0	NaN	-89.100	3	12	1
1700002165.0	NaN	-90.161	3	12	1
1700002166.0	NaN	-89.911	3	12	1
1700002167.0	NaN	-91.943	3	12	1
1700002168.0	NaN	-89.897	3	12	1
1700002169.0	NaN	-90.349	3	12	1
1700002170.0	NaN	-90.481	3	12	1
1700002171.0	NaN	-89.827	3	12	1
1700002172.0	NaN	-91.326	3	12	1
1700002173.0	NaN	-88.594	3	12	1
1700002174.0	NaN	-87.974	3	12	1
1700002175.0	NaN	-89.282	3	12	1
1700002176.0	NaN	-91.683	3	12	1
1700002177.0	NaN	-91.340	3	12	1
1700002178.0	NaN	-91.117	3	12	1
1700002179.0	NaN	-91.503	3	12	1
1700002180.0	NaN	-93.855	3	12	1
1700002181.0	NaN	-91.299	3	12	1
1700002182.0	NaN	-91.122	3	12	1
1700002183.0	NaN	-89.164	3	12	1
1700002184.0	NaN	-88.026	3	12	1
1700002185.0	NaN	-88.385	3	12	1
1700002186.0	NaN	-89.768	3	12	1
1700002187.0	NaN	-92.421	3	12	1
1700002188.0	NaN	-90.650	3	12	1
1700002189.0	NaN	-91.099	3	12	1
1700002190.0	NaN	-88.351	3	12	1
1700002191.0	NaN	-85.422	3	12	1
1700002192.0	NaN	-84.344	3	12	1
1700002193.0	NaN	-84.159	3	12	1
1700002194.0	NaN	-82.039	3	12	1
1700002195.0	NaN	-78.572	3	12	1
1700002196.0	NaN	-78.699	3	12	1
1700002197.0	NaN	-77.273	3	12	1
1700002198.0	NaN	-73.992	3	12	1
1700002199.0	NaN	-75.867	3	12	1
1700002200.0	NaN	-74.466	3	12	1
1700002201.0	NaN	-74.697	3	12	1
1700002202.0	NaN	-73.483	3	12	1
1700002203.0	NaN	-71.503	3	12	1
1700002204.0	NaN	-71.674	3	12	1
1700002205.0	NaN	-70.697	3	12	1
1700002206.0	NaN	-67.231	3	12	1
1700002207.0	NaN	-65.599	3	12	1
1700002208.0	NaN	-64.334	3	12	1
1700002209.0	NaN	-63.936	3	12	1
1700002210.0	NaN	-63.586	3	12	1
1700002211.0	NaN	-61.282	3	12	1
1700002212.0	NaN	-61.521	3	12	1
1700002213.0	NaN	-62.165	3	12	1
1700002214.0	NaN	-63.092	3	12	1
1700002215.0	NaN	-63.553	3	12	1
1700002216.0	NaN	-63.027	3	12	1
1700002217.0	NaN	-62.890	3	12	1
1700002218.0	NaN	-63.098	3	12	1
1700002219.0	NaN	-58.356	3	12	1
1700002220.0	NaN	-60.239	3	12	1
1700002221.0	NaN	-59.715	3	12	1
1700002222.0	NaN	-58.155	3	12	1
1700002223.0	NaN	-57.957	3	12	1
1700002224.0	NaN	-57.549	3	12	1
1700002225.0	NaN	-59.963	3	12	1
1700002226.0	NaN	-59.587	3	12	1
1700002227.0	NaN	-57.883	3	12	1
1700002228.0	NaN	-59.421	3	12	1
1700002229.0	NaN	-58.453	3	12	1
1700002230.0	NaN	-56.570	3	12	1
1700002231.0	NaN	-56.289	3	12	1
1700002232.0	NaN	-55.848	3	12	1
1700002233.0	NaN	-58.725	3	12	1
1700002234.0	NaN	-56.273	3	12	1
1700002235.0	NaN	-51.569	3	12	1
1700002236.0	NaN	-48.926	3	12	1
1700002237.0	NaN	-45.458	3	12	1
1700002238.0	NaN	-50.844	3	12	1
1700002239.0	NaN	-52.263	3	12	1
1700002240.0	NaN	-53.229	3	12	1
1700002241.0	NaN	-53.085	3	12	1
1700002242.0	NaN	-54.210	3	12	1
1700002243.0	NaN	-57.951	3	12	1
1700002244.0	NaN	-58.482	3	12	1
1700002245.0	NaN	-61.796	3	12	1
1700002246.0	NaN	-62.574	3	12	1
1700002247.0	NaN	-60.865	3	12	1
1700002248.0	NaN	-57.273	3	12	1
1700002249.0	NaN	-56.222	3	12	1
1700002250.0	NaN	-54.761	3	12	1
1700002251.0	NaN	-58.487	3	12	1
1700002252.0	NaN	-60.951	3	12	1
1700002253.0	NaN	-59.770	3	12	1
1700002254.0	NaN	-58.662	3	12	1
1700002255.0	NaN	-58.454	3	12	1
1700002256.0	NaN	-59.946	3	12	1
1700002257.0	NaN	-60.936	3	12	1
1700002258.0	NaN	-60.153	3	12	1
1700002259.0	NaN	-56.641	3	12	1
1700002260.0	NaN	-56.850	3	12	1
1700002261.0	NaN	-61.520	3	12	1
1700002262.0	NaN	-57.082	3	12	1
1700002263.0	NaN	-55.756	3	12	1
1700002264.0	NaN	-56.911	3	12	1
1700002265.0	NaN	-54.082	3	12	1
1700002266.0	NaN	-52.638	3	12	1
1700002267.0	NaN	-53.665	3	12	1
1700002268.0	NaN	-54.850	3	12	1
1700002269.0	NaN	-53.210	3	12	1
1700002270.0	NaN	-53.121	3	12	1
1700002271.0	NaN	-50.365	3	12	1
1700002272.0	NaN	-51.612	3	12	1
1700002273.0	NaN	-53.122	3	12	1
1700002274.0	NaN	-55.820	3	12	1
1700002275.0	NaN	-56.337	3	12	1
1700002276.0	NaN	-52.253	3	12	1
1700002277.0	NaN	-56.759	3	12	1
1700002278.0	NaN	-55.965	3	12	1
1700002279.0	NaN	-58.282	3	12	1
1700002280.0	NaN	-60.225	3	12	1
1700002281.0	NaN	-56.314	3	12	1
1700002282.0	NaN	-60.385	3	12	1
1700002283.0	NaN	-61.455	3	12	1
1700002284.0	NaN	-66.140	3	12	1
1700002285.0	NaN	-67.624	3	12	1
1700002286.0	NaN	-66.714	3	12	1
1700002287.0	NaN	-66.837	3	12	1
1700002288.0	NaN	-64.918	3	12	1
1700002289.0	NaN	-63.512	3	12	1
1700002290.0	NaN	-64.603	3	12	1
1700002291.0	NaN	-64.580	3	12	1
1700002292.0	NaN	-63.706	3	12	1
1700002293.0	NaN	-64.581	3	12	1
1700002294.0	NaN	-69.142	3	12	1
1700002295.0	NaN	-70.166	3	12	1
1700002296.0	NaN	-69.634	3	12	1
1700002297.0	NaN	-69.324	3	12	1
1700002298.0	NaN	-73.198	3	12	1
1700002299.0	NaN	-75.087	3	12	1
1700002300.0	NaN	-73.838	3	12	1
1700002301.0	NaN	-75.577	3	12	1
1700002302.0	NaN	-73.815	3	12	1
1700002303.0	NaN	-76.237	3	12	1
1700002304.0	NaN	-80.089	3	12	1
1700002305.0	NaN	-82.666	3	12	1
1700002306.0	NaN	-78.225	3	12	1
1700002307.0	NaN	-79.905	3	12	1
1700002308.0	NaN	-81.349	3	12	1
1700002309.0	NaN	-80.530	3	12	1
1700002310.0	NaN	-81.761	3	12	1
1700002311.0	NaN	-85.970	3	12	1
1700002312.0	NaN	-87.262	3	12	1
1700002313.0	NaN	-85.256	3	12	1
1700002314.0	NaN	-88.683	3	12	1
1700002315.0	NaN	-91.512	3	12	1
1700002316.0	NaN	-92.046	3	12	1
1700002317.0	NaN	-91.758	3	12	1
1700002318.0	NaN	-93.231	3	12	1
1700002319.0	NaN	-89.727	3	12	1
1700002320.0	NaN	-90.511	3	12	1
1700002321.0	NaN	-93.205	3	12	1
1700002322.0	NaN	-93.003	3	12	1
1700002323.0	NaN	-92.690	3	12	1
1700002324.0	NaN	-92.799	3	12	1
1700002325.0	NaN	-93.410	3	12	1
1700002326.0	NaN	-89.355	3	12	1
1700002327.0	NaN	-86.396	3	12	1
1700002328.0	NaN	-85.490	3	12	1
1700002329.0	NaN	-85.934	3	12	1
1700002330.0	NaN	-84.504	3	12	1
1700002331.0	NaN	-82.946	3	12	1
1700002332.0	NaN	-82.442	3	12	1
1700002333.0	NaN	-84.383	3	12	1
1700002334.0	NaN	-82.216	3	12	1
1700002335.0	NaN	-81.177	3	12	1
1700002336.0	NaN	-83.673	3	12	1
1700002337.0	NaN	-82.282	3	12	1
1700002338.0	NaN	-80.279	3	12	1
1700002339.0	NaN	-78.967	3	12	1
1700002340.0	NaN	-79.615	3	12	1
1700002341.0	NaN	-80.071	3	12	1
1700002342.0	NaN	-81.408	3	12	1
1700002343.0	NaN	-82.214	3	12	1
1700002344.0	NaN	-79.845	3	12	1
1700002345.0	NaN	-78.609	3	12	1
1700002346.0	NaN	-80.766	3	12	1
1700002347.0	NaN	-79.834	3	12	1
1700002348.0	NaN	-77.392	3	12	1
1700002349.0	NaN	-74.321	3	12	1
1700002350.0	NaN	-73.266	3	12	1
1700002351.0	NaN	-74.950	3	12	1
1700002352.0	NaN	-75.590	3	12	1
1700002353.0	NaN	-76.901	3	12	1
1700002354.0	NaN	-78.247	3	12	1
1700002355.0	NaN	-80.901	3	12	1
1700002356.0	NaN	-80.763	3	12	1
1700002357.0	NaN	-80.363	3	12	1
1700002358.0	NaN	-81.605	3	12	1
1700002359.0	NaN	-77.818	3	12	1
1700002360.0	NaN	-78.697	3	12	1
1700002361.0	NaN	-77.039	3	12	1
1700002362.0	NaN	-72.968	3	12	1
1700002363.0	NaN	-73.401	3	12	1
1700002364.0	NaN	-69.554	3	12	1
1700002365.0	NaN	-68.644	3	12	1
1700002366.0	NaN	-64.771	3	12	1
1700002367.0	NaN	-63.083	3	12	1
1700002368.0	NaN	-65.007	3	12	1
1700002369.0	NaN	-66.444	3	12	1
1700002370.0	NaN	-69.474	3	12	1
1700002371.0	NaN	-70.663	3	12	1
1700002372.0	NaN	-72.024	3	12	1
1700002373.0	NaN	-71.484	3	12	1
1700002374.0	NaN	-75.774	3	12	1
1700002375.0	NaN	-79.636	3	12	1
1700002376.0	NaN	-80.521	3	12	1
1700002377.0	NaN	-81.926	3	12	1
1700002378.0	NaN	-80.259	3	12	1
1700002379.0	NaN	-81.004	3	12	1
1700002380.0	NaN	-82.588	3	12	1
1700002381.0	NaN	-81.725	3	12	1
1700002382.0	NaN	-85.185	3	12	1
1700002383.0	NaN	-84.630	3	12	1
1700002384.0	NaN	-82.683	3	12	1
1700002385.0	NaN	-80.910	3	12	1
1700002386.0	NaN	-82.540	3	12	1
1700002387.0	NaN	-78.996	3	12	1
1700002388.0	NaN	-78.181	3	12	1
1700002389.0	NaN	-77.258	3	12	1
1700002390.0	NaN	-75.209	3	12	1
1700002391.0	NaN	-72.412	3	12	1
1700002392.0	NaN	-74.352	3	12	1
1700002393.0	NaN	-74.364	3	12	1
1700002394.0	NaN	-74.733	3	12	1
1700002395.0	NaN	-74.722	3	12	1
1700002396.0	NaN	-73.734	3	12	1
1700002397.0	NaN	-72.356	3	12	1
1700002398.0	NaN	-72.524	3	12	1
1700002399.0	NaN	-70.841	3	12	1
1700002400.0	NaN	-68.166	3	12	1
1700002401.0	NaN	-67.548	3	12	1
1700002402.0	NaN	-70.664	3	12	1
1700002403.0	NaN	-74.777	3	12	1
1700002404.0	NaN	-75.617	3	12	1
1700002405.0	NaN	-76.064	3	12	1
1700002406.0	NaN	-76.388	3	12	1
1700002407.0	NaN	-76.269	3	12	1
1700002408.0	NaN	-76.468	3	12	1
1700002409.0	NaN	-73.834	3	12	1
1700002410.0	NaN	-73.937	3	12	1
1700002411.0	NaN	-74.963	3	12	1
1700002412.0	NaN	-76.020	3	12	1
1700002413.0	NaN	-74.795	3	12	1
1700002414.0	NaN	-76.240	3	12	1
1700002415.0	NaN	-76.860	3	12	1
1700002416.0	NaN	-77.176	3	12	1
1700002417.0	NaN	-78.950	3	12	1
1700002418.0	NaN	-82.360	3	12	1
1700002419.0	NaN	-85.082	3	12	1
1700002420.0	NaN	-87.488	3	12	1
1700002421.0	NaN	-89.795	3	12	1
1700002422.0	NaN	-90.874	3	12	1
1700002423.0	NaN	-90.242	3	12	1
1700002424.0	NaN	-91.353	3	12	1
1700002425.0	NaN	-94.169	3	12	1
1700002426.0	NaN	-91.912	3	12	1
1700002427.0	NaN	-92.194	3	12	1
1700002428.0	NaN	-96.580	3	12	1
1700002429.0	NaN	-96.971	3	12	1
1700002430.0	NaN	-99.929	3	12	1
1700002431.0	NaN	-100.863	3	12	1
1700002432.0	NaN	-101.949	3	12	1
1700002433.0	NaN	-101.390	3	12	1
1700002434.0	NaN	-105.039	3	12	1
1700002435.0	NaN	-104.819	3	12	1
1700002436.0	NaN	-102.894	3	12	1
1700002437.0	NaN	-105.858	3	12	1
1700002438.0	NaN	-104.511	3	12	1
1700002439.0	NaN	-103.594	3	12	1
1700002440.0	NaN	-103.126	3	12	1
1700002441.0	NaN	-100.092	3	12	1
1700002442.0	NaN	-101.674	3	12	1
1700002443.0	NaN	-102.690	3	12	1
1700002444.0	NaN	-102.031	3	12	1
1700002445.0	NaN	-100.882	3	12	1
1700002446.0	NaN	-100.853	3	12	1
1700002447.0	NaN	-100.210	3	12	1
1700002448.0	NaN	-100.749	3	12	1
1700002449.0	NaN	-100.008	3	12	1
1700002450.0	NaN	-101.026	3	12	1
1700002451.0	NaN	-100.560	3	12	1
1700002452.0	NaN	-101.917	3	12	1
1700002453.0	NaN	-102.885	3	12	1
1700002454.0	NaN	-106.176	3	12	1
1700002455.0	NaN	-107.652	3	12	1
1700002456.0	NaN	-107.823	3	12	1
1700002457.0	NaN	-109.321	3	12	1
1700002458.0	NaN	-109.282	3	12	1
1700002459.0	NaN	-107.100	3	12	1
1700002460.0	NaN	-107.508	3	12	1
1700002461.0	NaN	-109.087	3	12	1
1700002462.0	NaN	-109.864	3	12	1
1700002463.0	NaN	-113.803	3	12	1
1700002464.0	NaN	-112.099	3	12	1
1700002465.0	NaN	-109.236	3	12	1
1700002466.0	NaN	-111.676	3	12	1
1700002467.0	NaN	-105.907	3	12	1
1700002468.0	NaN	-107.876	3	12	1
1700002469.0	NaN	-106.231	3	12	1
1700002470.0	NaN	-106.076	3	12	1
1700002471.0	NaN	-102.872	3	12	1
1700002472.0	NaN	-100.807	3	12	1
1700002473.0	NaN	-98.634	3	12	1
1700002474.0	NaN	-95.829	3	12	1
1700002475.0	NaN	-95.359	3	12	1
1700002476.0	NaN	-94.104	3	12	1
1700002477.0	NaN	-96.010	3	12	1
1700002478.0	NaN	-92.234	3	12	1
1700002479.0	NaN	-92.229	3	12	1
1700002480.0	NaN	-90.932	3	12	1
1700002481.0	NaN	-90.620	3	12	1
1700002482.0	NaN	-92.136	3	12	1
1700002483.0	NaN	-94.134	3	12	1
1700002484.0	NaN	-95.229	3	12	1
1700002485.0	NaN	-95.855	3	12	1
1700002486.0	NaN	-98.105	3	12	1
1700002487.0	NaN	-97.956	3	12	1
1700002488.0	NaN	-96.913	3	12	1
1700002489.0	NaN	-96.141	3	12	1
1700002490.0	NaN	-97.347	3	12	1
1700002491.0	NaN	-97.410	3	12	1
1700002492.0	NaN	-94.784	3	12	1
1700002493.0	NaN	-92.989	3	12	1
1700002494.0	NaN	-93.600	3	12	1
1700002495.0	NaN	-94.413	3	12	1
1700002496.0	NaN	-92.772	3	12	1
1700002497.0	NaN	-97.048	3	12	1
1700002498.0	NaN	-95.845	3	12	1
1700002499.0	NaN	-98.074	3	12	1
1700002500.0	NaN	-99.264	3	12	1
1700002501.0	NaN	-99.985	3	12	1
1700002502.0	NaN	-98.310	3	12	1
1700002503.0	NaN	-101.765	3	12	1
1700002504.0	NaN	-100.692	3	12	1
1700002505.0	NaN	-97.689	3	12	1
1700002506.0	NaN	-99.804	3	12	1
1700002507.0	NaN	-98.850	3	12	1
1700002508.0	NaN	-94.290	3	12	1
1700002509.0	NaN	-94.870	3	12	1
1700002510.0	NaN	-93.189	3	12	1
1700002511.0	NaN	-94.099	3	12	1
1700002512.0	NaN	-93.939	3	12	1
1700002513.0	NaN	-98.760	3	12	1
1700002514.0	NaN	-99.252	3	12	1
1700002515.0	NaN	-95.387	3	12	1
1700002516.0	NaN	-91.847	3	12	1
1700002517.0	NaN	-93.126	3	12	1
1700002518.0	NaN	-92.302	3	12	1
1700002519.0	NaN	-93.171	3	12	1
1700002520.0	NaN	-93.401	3	12	1
1700002521.0	NaN	-95.106	3	12	1
1700002522.0	NaN	-92.177	3	12	1
1700002523.0	NaN	-93.168	3	12	1
1700002524.0	NaN	-90.042	3	12	1
1700002525.0	NaN	-90.721	3	12	1
1700002526.0	NaN	-87.449	3	12	1
1700002527.0	NaN	-87.952	3	12	1
1700002528.0	NaN	-90.525	3	12	1
1700002529.0	NaN	-91.912	3	12	1
1700002530.0	NaN	-91.567	3	12	1
1700002531.0	NaN	-89.665	3	12	1
1700002532.0	NaN	-88.210	3	12	1
1700002533.0	NaN	-90.372	3	12	1
1700002534.0	NaN	-87.181	3	12	1
1700002535.0	NaN	-86.535	3	12	1
1700002536.0	NaN	-85.977	3	12	1
1700002537.0	NaN	-87.254	3	12	1
1700002538.0	NaN	-85.081	3	12	1
1700002539.0	NaN	-85.296	3	12	1
1700002540.0	NaN	-88.116	3	12	1
1700002541.0	NaN	-88.146	3	12	1
1700002542.0	NaN	-87.337	3	12	1
1700002543.0	NaN	-87.841	3	12	1
1700002544.0	NaN	-88.698	3	12	1
1700002545.0	NaN	-88.083	3	12	1
1700002546.0	NaN	-90.814	3	12	1
1700002547.0	NaN	-89.055	3	12	1
1700002548.0	NaN	-90.288	3	12	1
1700002549.0	NaN	-93.054	3	12	1
1700002550.0	NaN	-92.340	3	12	1
1700002551.0	NaN	-89.271	3	12	1
1700002552.0	NaN	-86.859	3	12	1
1700002553.0	NaN	-89.400	3	12	1
1700002554.0	NaN	-91.107	3	12	1
1700002555.0	NaN	-89.630	3	12	1
1700002556.0	NaN	-88.951	3	12	1
1700002557.0	NaN	-87.908	3	12	1
1700002558.0	NaN	-86.471	3	12	1
1700002559.0	NaN	-89.891	3	12	1
1700002560.0	NaN	-86.799	3	12	1
1700002561.0	NaN	-89.324	3	12	1
1700002562.0	NaN	-88.823	3	12	1
1700002563.0	NaN	-90.634	3	12	1
1700002564.0	NaN	-89.653	3	12	1
1700002565.0	NaN	-86.922	3	12	1
1700002566.0	NaN	-85.653	3	12	1
1700002567.0	NaN	-87.003	3	12	1
1700002568.0	NaN	-86.887	3	12	1
1700002569.0	NaN	-86.877	3	12	1
1700002570.0	NaN	-87.279	3	12	1
1700002571.0	NaN	-85.421	3	12	1
1700002572.0	NaN	-87.085	3	12	1
1700002573.0	NaN	-85.872	3	12	1
1700002574.0	NaN	-87.890	3	12	1
1700002575.0	NaN	-86.350	3	12	1
1700002576.0	NaN	-84.655	3	12	1
1700002577.0	NaN	-84.131	3	12	1
1700002578.0	NaN	-81.659	3	12	1
1700002579.0	NaN	-78.614	3	12	1
1700002580.0	NaN	-78.432	3	12	1
1700002581.0	NaN	-77.720	3	12	1
1700002582.0	NaN	-80.186	3	12	1
1700002583.0	NaN	-81.950	3	12	1
1700002584.0	NaN	-79.522	3	12	1
1700002585.0	NaN	-83.613	3	12	1
1700002586.0	NaN	-80.375	3	12	1
1700002587.0	NaN	-78.615	3	12	1
1700002588.0	NaN	-79.819	3	12	1
1700002589.0	NaN	-79.314	3	12	1
1700002590.0	NaN	-80.725	3	12	1
1700002591.0	NaN	-78.047	3	12	1
1700002592.0	NaN	-79.334	3	12	1
1700002593.0	NaN	-76.464	3	12	1
1700002594.0	NaN	-76.454	3	12	1
1700002595.0	NaN	-78.558	3	12	1
1700002596.0	NaN	-76.578	3	12	1
1700002597.0	NaN	-75.209	3	12	1
1700002598.0	NaN	-73.983	3	12	1
1700002599.0	NaN	-71.571	3	12	1
1700002600.0	NaN	-72.541	3	12	1
1700002601.0	NaN	-75.535	3	12	1
1700002602.0	NaN	-75.682	3	12	1
1700002603.0	NaN	-74.873	3	12	1
1700002604.0	NaN	-74.147	3	12	1
1700002605.0	NaN	-75.691	3	12	1
1700002606.0	NaN	-74.629	3	12	1
1700002607.0	NaN	-77.107	3	12	1
1700002608.0	NaN	-76.625	3	12	1
1700002609.0	NaN	-75.193	3	12	1
1700002610.0	NaN	-74.378	3	12	1
1700002611.0	NaN	-73.064	3	12	1
1700002612.0	NaN	-76.113	3	12	1
1700002613.0	NaN	-76.547	3	12	1
1700002614.0	NaN	-77.015	3	12	1
1700002615.0	NaN	-77.484	3	12	1
1700002616.0	NaN	-78.233	3	12	1
1700002617.0	NaN	-77.836	3	12	1
1700002618.0	NaN	-76.359	3	12	1
1700002619.0	NaN	-74.507	3	12	1
1700002620.0	NaN	-74.638	3	12	1
1700002621.0	NaN	-74.983	3	12	1
1700002622.0	NaN	-74.138	3	12	1
1700002623.0	NaN	-77.209	3	12	1
1700002624.0	NaN	-75.478	3	12	1
1700002625.0	NaN	-76.635	3	12	1
1700002626.0	NaN	-74.890	3	12	1
1700002627.0	NaN	-74.008	3	12	1
1700002628.0	NaN	-73.231	3	12	1
1700002629.0	NaN	-70.318	3	12	1
1700002630.0	NaN	-67.908	3	12	1
1700002631.0	NaN	-66.593	3	12	1
1700002632.0	NaN	-68.422	3	12	1
1700002633.0	NaN	-70.208	3	12	1
1700002634.0	NaN	-71.091	3	12	1
1700002635.0	NaN	-71.627	3	12	1
1700002636.0	NaN	-72.952	3	12	1
1700002637.0	NaN	-74.826	3	12	1
1700002638.0	NaN	-72.214	3	12	1
1700002639.0	NaN	-75.860	3	12	1
1700002640.0	NaN	-70.520	3	12	1
1700002641.0	NaN	-70.532	3	12	1
1700002642.0	NaN	-70.529	3	12	1
1700002643.0	NaN	-74.533	3	12	1
1700002644.0	NaN	-74.163	3	12	1
1700002645.0	NaN	-73.219	3	12	1
1700002646.0	NaN	-71.277	3	12	1
1700002647.0	NaN	-75.138	3	12	1
1700002648.0	NaN	-76.588	3	12	1
1700002649.0	NaN	-73.414	3	12	1
1700002650.0	NaN	-73.121	3	12	1
1700002651.0	NaN	-70.388	3	12	1
1700002652.0	NaN	-68.850	3	12	1
1700002653.0	NaN	-66.218	3	12	1
1700002654.0	NaN	-67.288	3	12	1
1700002655.0	NaN	-65.696	3	12	1
1700002656.0	NaN	-65.464	3	12	1
1700002657.0	NaN	-69.669	3	12	1
1700002658.0	NaN	-68.928	3	12	1
1700002659.0	NaN	-70.306	3	12	1
1700002660.0	NaN	-69.693	3	12	1
1700002661.0	NaN	-69.761	3	12	1
1700002662.0	NaN	-73.015	3	12	1
1700002663.0	NaN	-70.252	3	12	1
1700002664.0	NaN	-70.545	3	12	1
1700002665.0	NaN	-70.080	3	12	1
1700002666.0	NaN	-74.177	3	12	1
1700002667.0	NaN	-73.987	3	12	1
1700002668.0	NaN	-73.468	3	12	1
1700002669.0	NaN	-72.275	3	12	1
1700002670.0	NaN	-74.805	3	12	1
1700002671.0	NaN	-72.173	3	12	1
1700002672.0	NaN	-74.985	3	12	1
1700002673.0	NaN	-73.835	3	12	1
1700002674.0	NaN	-72.730	3	12	1
1700002675.0	NaN	-71.229	3	12	1
1700002676.0	NaN	-73.284	3	12	1
1700002677.0	NaN	-72.296	3	12	1
1700002678.0	NaN	-76.539	3	12	1
1700002679.0	NaN	-75.026	3	12	1
1700002680.0	NaN	-74.884	3	12	1
1700002681.0	NaN	-73.599	3	12	1
1700002682.0	NaN	-72.959	3	12	1
1700002683.0	NaN	-76.359	3	12	1
1700002684.0	NaN	-73.489	3	12	1
1700002685.0	NaN	-73.020	3	12	1
1700002686.0	NaN	-70.743	3	12	1
1700002687.0	NaN	-75.163	3	12	1
1700002688.0	NaN	-72.945	3	12	1
1700002689.0	NaN	-73.862	3	12	1
1700002690.0	NaN	-75.711	3	12	1
1700002691.0	NaN	-74.374	3	12	1
1700002692.0	NaN	-73.541	3	12	1
1700002693.0	NaN	-69.099	3	12	1
1700002694.0	NaN	-64.728	3	12	1
1700002695.0	NaN	-65.081	3	12	1
1700002696.0	NaN	-63.879	3	12	1
1700002697.0	NaN	-62.742	3	12	1
1700002698.0	NaN	-62.515	3	12	1
1700002699.0	NaN	-64.452	3	12	1
1700002700.0	NaN	-65.786	3	12	1
1700002701.0	NaN	-68.559	3	12	1
1700002702.0	NaN	-70.143	3	12	1
1700002703.0	NaN	-69.172	3	12	1
1700002704.0	NaN	-66.654	3	12	1
1700002705.0	NaN	-71.353	3	12	1
1700002706.0	NaN	-74.247	3	12	1
1700002707.0	NaN	-75.453	3	12	1
1700002708.0	NaN	-74.738	3	12	1
1700002709.0	NaN	-74.266	3	12	1
1700002710.0	NaN	-71.158	3	12	1
1700002711.0	NaN	-70.587	3	12	1
1700002712.0	NaN	-72.168	3	12	1
1700002713.0	NaN	-70.074	3	12	1
1700002714.0	NaN	-74.206	3	12	1
1700002715.0	NaN	-74.862	3	12	1
1700002716.0	NaN	-74.257	3	12	1
1700002717.0	NaN	-72.896	3	12	1
1700002718.0	NaN	-73.596	3	12	1
1700002719.0	NaN	-71.591	3	12	1
1700002720.0	NaN	-71.706	3	12	1
1700002721.0	NaN	-73.893	3	12	1
1700002722.0	NaN	-73.887	3	12	1
1700002723.0	NaN	-72.206	3	12	1
1700002724.0	NaN	-71.369	3	12	1
1700002725.0	NaN	-69.407	3	12	1
1700002726.0	NaN	-68.191	3	12	1
1700002727.0	NaN	-66.123	3	12	1
1700002728.0	NaN	-64.329	3	12	1
1700002729.0	NaN	-68.703	3	12	1
1700002730.0	NaN	-69.775	3	12	1
1700002731.0	NaN	-68.610	3	12	1
1700002732.0	NaN	-71.119	3	12	1
1700002733.0	NaN	-70.565	3	12	1
1700002734.0	NaN	-72.502	3	12	1
1700002735.0	NaN	-71.445	3	12	1
1700002736.0	NaN	-74.022	3	12	1
1700002737.0	NaN	-72.062	3	12	1
1700002738.0	NaN	-75.629	3	12	1
1700002739.0	NaN	-77.696	3	12	1
1700002740.0	NaN	-81.479	3	12	1
1700002741.0	NaN	-76.844	3	12	1
1700002742.0	NaN	-76.448	3	12	1
1700002743.0	NaN	-78.809	3	12	1
1700002744.0	NaN	-78.615	3	12	1
1700002745.0	NaN	-78.431	3	12	1
1700002746.0	NaN	-76.688	3	12	1
1700002747.0	NaN	-78.462	3	12	1
1700002748.0	NaN	-79.116	3	12	1
1700002749.0	NaN	-77.291	3	12	1
1700002750.0	NaN	-77.203	3	12	1
1700002751.0	NaN	-73.855	3	12	1
1700002752.0	NaN	-68.566	3	12	1
1700002753.0	NaN	-65.885	3	12	1
1700002754.0	NaN	-64.151	3	12	1
1700002755.0	NaN	-63.540	3	12	1
1700002756.0	NaN	-71.009	3	12	1
1700002757.0	NaN	-71.330	3	12	1
1700002758.0	NaN	-74.541	3	12	1
1700002759.0	NaN	-77.666	3	12	1
1700002760.0	NaN	-80.550	3	12	1
1700002761.0	NaN	-79.241	3	12	1
1700002762.0	NaN	-81.222	3	12	1
1700002763.0	NaN	-78.666	3	12	1
1700002764.0	NaN	-79.229	3	12	1
1700002765.0	NaN	-80.633	3	12	1
1700002766.0	NaN	-79.744	3	12	1
1700002767.0	NaN	-81.565	3	12	1
1700002768.0	NaN	-83.339	3	12	1
1700002769.0	NaN	-84.187	3	12	1
1700002770.0	NaN	-82.089	3	12	1
1700002771.0	NaN	-85.611	3	12	1
1700002772.0	NaN	-83.612	3	12	1
1700002773.0	NaN	-83.056	3	12	1
1700002774.0	NaN	-82.516	3	12	1
1700002775.0	NaN	-85.030	3	12	1
1700002776.0	NaN	-85.103	3	12	1
1700002777.0	NaN	-82.973	3	12	1
1700002778.0	NaN	-82.550	3	12	1
1700002779.0	NaN	-81.648	3	12	1
1700002780.0	NaN	-80.698	3	12	1
1700002781.0	NaN	-80.640	3	12	1
1700002782.0	NaN	-81.026	3	12	1
1700002783.0	NaN	-80.410	3	12	1
1700002784.0	NaN	-78.180	3	12	1
1700002785.0	NaN	-76.660	3	12	1
1700002786.0	NaN	-79.808	3	12	1
1700002787.0	NaN	-82.188	3	12	1
1700002788.0	NaN	-82.414	3	12	1
1700002789.0	NaN	-81.502	3	12	1
1700002790.0	NaN	-83.821	3	12	1
1700002791.0	NaN	-83.363	3	12	1
1700002792.0	NaN	-85.466	3	12	1
1700002793.0	NaN	-82.269	3	12	1
1700002794.0	NaN	-79.099	3	12	1
1700002795.0	NaN	-78.502	3	12	1
1700002796.0	NaN	-75.969	3	12	1
1700002797.0	NaN	-77.028	3	12	1
1700002798.0	NaN	-79.110	3	12	1
1700002799.0	NaN	-79.573	3	12	1
1700002800.0	NaN	-79.040	3	12	1
1700002801.0	NaN	-79.792	3	12	1
1700002802.0	NaN	-79.490	3	12	1
1700002803.0	NaN	-81.593	3	12	1
1700002804.0	NaN	-82.124	3	12	1
1700002805.0	NaN	-80.419	3	12	1
1700002806.0	NaN	-79.606	3	12	1
1700002807.0	NaN	-81.108	3	12	1
1700002808.0	NaN	-80.570	3	12	1
1700002809.0	NaN	-78.966	3	12	1
1700002810.0	NaN	-79.469	3	12	1
1700002811.0	NaN	-78.989	3	12	1
1700002812.0	NaN	-78.742	3	12	1
1700002813.0	NaN	-76.786	3	12	1
1700002814.0	NaN	-75.949	3	12	1
1700002815.0	NaN	-73.796	3	12	1
1700002816.0	NaN	-73.415	3	12	1
1700002817.0	NaN	-72.041	3	12	1
1700002818.0	NaN	-72.753	3	12	1
1700002819.0	NaN	-73.470	3	12	1
1700002820.0	NaN	-75.842	3	12	1
1700002821.0	NaN	-74.861	3	12	1
1700002822.0	NaN	-72.959	3	12	1
1700002823.0	NaN	-70.827	3	12	1
1700002824.0	NaN	-70.587	3	12	1
1700002825.0	NaN	-69.793	3	12	1
1700002826.0	NaN	-69.189	3	12	1
1700002827.0	NaN	-71.055	3	12	1
1700002828.0	NaN	-70.552	3	12	1
1700002829.0	NaN	-70.097	3	12	1
1700002830.0	NaN	-69.028	3	12	1
1700002831.0	NaN	-70.077	3	12	1
1700002832.0	NaN	-65.067	3	12	1
1700002833.0	NaN	-63.391	3	12	1
1700002834.0	NaN	-63.772	3	12	1
1700002835.0	NaN	-61.503	3	12	1
1700002836.0	NaN	-61.137	3	12	1
1700002837.0	NaN	-60.011	3	12	1
1700002838.0	NaN	-60.982	3	12	1
1700002839.0	NaN	-58.898	3	12	1
1700002840.0	NaN	-59.026	3	12	1
1700002841.0	NaN	-59.128	3	12	1
1700002842.0	NaN	-58.333	3	12	1
1700002843.0	NaN	-58.854	3	12	1
1700002844.0	NaN	-56.441	3	12	1
1700002845.0	NaN	-56.921	3	12	1
1700002846.0	NaN	-55.012	3	12	1
1700002847.0	NaN	-55.422	3	12	1
1700002848.0	NaN	-57.733	3	12	1
1700002849.0	NaN	-56.977	3	12	1
1700002850.0	NaN	-56.551	3	12	1
1700002851.0	NaN	-55.764	3	12	1
1700002852.0	NaN	-56.711	3	12	1
1700002853.0	NaN	-59.103	3	12	1
1700002854.0	NaN	-57.204	3	12	1
1700002855.0	NaN	-54.808	3	12	1
1700002856.0	NaN	-55.173	3	12	1
1700002857.0	NaN	-55.204	3	12	1
1700002858.0	NaN	-57.971	3	12	1
1700002859.0	NaN	-57.270	3	12	1
1700002860.0	NaN	-59.422	3	12	1
1700002861.0	NaN	-58.910	3	12	1
1700002862.0	NaN	-56.465	3	12	1
1700002863.0	NaN	-57.285	3	12	1
1700002864.0	NaN	-58.098	3	12	1
1700002865.0	NaN	-59.962	3	12	1
1700002866.0	NaN	-61.155	3	12	1
1700002867.0	NaN	-62.844	3	12	1
1700002868.0	NaN	-61.266	3	12	1
1700002869.0	NaN	-62.537	3	12	1
1700002870.0	NaN	-61.117	3	12	1
1700002871.0	NaN	-59.365	3	12	1
1700002872.0	NaN	-59.525	3	12	1
1700002873.0	NaN	-59.707	3	12	1
1700002874.0	NaN	-59.677	3	12	1
1700002875.0	NaN	-60.636	3	12	1
1700002876.0	NaN	-57.122	3	12	1
1700002877.0	NaN	-60.155	3	12	1
1700002878.0	NaN	-60.230	3	12	1
1700002879.0	NaN	-57.599	3	12	1
1700002880.0	NaN	-59.175	3	12	1
1700002881.0	NaN	-55.379	3	12	1
1700002882.0	NaN	-56.625	3	12	1
1700002883.0	NaN	-55.860	3	12	1
1700002884.0	NaN	-53.155	3	12	1
1700002885.0	NaN	-50.334	3	12	1
1700002886.0	NaN	-49.935	3	12	1
1700002887.0	NaN	-47.300	3	12	1
1700002888.0	NaN	-49.149	3	12	1
1700002889.0	NaN	-47.190	3	12	1
1700002890.0	NaN	-48.907	3	12	1
1700002891.0	NaN	-48.674	3	12	1
1700002892.0	NaN	-50.115	3	12	1
1700002893.0	NaN	-50.286	3	12	1
1700002894.0	NaN	-49.445	3	12	1
1700002895.0	NaN	-47.101	3	12	1
1700002896.0	NaN	-44.553	3	12	1
1700002897.0	NaN	-41.817	3	12	1
1700002898.0	NaN	-39.730	3	12	1
1700002899.0	NaN	-40.112	3	12	1
1700002900.0	NaN	-36.273	3	12	1
1700002901.0	NaN	-35.701	3	12	1
1700002902.0	NaN	-35.818	3	12	1
1700002903.0	NaN	-38.441	3	12	1
1700002904.0	NaN	-39.802	3	12	1
1700002905.0	NaN	-40.226	3	12	1
1700002906.0	NaN	-40.122	3	12	1
1700002907.0	NaN	-43.242	3	12	1
1700002908.0	NaN	-43.224	3	12	1
1700002909.0	NaN	-44.390	3	12	1
1700002910.0	NaN	-44.553	3	12	1
1700002911.0	NaN	-44.993	3	12	1
1700002912.0	NaN	-45.113	3	12	1
1700002913.0	NaN	-44.305	3	12	1
1700002914.0	NaN	-42.688	3	12	1
1700002915.0	NaN	-44.600	3	12	1
1700002916.0	NaN	-44.373	3	12	1
1700002917.0	NaN	-44.626	3	12	1
1700002918.0	NaN	-39.947	3	12	1
1700002919.0	NaN	-38.995	3	12	1
1700002920.0	NaN	-38.291	3	12	1
1700002921.0	NaN	-38.327	3	12	1
1700002922.0	NaN	-40.079	3	12	1
1700002923.0	NaN	-37.593	3	12	1
1700002924.0	NaN	-40.561	3	12	1
1700002925.0	NaN	-43.396	3	12	1
1700002926.0	NaN	-43.468	3	12	1
1700002927.0	NaN	-45.894	3	12	1
1700002928.0	NaN	-43.623	3	12	1
1700002929.0	NaN	-40.863	3	12	1
1700002930.0	NaN	-41.354	3	12	1
1700002931.0	NaN	-44.389	3	12	1
1700002932.0	NaN	-41.117	3	12	1
1700002933.0	NaN	-37.767	3	12	1
1700002934.0	NaN	-37.650	3	12	1
1700002935.0	NaN	-36.277	3	12	1
1700002936.0	NaN	-36.704	3	12	1
1700002937.0	NaN	-37.325	3	12	1
1700002938.0	NaN	-38.049	3	12	1
1700002939.0	NaN	-41.850	3	12	1
1700002940.0	NaN	-38.932	3	12	1
1700002941.0	NaN	-37.828	3	12	1
1700002942.0	NaN	-37.157	3	12	1
1700002943.0	NaN	-36.507	3	12	1
1700002944.0	NaN	-35.543	3	12	1
1700002945.0	NaN	-34.740	3	12	1
1700002946.0	NaN	-29.793	3	12	1
1700002947.0	NaN	-31.649	3	12	1
1700002948.0	NaN	-33.165	3	12	1
1700002949.0	NaN	-32.165	3	12	1
1700002950.0	NaN	-34.920	3	12	1
1700002951.0	NaN	-33.121	3	12	1
1700002952.0	NaN	-33.407	3	12	1
1700002953.0	NaN	-37.672	3	12	1
1700002954.0	NaN	-38.522	3	12	1
1700002955.0	NaN	-40.179	3	12	1
1700002956.0	NaN	-35.986	3	12	1
1700002957.0	NaN	-37.581	3	12	1
1700002958.0	NaN	-36.068	3	12	1
1700002959.0	NaN	-36.877	3	12	1
1700002960.0	NaN	-36.280	3	12	1
1700002961.0	NaN	-38.150	3	12	1
1700002962.0	NaN	-35.638	3	12	1
1700002963.0	NaN	-34.138	3	12	1
1700002964.0	NaN	-36.226	3	12	1
1700002965.0	NaN	-33.749	3	12	1
1700002966.0	NaN	-32.793	3	12	1
1700002967.0	NaN	-34.412	3	12	1
1700002968.0	NaN	-36.673	3	12	1
1700002969.0	NaN	-36.713	3	12	1
1700002970.0	NaN	-36.004	3	12	1
1700002971.0	NaN	-37.511	3	12	1
1700002972.0	NaN	-37.771	3	12	1
1700002973.0	NaN	-35.974	3	12	1
1700002974.0	NaN	-39.490	3	12	1
1700002975.0	NaN	-36.384	3	12	1
1700002976.0	NaN	-35.019	3	12	1
1700002977.0	NaN	-37.039	3	12	1
1700002978.0	NaN	-36.399	3	12	1
1700002979.0	NaN	-40.255	3	12	1
1700002980.0	NaN	-39.218	3	12	1
1700002981.0	NaN	-35.237	3	12	1
1700002982.0	NaN	-32.605	3	12	1
1700002983.0	NaN	-30.746	3	12	1
1700002984.0	NaN	-31.789	3	12	1
1700002985.0	NaN	-28.237	3	12	1
1700002986.0	NaN	-28.797	3	12	1
1700002987.0	NaN	-29.799	3	12	1
1700002988.0	NaN	-32.059	3	12	1
1700002989.0	NaN	-32.622	3	12	1
1700002990.0	NaN	-35.182	3	12	1
1700002991.0	NaN	-34.816	3	12	1
1700002992.0	NaN	-36.239	3	12	1
1700002993.0	NaN	-37.635	3	12	1
1700002994.0	NaN	-36.906	3	12	1
1700002995.0	NaN	-33.776	3	12	1
1700002996.0	NaN	-33.757	3	12	1
1700002997.0	NaN	-34.915	3	12	1
1700002998.0	NaN	-35.837	3	12	1
1700002999.0	NaN	-34.594	3	12	1
1700003000.0	NaN	-37.571	3	12	1
1700003001.0	NaN	-37.330	3	12	1
1700003002.0	NaN	-39.974	3	12	1
1700003003.0	NaN	-40.958	3	12	1
1700003004.0	NaN	-38.198	3	12	1
1700003005.0	NaN	-38.299	3	12	1
1700003006.0	NaN	-35.830	3	12	1
1700003007.0	NaN	-34.904	3	12	1
1700003008.0	NaN	-37.104	3	12	1
1700003009.0	NaN	-34.672	3	12	1
1700003010.0	NaN	-37.501	3	12	1
1700003011.0	NaN	-39.438	3	12	1
1700003012.0	NaN	-38.964	3	12	1
1700003013.0	NaN	-39.339	3	12	1
1700003014.0	NaN	-37.131	3	12	1
1700003015.0	NaN	-33.894	3	12	1
1700003016.0	NaN	-31.963	3	12	1
1700003017.0	NaN	-31.936	3	12	1
1700003018.0	NaN	-31.144	3	12	1
1700003019.0	NaN	-29.942	3	12	1
1700003020.0	NaN	-28.533	3	12	1
1700003021.0	NaN	-29.895	3	12	1
1700003022.0	NaN	-27.476	3	12	1
1700003023.0	NaN	-28.207	3	12	1
1700003024.0	NaN	-27.012	3	12	1
1700003025.0	NaN	-29.366	3	12	1
1700003026.0	NaN	-29.006	3	12	1
1700003027.0	NaN	-30.959	3	12	1
1700003028.0	NaN	-31.126	3	12	1
1700003029.0	NaN	-36.601	3	12	1
1700003030.0	NaN	-38.243	3	12	1
1700003031.0	NaN	-40.201	3	12	1
1700003032.0	NaN	-37.776	3	12	1
1700003033.0	NaN	-40.645	3	12	1
1700003034.0	NaN	-39.326	3	12	1
1700003035.0	NaN	-42.183	3	12	1
1700003036.0	NaN	-40.000	3	12	1
1700003037.0	NaN	-36.860	3	12	1
1700003038.0	NaN	-37.042	3	12	1
1700003039.0	NaN	-37.061	3	12	1
1700003040.0	NaN	-37.709	3	12	1
1700003041.0	NaN	-38.921	3	12	1
1700003042.0	NaN	-41.745	3	12	1
1700003043.0	NaN	-39.872	3	12	1
1700003044.0	NaN	-36.997	3	12	1
1700003045.0	NaN	-35.056	3	12	1
1700003046.0	NaN	-39.085	3	12	1
1700003047.0	NaN	-40.164	3	12	1
1700003048.0	NaN	-39.503	3	12	1
1700003049.0	NaN	-39.408	3	12	1
1700003050.0	NaN	-39.101	3	12	1
1700003051.0	NaN	-44.679	3	12	1
1700003052.0	NaN	-44.775	3	12	1
1700003053.0	NaN	-46.446	3	12	1
1700003054.0	NaN	-44.675	3	12	1
1700003055.0	NaN	-42.350	3	12	1
1700003056.0	NaN	-39.839	3	12	1
1700003057.0	NaN	-40.846	3	12	1
1700003058.0	NaN	-39.550	3	12	1
1700003059.0	NaN	-38.339	3	12	1
1700003060.0	NaN	-41.176	3	12	1
1700003061.0	NaN	-44.003	3	12	1
1700003062.0	NaN	-45.435	3	12	1
1700003063.0	NaN	-43.360	3	12	1
1700003064.0	NaN	-40.998	3	12	1
1700003065.0	NaN	-43.500	3	12	1
1700003066.0	NaN	-44.739	3	12	1
1700003067.0	NaN	-45.728	3	12	1
1700003068.0	NaN	-43.775	3	12	1
1700003069.0	NaN	-41.930	3	12	1
1700003070.0	NaN	-40.709	3	12	1
1700003071.0	NaN	-43.256	3	12	1
1700003072.0	NaN	-42.854	3	12	1
1700003073.0	NaN	-45.602	3	12	1
1700003074.0	NaN	-45.467	3	12	1
1700003075.0	NaN	-51.845	3	12	1
1700003076.0	NaN	-53.853	3	12	1
1700003077.0	NaN	-52.295	3	12	1
1700003078.0	NaN	-49.863	3	12	1
1700003079.0	NaN	-49.989	3	12	1
1700003080.0	NaN	-53.493	3	12	1
1700003081.0	NaN	-52.773	3	12	1
1700003082.0	NaN	-51.407	3	12	1
1700003083.0	NaN	-52.190	3	12	1
1700003084.0	NaN	-54.885	3	12	1
1700003085.0	NaN	-56.521	3	12	1
1700003086.0	NaN	-53.219	3	12	1
1700003087.0	NaN	-54.674	3	12	1
1700003088.0	NaN	-54.131	3	12	1
1700003089.0	NaN	-55.490	3	12	1
1700003090.0	NaN	-55.214	3	12	1
1700003091.0	NaN	-55.357	3	12	1
1700003092.0	NaN	-60.572	3	12	1
1700003093.0	NaN	-61.019	3	12	1
1700003094.0	NaN	-63.602	3	12	1
1700003095.0	NaN	-59.623	3	12	1
1700003096.0	NaN	-56.863	3	12	1
1700003097.0	NaN	-54.257	3	12	1
1700003098.0	NaN	-56.972	3	12	1
1700003099.0	NaN	-57.091	3	12	1
1700003100.0	NaN	-57.890	3	12	1
1700003101.0	NaN	-58.833	3	12	1
1700003102.0	NaN	-56.727	3	12	1
1700003103.0	NaN	-57.833	3	12	1
1700003104.0	NaN	-58.653	3	12	1
1700003105.0	NaN	-56.921	3	12	1
1700003106.0	NaN	-58.477	3	12	1
1700003107.0	NaN	-59.141	3	12	1
1700003108.0	NaN	-63.245	3	12	1
1700003109.0	NaN	-63.291	3	12	1
1700003110.0	NaN	-61.978	3	12	1
1700003111.0	NaN	-62.865	3	12	1
1700003112.0	NaN	-63.357	3	12	1
1700003113.0	NaN	-62.830	3	12	1
1700003114.0	NaN	-62.735	3	12	1
1700003115.0	NaN	-61.973	3	12	1
1700003116.0	NaN	-65.734	3	12	1
1700003117.0	NaN	-67.417	3	12	1
1700003118.0	NaN	-65.927	3	12	1
1700003119.0	NaN	-67.475	3	12	1
1700003120.0	NaN	-68.218	3	12	1
1700003121.0	NaN	-69.252	3	12	1
1700003122.0	NaN	-67.567	3	12	1
1700003123.0	NaN	-67.778	3	12	1
1700003124.0	NaN	-64.688	3	12	1
1700003125.0	NaN	-65.604	3	12	1
1700003126.0	NaN	-65.936	3	12	1
1700003127.0	NaN	-63.237	3	12	1
1700003128.0	NaN	-61.321	3	12	1
1700003129.0	NaN	-65.252	3	12	1
1700003130.0	NaN	-64.825	3	12	1
1700003131.0	NaN	-65.339	3	12	1
1700003132.0	NaN	-67.943	3	12	1
1700003133.0	NaN	-68.032	3	12	1
1700003134.0	NaN	-65.286	3	12	1
1700003135.0	NaN	-68.543	3	12	1
1700003136.0	NaN	-67.888	3	12	1
1700003137.0	NaN	-68.082	3	12	1
1700003138.0	NaN	-62.190	3	12	1
1700003139.0	NaN	-56.845	3	12	1
1700003140.0	NaN	-58.637	3	12	1
1700003141.0	NaN	-59.622	3	12	1
1700003142.0	NaN	-58.753	3	12	1
1700003143.0	NaN	-61.975	3	12	1
1700003144.0	NaN	-60.864	3	12	1
1700003145.0	NaN	-61.050	3	12	1
1700003146.0	NaN	-61.316	3	12	1
1700003147.0	NaN	-60.500	3	12	1
1700003148.0	NaN	-55.466	3	12	1
1700003149.0	NaN	-56.205	3	12	1
1700003150.0	NaN	-56.366	3	12	1
1700003151.0	NaN	-59.485	3	12	1
1700003152.0	NaN	-60.991	3	12	1
1700003153.0	NaN	-60.156	3	12	1
1700003154.0	NaN	-60.693	3	12	1
1700003155.0	NaN	-60.930	3	12	1
1700003156.0	NaN	-61.865	3	12	1
1700003157.0	NaN	-63.467	3	12	1
1700003158.0	NaN	-65.385	3	12	1
1700003159.0	NaN	-64.157	3	12	1
1700003160.0	NaN	-63.991	3	12	1
1700003161.0	NaN	-66.727	3	12	1
1700003162.0	NaN	-65.197	3	12	1
1700003163.0	NaN	-63.591	3	12	1
1700003164.0	NaN	-63.717	3	12	1
1700003165.0	NaN	-64.228	3	12	1
1700003166.0	NaN	-61.214	3	12	1
1700003167.0	NaN	-63.801	3	12	1
1700003168.0	NaN	-63.049	3	12	1
1700003169.0	NaN	-61.064	3	12	1
1700003170.0	NaN	-63.750	3	12	1
1700003171.0	NaN	-65.469	3	12	1
1700003172.0	NaN	-64.657	3	12	1
1700003173.0	NaN	-65.635	3	12	1
1700003174.0	NaN	-68.164	3	12	1
1700003175.0	NaN	-69.344	3	12	1
1700003176.0	NaN	-71.329	3	12	1
1700003177.0	NaN	-71.507	3	12	1
1700003178.0	NaN	-72.958	3	12	1
1700003179.0	NaN	-72.204	3	12	1
1700003180.0	NaN	-74.088	3	12	1
1700003181.0	NaN	-74.649	3	12	1
1700003182.0	NaN	-74.347	3	12	1
1700003183.0	NaN	-73.112	3	12	1
1700003184.0	NaN	-75.380	3	12	1
1700003185.0	NaN	-76.565	3	12	1
1700003186.0	NaN	-77.903	3	12	1
1700003187.0	NaN	-75.612	3	12	1
1700003188.0	NaN	-74.681	3	12	1
1700003189.0	NaN	-75.987	3	12	1
1700003190.0	NaN	-76.080	3	12	1
1700003191.0	NaN	-75.871	3	12	1
1700003192.0	NaN	-76.345	3	12	1
1700003193.0	NaN	-73.614	3	12	1
1700003194.0	NaN	-77.091	3	12	1
1700003195.0	NaN	-73.160	3	12	1
1700003196.0	NaN	-70.239	3	12	1
1700003197.0	NaN	-68.507	3	12	1
1700003198.0	NaN	-69.205	3	12	1
1700003199.0	NaN	-72.572	3	12	1
1700003200.0	NaN	-71.093	3	12	1
1700003201.0	NaN	-67.678	3	12	1
1700003202.0	NaN	-66.311	3	12	1
1700003203.0	NaN	-63.511	3	12	1
1700003204.0	NaN	-63.299	3	12	1
1700003205.0	NaN	-61.195	3	12	1
1700003206.0	NaN	-60.566	3	12	1
1700003207.0	NaN	-61.207	3	12	1
1700003208.0	NaN	-63.606	3	12	1
1700003209.0	NaN	-64.619	3	12	1
1700003210.0	NaN	-63.425	3	12	1
1700003211.0	NaN	-62.060	3	12	1
1700003212.0	NaN	-61.152	3	12	1
1700003213.0	NaN	-60.817	3	12	1
1700003214.0	NaN	-59.390	3	12	1
1700003215.0	NaN	-58.406	3	12	1
1700003216.0	NaN	-57.536	3	12	1
1700003217.0	NaN	-58.305	3	12	1
1700003218.0	NaN	-57.796	3	12	1
1700003219.0	NaN	-58.066	3	12	1
1700003220.0	NaN	-59.711	3	12	1
1700003221.0	NaN	-59.282	3	12	1
1700003222.0	NaN	-61.816	3	12	1
1700003223.0	NaN	-62.456	3	12	1
1700003224.0	NaN	-65.653	3	12	1
1700003225.0	NaN	-67.543	3	12	1
1700003226.0	NaN	-65.185	3	12	1
1700003227.0	NaN	-61.402	3	12	1
1700003228.0	NaN	-60.475	3	12	1
1700003229.0	NaN	-61.324	3	12	1
1700003230.0	NaN	-65.784	3	12	1
1700003231.0	NaN	-66.470	3	12	1
1700003232.0	NaN	-65.498	3	12	1
1700003233.0	NaN	-65.639	3	12	1
1700003234.0	NaN	-66.892	3	12	1
1700003235.0	NaN	-65.610	3	12	1
1700003236.0	NaN	-66.862	3	12	1
1700003237.0	NaN	-66.356	3	12	1
1700003238.0	NaN	-66.958	3	12	1
1700003239.0	NaN	-67.839	3	12	1
1700003240.0	NaN	-64.322	3	12	1
1700003241.0	NaN	-61.456	3	12	1
1700003242.0	NaN	-59.976	3	12	1
1700003243.0	NaN	-61.993	3	12	1
1700003244.0	NaN	-60.391	3	12	1
1700003245.0	NaN	-59.734	3	12	1
1700003246.0	NaN	-58.396	3	12	1
1700003247.0	NaN	-56.098	3	12	1
1700003248.0	NaN	-58.331	3	12	1
1700003249.0	NaN	-57.706	3	12	1
1700003250.0	NaN	-57.161	3	12	1
1700003251.0	NaN	-56.129	3	12	1
1700003252.0	NaN	-55.300	3	12	1
1700003253.0	NaN	-55.799	3	12	1
1700003254.0	NaN	-53.407	3	12	1
1700003255.0	NaN	-55.197	3	12	1
1700003256.0	NaN	-50.774	3	12	1
1700003257.0	NaN	-48.707	3	12	1
1700003258.0	NaN	-47.587	3	12	1
1700003259.0	NaN	-50.051	3	12	1
1700003260.0	NaN	-52.588	3	12	1
1700003261.0	NaN	-55.377	3	12	1
1700003262.0	NaN	-54.967	3	12	1
1700003263.0	NaN	-54.024	3	12	1
1700003264.0	NaN	-52.685	3	12	1
1700003265.0	NaN	-52.412	3	12	1
1700003266.0	NaN	-52.754	3	12	1
1700003267.0	NaN	-57.069	3	12	1
1700003268.0	NaN	-58.232	3	12	1
1700003269.0	NaN	-57.083	3	12	1
1700003270.0	NaN	-57.695	3	12	1
1700003271.0	NaN	-55.451	3	12	1
1700003272.0	NaN	-55.501	3	12	1
1700003273.0	NaN	-52.990	3	12	1
1700003274.0	NaN	-50.328	3	12	1
1700003275.0	NaN	-55.982	3	12	1
1700003276.0	NaN	-57.152	3	12	1
1700003277.0	NaN	-54.426	3	12	1
1700003278.0	NaN	-51.713	3	12	1
1700003279.0	NaN	-51.930	3	12	1
1700003280.0	NaN	-51.413	3	12	1
1700003281.0	NaN	-49.546	3	12	1
1700003282.0	NaN	-46.640	3	12	1
1700003283.0	NaN	-43.877	3	12	1
1700003284.0	NaN	-45.552	3	12	1
1700003285.0	NaN	-46.700	3	12	1
1700003286.0	NaN	-48.468	3	12	1
1700003287.0	NaN	-49.131	3	12	1
1700003288.0	NaN	-47.299	3	12	1
1700003289.0	NaN	-46.313	3	12	1
1700003290.0	NaN	-45.829	3	12	1
1700003291.0	NaN	-45.681	3	12	1
1700003292.0	NaN	-41.261	3	12	1
1700003293.0	NaN	-39.889	3	12	1
1700003294.0	NaN	-40.751	3	12	1
1700003295.0	NaN	-39.686	3	12	1
1700003296.0	NaN	-40.026	3	12	1
1700003297.0	NaN	-40.549	3	12	1
1700003298.0	NaN	-41.372	3	12	1
1700003299.0	NaN	-46.511	3	12	1
1700003300.0	NaN	-49.130	3	12	1
1700003301.0	NaN	-49.395	3	12	1
1700003302.0	NaN	-52.416	3	12	1
1700003303.0	NaN	-54.435	3	12	1
1700003304.0	NaN	-57.628	3	12	1
1700003305.0	NaN	-61.839	3	12	1
1700003306.0	NaN	-61.699	3	12	1
1700003307.0	NaN	-62.221	3	12	1
1700003308.0	NaN	-65.341	3	12	1
1700003309.0	NaN	-65.046	3	12	1
1700003310.0	NaN	-61.528	3	12	1
1700003311.0	NaN	-60.848	3	12	1
1700003312.0	NaN	-61.058	3	12	1
1700003313.0	NaN	-63.946	3	12	1
1700003314.0	NaN	-62.907	3	12	1
1700003315.0	NaN	-61.609	3	12	1
1700003316.0	NaN	-65.010	3	12	1
1700003317.0	NaN	-65.933	3	12	1
1700003318.0	NaN	-63.876	3	12	1
1700003319.0	NaN	-64.027	3	12	1
1700003320.0	NaN	-69.369	3	12	1
1700003321.0	NaN	-69.108	3	12	1
1700003322.0	NaN	-68.866	3	12	1
1700003323.0	NaN	-68.530	3	12	1
1700003324.0	NaN	-68.954	3	12	1
1700003325.0	NaN	-67.310	3	12	1
1700003326.0	NaN	-66.346	3	12	1
1700003327.0	NaN	-61.862	3	12	1
1700003328.0	NaN	-61.586	3	12	1
1700003329.0	NaN	-60.812	3	12	1
1700003330.0	NaN	-60.679	3	12	1
1700003331.0	NaN	-62.679	3	12	1
1700003332.0	NaN	-62.669	3	12	1
1700003333.0	NaN	-62.668	3	12	1
1700003334.0	NaN	-66.665	3	12	1
1700003335.0	NaN	-61.940	3	12	1
1700003336.0	NaN	-61.327	3	12	1
1700003337.0	NaN	-59.577	3	12	1
1700003338.0	NaN	-58.782	3	12	1
1700003339.0	NaN	-58.731	3	12	1
1700003340.0	NaN	-57.507	3	12	1
1700003341.0	NaN	-54.342	3	12	1
1700003342.0	NaN	-52.627	3	12	1
1700003343.0	NaN	-53.448	3	12	1
1700003344.0	NaN	-51.808	3	12	1
1700003345.0	NaN	-50.264	3	12	1
1700003346.0	NaN	-51.519	3	12	1
1700003347.0	NaN	-50.876	3	12	1
1700003348.0	NaN	-49.997	3	12	1
1700003349.0	NaN	-50.449	3	12	1
1700003350.0	NaN	-49.901	3	12	1
1700003351.0	NaN	-50.900	3	12	1
1700003352.0	NaN	-52.534	3	12	1
1700003353.0	NaN	-53.457	3	12	1
1700003354.0	NaN	-55.402	3	12	1
1700003355.0	NaN	-49.608	3	12	1
1700003356.0	NaN	-47.343	3	12	1
1700003357.0	NaN	-47.362	3	12	1
1700003358.0	NaN	-50.014	3	12	1
1700003359.0	NaN	-48.156	3	12	1
1700003360.0	NaN	-45.946	3	12	1
1700003361.0	NaN	-49.030	3	12	1
1700003362.0	NaN	-49.663	3	12	1
1700003363.0	NaN	-46.905	3	12	1
1700003364.0	NaN	-45.819	3	12	1
1700003365.0	NaN	-42.380	3	12	1
1700003366.0	NaN	-43.502	3	12	1
1700003367.0	NaN	-44.205	3	12	1
1700003368.0	NaN	-45.320	3	12	1
1700003369.0	NaN	-47.405	3	12	1
1700003370.0	NaN	-49.604	3	12	1
1700003371.0	NaN	-49.486	3	12	1
1700003372.0	NaN	-45.155	3	12	1
1700003373.0	NaN	-45.315	3	12	1
1700003374.0	NaN	-44.604	3	12	1
1700003375.0	NaN	-48.899	3	12	1
1700003376.0	NaN	-48.149	3	12	1
1700003377.0	NaN	-48.611	3	12	1
1700003378.0	NaN	-50.093	3	12	1
1700003379.0	NaN	-53.487	3	12	1
1700003380.0	NaN	-50.989	3	12	1
1700003381.0	NaN	-48.971	3	12	1
1700003382.0	NaN	-49.808	3	12	1
1700003383.0	NaN	-51.408	3	12	1
1700003384.0	NaN	-51.277	3	12	1
1700003385.0	NaN	-53.204	3	12	1
1700003386.0	NaN	-56.940	3	12	1
1700003387.0	NaN	-58.892	3	12	1
1700003388.0	NaN	-55.725	3	12	1
1700003389.0	NaN	-58.793	3	12	1
1700003390.0	NaN	-58.770	3	12	1
1700003391.0	NaN	-59.140	3	12	1
1700003392.0	NaN	-61.953	3	12	1
1700003393.0	NaN	-59.561	3	12	1
1700003394.0	NaN	-54.942	3	12	1
1700003395.0	NaN	-53.633	3	12	1
1700003396.0	NaN	-53.231	3	12	1
1700003397.0	NaN	-50.938	3	12	1
1700003398.0	NaN	-49.012	3	12	1
1700003399.0	NaN	-54.327	3	12	1
1700003400.0	NaN	-52.907	3	12	1
1700003401.0	NaN	-52.497	3	12	1
1700003402.0	NaN	-51.746	3	12	1
1700003403.0	NaN	-50.034	3	12	1
1700003404.0	NaN	-49.911	3	12	1
1700003405.0	NaN	-49.189	3	12	1
1700003406.0	NaN	-50.930	3	12	1
1700003407.0	NaN	-52.583	3	12	1
1700003408.0	NaN	-52.780	3	12	1
1700003409.0	NaN	-53.455	3	12	1
1700003410.0	NaN	-50.288	3	12	1
1700003411.0	NaN	-47.738	3	12	1
1700003412.0	NaN	-47.721	3	12	1
1700003413.0	NaN	-46.098	3	12	1
1700003414.0	NaN	-46.717	3	12	1
1700003415.0	NaN	-49.587	3	12	1
1700003416.0	NaN	-49.396	3	12	1
1700003417.0	NaN	-49.721	3	12	1
1700003418.0	NaN	-48.453	3	12	1
1700003419.0	NaN	-48.370	3	12	1
1700003420.0	NaN	-48.486	3	12	1
1700003421.0	NaN	-48.224	3	12	1
1700003422.0	NaN	-45.961	3	12	1
1700003423.0	NaN	-45.417	3	12	1
1700003424.0	NaN	-45.185	3	12	1
1700003425.0	NaN	-42.696	3	12	1
1700003426.0	NaN	-45.311	3	12	1
1700003427.0	NaN	-50.215	3	12	1
1700003428.0	NaN	-51.032	3	12	1
1700003429.0	NaN	-49.579	3	12	1
1700003430.0	NaN	-52.498	3	12	1
1700003431.0	NaN	-54.664	3	12	1
1700003432.0	NaN	-52.256	3	12	1
1700003433.0	NaN	-53.295	3	12	1
1700003434.0	NaN	-51.766	3	12	1
1700003435.0	NaN	-51.737	3	12	1
1700003436.0	NaN	-51.665	3	12	1
1700003437.0	NaN	-50.676	3	12	1
1700003438.0	NaN	-53.992	3	12	1
1700003439.0	NaN	-52.861	3	12	1
1700003440.0	NaN	-54.599	3	12	1
1700003441.0	NaN	-55.417	3	12	1
1700003442.0	NaN	-57.995	3	12	1
1700003443.0	NaN	-58.277	3	12	1
1700003444.0	NaN	-56.111	3	12	1
1700003445.0	NaN	-53.252	3	12	1
1700003446.0	NaN	-50.885	3	12	1
1700003447.0	NaN	-51.038	3	12	1
1700003448.0	NaN	-51.609	3	12	1
1700003449.0	NaN	-52.494	3	12	1
1700003450.0	NaN	-55.501	3	12	1
1700003451.0	NaN	-50.104	3	12	1
1700003452.0	NaN	-48.080	3	12	1
1700003453.0	NaN	-45.771	3	12	1
1700003454.0	NaN	-45.908	3	12	1
1700003455.0	NaN	-46.029	3	12	1
1700003456.0	NaN	-45.901	3	12	1
1700003457.0	NaN	-45.589	3	12	1
1700003458.0	NaN	-48.795	3	12	1
1700003459.0	NaN	-48.624	3	12	1
1700003460.0	NaN	-47.896	3	12	1
1700003461.0	NaN	-50.824	3	12	1
1700003462.0	NaN	-48.789	3	12	1
1700003463.0	NaN	-49.951	3	12	1
1700003464.0	NaN	-47.529	3	12	1
1700003465.0	NaN	-48.022	3	12	1
1700003466.0	NaN	-49.190	3	12	1
1700003467.0	NaN	-50.179	3	12	1
1700003468.0	NaN	-50.717	3	12	1
1700003469.0	NaN	-49.992	3	12	1
1700003470.0	NaN	-52.151	3	12	1
1700003471.0	NaN	-50.442	3	12	1
1700003472.0	NaN	-51.716	3	12	1
1700003473.0	NaN	-53.470	3	12	1
1700003474.0	NaN	-52.214	3	12	1
1700003475.0	NaN	-55.475	3	12	1
1700003476.0	NaN	-54.215	3	12	1
1700003477.0	NaN	-54.324	3	12	1
1700003478.0	NaN	-53.989	3	12	1
1700003479.0	NaN	-54.670	3	12	1
1700003480.0	NaN	-55.592	3	12	1
1700003481.0	NaN	-54.538	3	12	1
1700003482.0	NaN	-53.044	3	12	1
1700003483.0	NaN	-54.479	3	12	1
1700003484.0	NaN	-54.235	3	12	1
1700003485.0	NaN	-52.778	3	12	1
1700003486.0	NaN	-53.678	3	12	1
1700003487.0	NaN	-52.287	3	12	1
1700003488.0	NaN	-53.113	3	12	1
1700003489.0	NaN	-49.306	3	12	1
1700003490.0	NaN	-48.970	3	12	1
1700003491.0	NaN	-49.394	3	12	1
1700003492.0	NaN	-49.087	3	12	1
1700003493.0	NaN	-51.655	3	12	1
1700003494.0	NaN	-54.038	3	12	1
1700003495.0	NaN	-56.514	3	12	1
1700003496.0	NaN	-54.756	3	12	1
1700003497.0	NaN	-53.155	3	12	1
1700003498.0	NaN	-53.225	3	12	1
1700003499.0	NaN	-57.545	3	12	1
1700003500.0	NaN	-61.631	3	12	1
1700003501.0	NaN	-62.624	3	12	1
1700003502.0	NaN	-58.963	3	12	1
1700003503.0	NaN	-56.472	3	12	1
1700003504.0	NaN	-54.801	3	12	1
1700003505.0	NaN	-58.047	3	12	1
1700003506.0	NaN	-58.738	3	12	1
1700003507.0	NaN	-61.851	3	12	1
1700003508.0	NaN	-62.246	3	12	1
1700003509.0	NaN	-59.081	3	12	1
1700003510.0	NaN	-56.629	3	12	1
1700003511.0	NaN	-59.635	3	12	1
1700003512.0	NaN	-60.192	3	12	1
1700003513.0	NaN	-60.031	3	12	1
1700003514.0	NaN	-62.392	3	12	1
1700003515.0	NaN	-60.294	3	12	1
1700003516.0	NaN	-62.698	3	12	1
1700003517.0	NaN	-62.723	3	12	1
1700003518.0	NaN	-61.855	3	12	1
1700003519.0	NaN	-62.519	3	12	1
1700003520.0	NaN	-66.765	3	12	1
1700003521.0	NaN	-67.667	3	12	1
1700003522.0	NaN	-66.157	3	12	1
1700003523.0	NaN	-68.350	3	12	1
1700003524.0	NaN	-72.738	3	12	1
1700003525.0	NaN	-73.344	3	12	1
1700003526.0	NaN	-73.879	3	12	1
1700003527.0	NaN	-76.181	3	12	1
1700003528.0	NaN	-76.167	3	12	1
1700003529.0	NaN	-75.298	3	12	1
1700003530.0	NaN	-72.565	3	12	1
1700003531.0	NaN	-74.470	3	12	1
1700003532.0	NaN	-75.316	3	12	1
1700003533.0	NaN	-76.090	3	12	1
1700003534.0	NaN	-76.723	3	12	1
1700003535.0	NaN	-75.158	3	12	1
1700003536.0	NaN	-76.155	3	12	1
1700003537.0	NaN	-78.305	3	12	1
1700003538.0	NaN	-74.753	3	12	1
1700003539.0	NaN	-80.008	3	12	1
1700003540.0	NaN	-82.930	3	12	1
1700003541.0	NaN	-82.175	3	12	1
1700003542.0	NaN	-85.394	3	12	1
1700003543.0	NaN	-82.389	3	12	1
1700003544.0	NaN	-83.080	3	12	1
1700003545.0	NaN	-80.720	3	12	1
1700003546.0	NaN	-79.748	3	12	1
1700003547.0	NaN	-82.200	3	12	1
1700003548.0	NaN	-81.908	3	12	1
1700003549.0	NaN	-76.304	3	12	1
1700003550.0	NaN	-77.039	3	12	1
1700003551.0	NaN	-77.750	3	12	1
1700003552.0	NaN	-81.420	3	12	1
1700003553.0	NaN	-79.238	3	12	1
1700003554.0	NaN	-79.188	3	12	1
1700003555.0	NaN	-80.629	3	12	1
1700003556.0	NaN	-80.318	3	12	1
1700003557.0	NaN	-79.899	3	12	1
1700003558.0	NaN	-80.124	3	12	1
1700003559.0	NaN	-76.874	3	12	1
1700003560.0	NaN	-82.026	3	12	1
1700003561.0	NaN	-82.271	3	12	1
1700003562.0	NaN	-81.874	3	12	1
1700003563.0	NaN	-82.722	3	12	1
1700003564.0	NaN	-82.342	3	12	1
1700003565.0	NaN	-80.022	3	12	1
1700003566.0	NaN	-80.750	3	12	1
1700003567.0	NaN	-79.558	3	12	1
1700003568.0	NaN	-76.624	3	12	1
1700003569.0	NaN	-79.152	3	12	1
1700003570.0	NaN	-79.401	3	12	1
1700003571.0	NaN	-78.203	3	12	1
1700003572.0	NaN	-73.146	3	12	1
1700003573.0	NaN	-70.167	3	12	1
1700003574.0	NaN	-73.089	3	12	1
1700003575.0	NaN	-70.923	3	12	1
1700003576.0	NaN	-75.124	3	12	1
1700003577.0	NaN	-74.757	3	12	1
1700003578.0	NaN	-71.321	3	12	1
1700003579.0	NaN	-72.424	3	12	1
1700003580.0	NaN	-71.638	3	12	1
1700003581.0	NaN	-72.182	3	12	1
1700003582.0	NaN	-74.506	3	12	1
1700003583.0	NaN	-74.531	3	12	1
1700003584.0	NaN	-72.098	3	12	1
1700003585.0	NaN	-74.264	3	12	1
1700003586.0	NaN	-72.758	3	12	1
1700003587.0	NaN	-72.476	3	12	1
1700003588.0	NaN	-75.872	3	12	1
1700003589.0	NaN	-76.247	3	12	1
1700003590.0	NaN	-74.399	3	12	1
1700003591.0	NaN	-73.691	3	12	1
1700003592.0	NaN	-68.808	3	12	1
1700003593.0	NaN	-67.373	3	12	1
1700003594.0	NaN	-67.542	3	12	1
1700003595.0	NaN	-69.166	3	12	1
1700003596.0	NaN	-67.376	3	12	1
1700003597.0	NaN	-65.205	3	12	1
1700003598.0	NaN	-63.339	3	12	1
1700003599.0	NaN	-64.129	3	12	1
1700003600.0	NaN	-65.261	3	12	1
