elapsed_s	offset_ns	freq_ppb
0.000	6	10010
1.000	5	10011
2.000	-9	9998
3.000	3	10008
4.000	-2	10003
5.000	-2	10003
6.000	-2	10002
7.000	-1	10003
8.000	6	10009
9.000	0	10005
10.000	-2	10003
11.000	-2	10003
12.000	5	10009
13.000	-1	10004
14.000	-3	10002
15.000	-2	10002
16.000	6	10010
17.000	-7	9998
18.000	4	10007
19.000	-1	10004
20.000	6	10010
21.000	-8	9998
22.000	-3	10001
23.000	-1	10002
24.000	7	10009
25.000	-6	9999
26.000	-1	10002
27.000	7	10009
28.000	0	10005
29.000	-8	9997
30.000	-1	10001
31.000	7	10009
32.000	2	10006
33.000	-8	9997
34.000	-1	10001
35.000	1	10003
36.000	1	10003
37.000	-5	9997
38.000	7	10008
39.000	2	10005
40.000	0	10004
41.000	-7	9997
42.000	0	10002
43.000	1	10003
44.000	8	10010
45.000	1	10005
46.000	-7	9998
47.000	-2	10000
48.000	1	10003
49.000	1	10003
50.000	1	10003
51.000	-5	9998
52.000	0	10001
53.000	2	10003
54.000	2	10004
55.000	1	10003
56.000	1	10004
57.000	-6	9997
58.000	0	10001
59.000	1	10002
60.000	2	10004
61.000	-11	9991
62.000	1	10000
63.000	4	10003
64.000	4	10004
65.000	-4	9998
66.000	-4	9996
67.000	2	10001
68.000	4	10004
69.000	4	10005
70.000	-5	9997
71.000	-5	9996
72.000	2	10001
73.000	4	10004
74.000	-3	9998
75.000	-4	9996
76.000	3	10002
77.000	4	10004
78.000	4	10005
79.000	-11	9991
80.000	1	10000
81.000	-2	9997
82.000	4	10003
83.000	4	10004
84.000	4	10005
85.000	2	10004
86.000	-12	9991
87.000	1	10000
88.000	4	10003
89.000	3	10004
90.000	-4	9998
91.000	2	10002
92.000	9	10010
93.000	-11	9993
94.000	0	10000
95.000	2	10002
96.000	10	10011
97.000	2	10006
98.000	-1	10004
99.000	-8	9996
100.000	-1	10001
101.000	1	10003
102.000	2	10004
103.000	1	10003
104.000	-5	9998
105.000	0	10001
106.000	2	10003
107.000	8	10010
108.000	1	10005
109.000	5	10010
110.000	-7	9999
111.000	-3	10001
112.000	-1	10002
113.000	6	10009
114.000	1	10006
115.000	-2	10003
116.000	-8	9996
117.000	-1	10001
118.000	8	10010
119.000	1	10005
120.000	-1	10003
121.000	-1	10003
122.000	-1	10003
123.000	6	10009
124.000	6	10011
125.000	5	10012
126.000	-4	10004
127.000	-12	9995
128.000	2	10006
129.000	6	10010
130.000	-1	10005
131.000	4	10010
132.000	3	10010
133.000	-3	10005
134.000	1	10008
135.000	-4	10003
136.000	9	10015
137.000	-3	10006
138.000	-5	10003
139.000	-5	10001
140.000	3	10008
141.000	4	10010
142.000	4	10011
143.000	3	10011
144.000	-5	10004
145.000	-6	10002
146.000	-5	10001
147.000	4	10008
148.000	-1	10004
149.000	4	10009
150.000	-2	10004
151.000	-3	10003
152.000	-3	10002
153.000	5	10009
154.000	-1	10004
155.000	-2	10003
156.000	4	10009
157.000	-8	9998
158.000	-2	10001
159.000	6	10009
160.000	7	10012
161.000	-8	9999
162.000	-4	10000
163.000	6	10009
164.000	6	10011
165.000	5	10012
166.000	-10	9998
167.000	1	10006
168.000	5	10010
169.000	4	10011
170.000	2	10010
171.000	-11	9998
172.000	0	10005
173.000	11	10016
174.000	4	10013
175.000	-12	9998
176.000	-1	10005
177.000	4	10010
178.000	3	10010
179.000	-10	9998
180.000	1	10006
181.000	4	10009
182.000	-2	10005
183.000	3	10009
184.000	-3	10004
185.000	-4	10002
186.000	3	10008
187.000	-1	10005
188.000	-9	9996
189.001	4	10007
190.000	0	10004
191.000	-1	10003
192.000	6	10010
193.000	-7	9998
194.000	-2	10001
195.000	6	10009
196.000	-6	9999
197.000	5	10008
198.000	0	10004
199.000	-1	10003
200.000	-1	10003
201.000	-1	10003
202.000	6	10009
203.000	0	10005
204.000	-9	9996
205.000	-2	10000
206.000	7	10009
207.000	1	10005
208.000	0	10004
209.000	-1	10003
210.000	5	10009
211.000	-1	10004
212.000	-9	9996
213.000	-2	10000
214.000	7	10009
215.000	1	10005
216.000	-7	9997
217.000	-1	10001
218.000	1	10003
219.000	1	10003
220.000	-5	9997
221.000	0	10001
222.000	3	10004
223.000	2	10004
224.000	-12	9990
225.000	1	10000
226.000	4	10003
227.000	4	10004
228.000	-10	9992
229.000	-5	9994
230.000	-2	9995
231.000	6	10002
232.000	-6	9992
233.000	-1	9995
234.000	6	10002
235.000	-6	9992
236.000	-1	9995
237.000	1	9997
238.000	7	10003
239.000	1	9999
240.000	-15	9984
241.000	-1	9993
242.000	2	9996
243.000	3	9997
244.000	-10	9985
245.000	1	9993
246.000	-2	9991
247.000	-8	9984
248.000	4	9994
249.000	1	9992
250.000	0	9991
251.000	-7	9984
252.000	-1	9988
253.000	1	9990
254.000	2	9991
255.000	1	9991
256.000	-12	9978
257.000	1	9987
258.000	-3	9984
259.000	-2	9984
260.000	-2	9983
261.000	-14	9970
262.000	-7	9973
263.000	4	9982
264.000	-1	9978
265.000	-2	9977
266.000	5	9983
267.000	-1	9979
268.000	-2	9978
269.000	-2	9977
270.000	5	9983
271.000	-1	9979
272.000	4	9984
273.000	-2	9979
274.000	3	9983
275.000	-3	9978
276.000	2	9982
277.000	-2	9979
278.000	-4	9976
279.000	4	9983
280.000	5	9985
281.000	4	9986
282.000	-4	9979
283.000	1	9983
284.000	8	9990
285.000	2	9986
286.000	-7	9978
287.000	-1	9982
288.000	1	9984
289.000	7	9990
290.000	1	9986
291.000	-1	9984
292.000	-8	9977
293.000	-1	9982
294.000	2	9984
295.000	1	9984
296.000	1	9984
297.000	-6	9978
298.000	7	9989
299.000	-4	9980
300.000	6	9989
301.000	2	9986
302.000	-7	9978
303.000	-2	9981
304.000	8	9990
305.000	1	9986
306.000	0	9985
307.000	-2	9983
308.000	-1	9983
309.000	0	9984
310.000	0	9984
311.000	-1	9983
312.000	0	9984
313.000	6	9990
314.000	0	9986
315.000	-8	9978
316.000	5	9988
317.000	7	9992
318.000	6	9993
319.000	-10	9979
320.000	2	9988
321.000	11	9997
322.000	-2	9988
323.000	-6	9983
324.000	1	9988
325.000	4	9991
326.000	9	9998
327.000	2	9993
328.000	-8	9984
329.000	-2	9988
330.000	1	9990
331.000	8	9997
332.000	-5	9987
333.000	-2	9988
334.000	7	9997
335.000	-6	9986
336.000	-1	9989
337.000	7	9997
338.000	7	9999
339.000	-8	9986
340.000	3	9994
341.000	5	9997
342.000	-8	9986
343.000	3	9994
344.000	6	9998
345.000	4	9998
346.000	3	9998
347.000	-12	9984
348.000	1	9994
349.000	4	9997
350.000	4	9998
351.000	-4	9991
352.000	2	9996
353.000	2	9997
354.000	2	9997
355.000	-5	9991
356.000	1	9995
357.000	3	9998
358.000	2	9998
359.000	-6	9990
360.000	1	9995
361.000	2	9997
362.000	2	9997
363.000	2	9998
364.000	-12	9984
365.000	0	9993
366.000	-2	9991
367.000	3	9995
368.000	-1	9992
369.000	-3	9990
370.000	4	9996
371.000	-2	9991
372.000	-3	9990
373.000	4	9996
374.000	-1	9992
375.000	4	9997
376.000	-2	9992
377.000	3	9996
378.000	3	9997
379.000	3	9998
380.000	-11	9985
381.000	1	9994
382.000	10	10003
383.000	4	10000
384.000	-6	9991
385.000	7	10002
386.000	1	9998
387.000	6	10004
388.000	-1	9998
389.000	-3	9996
390.000	4	10002
391.000	5	10004
392.000	4	10005
393.000	2	10004
394.000	-6	9997
395.000	1	10002
396.000	2	10003
397.000	2	10004
398.000	-12	9990
399.000	7	10006
400.000	4	10005
401.000	3	10005
402.000	-6	9997
403.000	0	10001
404.000	2	10003
405.000	2	10004
406.000	1	10003
407.000	-6	9997
408.000	1	10002
409.000	2	10003
410.000	8	10010
411.000	-11	9993
412.000	-2	9999
413.000	2	10002
414.000	10	10011
415.000	-11	9993
416.000	-1	10000
417.000	3	10003
418.000	-4	9997
419.000	-5	9995
420.000	4	10003
421.000	4	10004
422.000	4	10005
423.000	2	10004
424.000	-6	9997
425.000	1	10002
426.000	2	10003
427.000	1	10003
428.000	-5	9997
429.000	1	10002
430.000	3	10004
431.000	2	10004
432.000	-5	9997
433.000	7	10008
434.000	2	10005
435.000	0	10004
436.000	6	10010
437.000	-7	9998
438.000	4	10007
439.000	0	10005
440.000	5	10010
441.000	-2	10004
442.000	-2	10003
443.000	3	10008
444.000	5	10011
445.000	4	10011
446.000	-11	9997
447.000	8	10013
448.000	-2	10006
449.000	2	10009
450.000	2	10010
451.000	-4	10004
452.000	1	10008
453.000	3	10010
454.000	2	10010
455.000	1	10010
456.000	-5	10004
457.000	0	10008
458.000	2	10010
459.000	2	10010
460.000	-5	10004
461.000	1	10008
462.000	2	10010
463.000	2	10010
464.000	-5	10004
465.000	7	10014
466.000	3	10012
467.000	0	10010
468.000	-7	10003
469.000	-1	10007
470.000	1	10009
471.000	2	10010
472.000	1	10010
473.000	-5	10004
474.000	6	10014
475.000	2	10011
476.000	7	10017
477.000	-7	10005
478.000	-2	10008
479.000	6	10015
480.000	0	10011
481.000	-2	10009
482.000	-8	10003
483.000	5	10013
484.000	2	10012
485.000	6	10016
486.000	-1	10011
487.000	-2	10010
488.000	4	10015
489.000	5	10017
490.000	-3	10011
491.000	-5	10008
492.000	3	10014
493.000	5	10017
494.000	4	10018
495.000	2	10017
496.000	-6	10010
497.000	1	10015
498.000	2	10016
499.000	1	10016
500.000	-5	10010
501.000	1	10015
502.000	2	10016
503.000	2	10016
504.000	-5	10010
505.000	1	10015
506.000	2	10016
507.000	2	10016
508.000	8	10023
509.000	-5	10012
510.000	5	10021
511.000	0	10017
512.000	5	10022
513.000	-8	10011
514.000	3	10020
515.000	-1	10016
516.000	5	10022
517.000	-7	10012
518.000	3	10020
519.000	-1	10016
520.000	5	10022
521.000	-7	10012
522.000	3	10020
523.000	6	10023
524.000	-2	10017
525.000	4	10023
526.000	3	10023
527.000	9	10030
528.000	-11	10012
529.000	-1	10019
530.000	2	10022
531.000	2	10022
532.000	-4	10017
533.000	7	10027
534.000	3	10025
535.000	0	10023
536.000	-7	10016
537.000	0	10021
538.000	1	10022
539.000	2	10023
540.000	-12	10010
541.000	1	10019
542.000	10	10028
543.000	5	10026
544.000	1	10024
545.000	-7	10016
546.000	-1	10020
547.000	1	10022
548.000	-5	10016
549.000	8	10028
550.000	3	10025
551.000	0	10023
552.000	6	10029
553.000	-7	10018
554.000	-2	10021
555.000	6	10028
556.000	0	10024
557.000	5	10029
558.000	5	10030
559.000	3	10030
560.000	-4	10024
561.000	1	10027
562.000	2	10029
563.000	-11	10016
564.000	2	10026
565.000	5	10030
566.000	4	10030
567.000	-11	10016
568.000	2	10026
569.000	-2	10023
570.000	4	10028
571.000	-8	10017
572.000	3	10026
573.000	0	10024
574.000	5	10029
575.000	-1	10024
576.000	3	10028
577.000	-3	10023
578.000	-3	10022
579.000	3	10027
580.000	12	10037
581.000	3	10032
582.000	-6	10023
583.000	-1	10027
584.000	1	10028
585.000	-11	10017
586.000	1	10025
587.000	5	10030
588.000	-3	10023
589.000	-4	10021
590.000	4	10028
591.000	-8	10017
592.000	3	10026
593.000	0	10024
594.000	-2	10022
595.000	5	10028
596.000	6	10031
597.000	-3	10023
598.000	-4	10022
599.000	3	10027
600.000	-2	10023
601.000	4	10029
602.000	4	10030
603.000	-10	10017
604.000	1	10025
605.000	5	10029
606.000	-2	10024
607.000	3	10028
608.000	-3	10023
609.000	-4	10021
610.000	4	10028
611.000	4	10029
612.000	-9	10017
613.000	2	10026
614.000	12	10036
615.000	-9	10019
616.000	7	10032
617.000	4	10031
618.000	-5	10024
619.000	0	10027
620.000	2	10029
621.000	-5	10023
622.000	1	10027
623.000	2	10028
624.000	-4	10023
625.000	2	10028
626.000	-4	10022
627.000	3	10028
628.000	3	10029
629.000	-4	10023
630.000	2	10028
631.000	9	10035
632.000	-10	10019
633.000	-1	10025
634.000	9	10035
635.000	-10	10019
636.000	7	10033
637.000	-10	10018
638.000	8	10033
639.000	-3	10024
640.000	8	10034
641.000	3	10032
642.000	-6	10023
643.000	5	10033
644.000	-5	10024
645.000	6	10034
646.000	-5	10024
647.000	6	10034
648.000	0	10030
649.000	-1	10029
650.000	-1	10028
651.000	-7	10022
652.000	6	10033
653.000	-5	10024
654.000	6	10033
655.000	8	10037
656.000	-6	10026
657.000	3	10033
658.000	-1	10030
659.000	4	10034
660.000	5	10037
661.000	-3	10030
662.000	2	10034
663.000	3	10036
664.000	-4	10030
665.000	2	10034
666.000	-4	10029
667.000	2	10034
668.000	10	10042
669.000	-4	10031
670.000	0	10034
671.000	7	10041
672.000	-6	10030
673.000	-1	10034
674.000	7	10041
675.000	1	10037
676.000	-1	10036
677.000	-2	10034
678.000	-1	10035
679.000	-1	10034
680.000	7	10042
681.000	-7	10030
682.000	4	10039
683.000	-6	10030
684.000	-1	10034
685.000	7	10041
686.000	-12	10024
687.000	5	10038
688.000	2	10036
689.000	-5	10030
690.000	-6	10027
691.000	1	10033
692.000	4	10036
693.000	-3	10030
694.000	2	10034
695.000	3	10036
696.000	-4	10030
697.000	1	10033
698.000	9	10042
699.000	-4	10031
700.000	0	10034
701.000	1	10035
702.000	7	10042
703.000	1	10038
704.000	-2	10035
705.000	5	10041
706.000	5	10043
707.000	-9	10030
708.000	2	10039
709.000	5	10042
710.000	-9	10030
711.000	-4	10032
712.000	6	10041
713.000	0	10037
714.000	5	10042
715.000	5	10043
716.000	-10	10030
717.000	2	10039
718.000	5	10042
719.000	5	10044
720.000	2	10042
721.000	2	10043
722.000	7	10048
723.000	-7	10037
724.000	5	10046
725.000	0	10043
726.000	-8	10035
727.000	-1	10040
728.000	0	10040
729.000	-5	10035
730.000	2	10041
731.000	2	10041
732.000	9	10049
733.000	-5	10038
734.000	-1	10040
735.000	-6	10035
736.000	-6	10033
737.000	3	10040
738.000	4	10042
739.000	-9	10030
740.000	2	10039
741.000	4	10041
742.000	-2	10036
743.000	3	10041
744.000	-3	10036
745.000	-3	10035
746.000	4	10041
747.000	4	10042
748.000	-3	10036
749.000	-4	10034
750.000	3	10040
751.000	-2	10036
752.000	3	10041
753.000	4	10042
754.000	-3	10037
755.000	2	10041
756.000	9	10048
757.000	-4	10038
758.000	-7	10034
759.000	7	10046
760.000	-4	10037
761.000	1	10041
762.000	8	10048
763.000	-5	10037
764.000	-1	10040
765.000	1	10042
766.000	-5	10036
767.000	7	10046
768.000	2	10043
769.000	6	10048
770.000	-7	10037
771.000	-2	10040
772.000	-7	10034
773.000	1	10040
774.000	9	10048
775.000	-4	10038
776.000	-1	10040
777.000	0	10041
778.000	2	10043
779.000	0	10041
780.000	-6	10035
781.000	7	10046
782.000	-4	10037
783.000	0	10040
784.000	8	10048
785.000	-6	10037
786.000	6	10047
787.000	0	10043
788.000	6	10049
789.000	-8	10036
790.000	4	10046
791.000	-1	10042
792.000	5	10048
793.000	5	10049
794.000	-3	10043
795.000	2	10047
796.000	3	10049
797.000	-5	10042
798.000	2	10047
799.000	-4	10042
800.000	3	10047
801.000	-3	10042
802.000	9	10053
803.000	3	10050
804.000	-6	10042
805.000	7	10053
806.000	1	10049
807.000	0	10049
808.000	6	10055
809.000	-7	10043
810.000	3	10051
811.000	6	10055
812.000	-1	10050
813.000	3	10054
814.000	4	10056
815.000	-4	10049
816.000	2	10054
817.000	2	10054
818.000	-4	10049
819.000	1	10053
820.000	3	10055
821.000	2	10055
822.000	-5	10048
823.000	1	10053
824.000	9	10061
825.000	-4	10051
826.000	5	10059
827.000	1	10056
828.000	5	10061
829.000	-7	10050
830.000	3	10058
831.000	0	10056
832.000	5	10061
833.000	-8	10049
834.000	3	10058
835.000	0	10056
836.000	-8	10048
837.000	4	10057
838.000	8	10063
839.000	-1	10056
840.000	-9	10048
841.000	4	10058
842.000	-6	10049
843.000	5	10058
844.000	8	10063
845.000	-1	10056
846.000	-3	10054
847.000	-3	10053
848.000	5	10060
849.000	-1	10056
850.000	-2	10054
851.000	4	10060
852.000	5	10062
853.000	-9	10050
854.000	2	10058
855.000	4	10060
856.000	5	10063
857.000	-4	10055
858.000	-4	10054
859.000	-4	10053
860.000	-3	10053
861.000	6	10061
862.000	-1	10055
863.000	-8	10048
864.000	4	10058
865.000	7	10062
866.000	6	10063
867.000	-9	10050
868.000	2	10058
869.000	4	10061
870.000	-8	10050
871.000	2	10058
872.000	5	10061
873.000	-8	10050
874.000	3	10058
875.000	-7	10049
876.000	5	10059
877.000	6	10062
878.000	-1	10056
879.000	-3	10054
880.000	4	10060
881.000	-2	10055
882.000	3	10060
883.000	4	10062
884.000	-3	10056
885.000	2	10060
886.000	2	10061
887.000	-10	10049
888.000	1	10057
889.000	5	10061
890.000	4	10062
891.000	-4	10055
892.000	2	10060
893.000	9	10068
894.000	-4	10057
895.000	-1	10059
896.000	1	10061
897.000	1	10061
898.000	1	10061
899.000	7	10068
900.000	-7	10056
901.000	-2	10059
902.000	6	10066
903.000	-5	10057
904.000	-1	10059
905.000	0	10060
906.000	7	10067
907.000	-6	10056
908.000	-1	10059
909.000	7	10067
910.000	0	10062
911.000	-1	10061
912.000	-1	10061
913.000	5	10067
914.000	-1	10062
915.000	-2	10061
916.000	-2	10060
917.000	-2	10060
918.000	-1	10060
919.000	0	10061
920.000	7	10068
921.000	-13	10050
922.000	4	10063
923.000	8	10068
924.000	1	10063
925.000	-8	10055
926.000	-2	10058
927.000	7	10067
928.000	-6	10056
929.000	6	10066
930.000	0	10062
931.000	-7	10055
932.000	5	10065
933.000	1	10062
934.000	-1	10061
935.000	-7	10054
936.000	6	10065
937.000	1	10062
938.000	-6	10055
939.000	-1	10058
940.000	-5	10054
941.000	8	10066
942.000	3	10063
943.000	-6	10055
944.000	0	10059
945.000	2	10061
946.000	1	10061
947.000	1	10061
948.000	-12	10048
949.000	7	10064
950.000	4	10063
951.000	-5	10055
952.000	1	10060
953.000	2	10061
954.000	-11	10048
955.000	1	10057
956.000	5	10061
957.000	-2	10056
958.000	3	10060
959.000	-3	10055
960.000	9	10066
961.000	3	10063
962.000	1	10062
963.000	-1	10060
964.000	6	10067
965.000	0	10063
966.000	-2	10061
967.000	4	10066
968.000	-1	10062
969.000	-3	10060
970.000	4	10066
971.000	-8	10055
972.000	4	10065
973.000	0	10062
974.000	5	10067
975.000	5	10069
976.000	-3	10062
977.000	2	10066
978.000	9	10074
979.000	-4	10064
980.000	6	10072
981.000	1	10069
982.000	-1	10067
983.000	5	10073
984.000	-8	10062
985.000	4	10071
986.000	13	10081
987.000	-8	10064
988.000	1	10071
989.000	-2	10068
990.000	3	10073
991.000	-9	10062
992.000	3	10071
993.000	12	10081
994.000	-2	10070
995.000	1	10073
996.000	-4	10068
997.000	1	10072
998.000	3	10074
999.000	2	10074
1000.000	2	10075
1001.000	-6	10067
1002.000	7	10078
1003.000	-5	10069
1004.000	7	10079
1005.000	-5	10069
1006.000	6	10079
1007.000	0	10074
1008.000	0	10074
1009.000	-1	10073
1010.000	-1	10073
1011.000	-1	10073
1012.000	-7	10067
1013.000	7	10078
1014.000	2	10076
1015.000	0	10074
1016.000	-1	10073
1017.000	-1	10073
1018.000	6	10080
1019.000	-6	10069
1020.000	5	10079
1021.000	0	10075
1022.000	4	10079
1023.000	-1	10075
1024.000	4	10080
1025.000	-3	10074
1026.000	9	10085
1027.000	-2	10077
1028.000	1	10079
1029.000	-5	10074
1030.000	1	10078
1031.000	3	10080
1032.000	2	10080
1033.000	-5	10074
1034.000	8	10085
1035.000	-4	10076
1036.000	7	10086
1037.000	-6	10075
1038.000	6	10085
1039.000	1	10082
1040.000	5	10086
1041.000	-7	10076
1042.000	4	10084
1043.000	-1	10081
1044.000	5	10086
1045.000	-2	10081
1046.000	4	10086
1047.000	-3	10080
1048.000	3	10086
1049.000	-2	10081
1050.000	9	10092
1051.000	-3	10083
1052.000	7	10092
1053.000	2	10089
1054.000	0	10087
1055.000	-2	10085
1056.000	6	10093
1057.000	-1	10088
1058.000	4	10092
1059.000	-8	10081
1060.000	3	10090
1061.000	0	10088
1062.000	4	10092
1063.000	-8	10081
1064.000	4	10091
1065.000	6	10094
1066.000	-2	10088
1067.000	3	10092
1068.000	-9	10081
1069.000	9	10096
1070.000	-1	10089
1071.000	3	10093
1072.000	3	10094
1073.000	-5	10087
1074.000	8	10098
1075.000	-4	10088
1076.000	0	10091
1077.000	-5	10086
1078.000	2	10092
1079.000	-3	10087
1080.000	2	10091
1081.000	3	10093
1082.000	-4	10087
1083.000	2	10092
1084.000	3	10093
1085.000	2	10093
1086.000	8	10100
1087.000	-5	10089
1088.000	-2	10091
1089.000	0	10092
1090.000	1	10093
1091.000	0	10092
1092.000	1	10093
1093.000	0	10093
1094.000	0	10093
1095.000	0	10093
1096.000	6	10099
1097.000	6	10101
1098.000	-1	10095
1099.000	2	10098
1100.000	-9	10088
1101.000	2	10096
1102.000	-8	10087
1103.000	5	10097
1104.000	1	10095
1105.000	5	10099
1106.000	-1	10094
1107.000	4	10099
1108.000	-3	10093
1109.000	3	10098
1110.000	-3	10093
1111.000	3	10098
1112.000	4	10100
1113.000	2	10100
1114.000	2	10100
1115.000	-6	10093
1116.000	7	10104
1117.000	-4	10095
1118.000	0	10098
1119.000	1	10099
1120.000	8	10106
1121.000	-6	10095
1122.000	5	10104
1123.000	1	10101
1124.000	-1	10100
1125.000	-2	10098
1126.000	5	10105
1127.000	0	10101
1128.000	-2	10099
1129.000	-2	10099
1130.000	5	10105
1131.000	-7	10094
1132.000	10	10109
1133.000	-7	10095
1134.000	4	10104
1135.000	-2	10099
1136.000	4	10105
1137.000	-1	10101
1138.000	10	10112
1139.000	-3	10102
1140.000	1	10105
1141.000	-5	10099
1142.000	1	10104
1143.000	9	10112
1144.000	-10	10096
1145.000	7	10110
1146.000	-10	10095
1147.000	0	10102
1148.000	-2	10100
1149.000	-3	10098
1150.000	-2	10098
1151.000	-1	10099
1152.000	6	10105
1153.000	-7	10094
1154.000	4	10103
1155.000	-6	10094
1156.000	5	10103
1157.000	-5	10095
1158.000	-1	10097
1159.000	-6	10092
1160.000	-5	10091
1161.000	9	10104
1162.000	-9	10089
1163.000	2	10097
1164.000	-2	10093
1165.000	3	10098
1166.000	-8	10088
1167.000	3	10096
1168.000	-7	10087
1169.000	5	10097
1170.000	0	10094
1171.000	6	10100
1172.000	-1	10094
1173.000	4	10099
1174.000	-9	10087
1175.000	-4	10090
1176.000	6	10098
1177.000	0	10094
1178.000	5	10099
1179.000	-2	10094
1180.000	4	10099
1181.000	-3	10093
1182.000	3	10098
1183.000	-3	10093
1184.000	3	10098
1185.000	4	10100
1186.000	2	10100
1187.000	2	10100
1188.000	1	10100
1189.000	0	10099
1190.000	-6	10093
1191.000	6	10103
1192.000	2	10101
1193.000	7	10107
1194.000	-1	10101
1195.000	4	10105
1196.000	-9	10094
1197.000	3	10103
1198.000	-1	10100
1199.000	5	10106
1200.000	-8	10094
1201.000	-3	10097
1202.000	6	10105
1203.000	1	10102
1204.000	4	10105
1205.000	-1	10101
1206.000	3	10105
1207.000	-3	10100
1208.000	3	10105
1209.000	4	10107
1210.000	3	10107
1211.000	-5	10100
1212.000	1	10104
1213.000	-4	10100
1214.000	8	10110
1215.000	3	10108
1216.000	1	10107
1217.000	0	10106
1218.000	6	10112
1219.000	-7	10101
1220.000	4	10110
1221.000	-6	10101
1222.000	5	10110
1223.000	0	10107
1224.000	5	10112
1225.000	0	10108
1226.000	3	10111
1227.000	-2	10107
1228.000	9	10117
1229.000	-9	10102
1230.000	1	10109
1231.000	-3	10106
1232.000	3	10111
1233.000	-2	10107
1234.000	-3	10105
1235.000	4	10111
1236.000	-8	10100
1237.000	9	10115
1238.000	0	10109
1239.000	3	10112
1240.000	-9	10101
1241.000	2	10109
1242.000	-1	10106
1243.000	4	10111
1244.000	11	10119
1245.000	-2	10110
1246.000	0	10111
1247.000	1	10112
1248.000	1	10112
1249.000	-6	10106
1250.000	6	10116
1251.000	-4	10108
1252.000	7	10117
1253.000	-5	10108
1254.000	-1	10110
1255.000	-5	10106
1256.000	7	10116
1257.000	-3	10108
1258.000	6	10116
1259.000	-4	10108
1260.000	-1	10110
1261.000	-5	10106
1262.000	7	10116
1263.000	-3	10108
1264.000	7	10117
1265.000	1	10114
1266.000	-1	10112
1267.000	-1	10112
1268.000	6	10118
1269.000	0	10114
1270.000	-2	10112
1271.000	-3	10110
1272.000	-1	10112
1273.000	-1	10111
1274.000	6	10118
1275.000	-6	10108
1276.000	4	10116
1277.000	-6	10107
1278.000	-1	10110
1279.000	0	10111
1280.000	1	10112
1281.000	-12	10099
1282.000	1	10109
1283.000	-2	10106
1284.000	3	10110
1285.000	-1	10107
1286.000	3	10111
1287.000	-9	10100
1288.000	3	10109
1289.000	-1	10106
1290.000	5	10112
1291.000	-8	10100
1292.000	4	10110
1293.000	-7	10100
1294.000	5	10110
1295.000	7	10114
1296.000	-1	10108
1297.000	3	10111
1298.000	-3	10106
1299.000	3	10111
1300.000	-3	10106
1301.000	3	10111
1302.000	-3	10106
1303.000	3	10111
1304.000	-3	10106
1305.000	2	10110
1306.000	4	10113
1307.000	-3	10107
1308.000	1	10110
1309.000	-3	10107
1310.000	2	10111
1311.000	-3	10106
1312.000	3	10111
1313.000	-3	10106
1314.000	-4	10104
1315.000	-3	10104
1316.000	5	10111
1317.000	-1	10107
1318.000	-2	10105
1319.000	-2	10105
1320.000	-1	10105
1321.000	-1	10105
1322.000	-1	10105
1323.000	7	10112
1324.000	0	10107
1325.000	4	10111
1326.000	5	10114
1327.000	-10	10100
1328.000	2	10109
1329.000	-8	10100
1330.000	4	10109
1331.000	0	10107
1332.000	-1	10106
1333.000	-1	10105
1334.000	6	10112
1335.000	6	10114
1336.000	-2	10108
1337.000	2	10111
1338.000	-4	10106
1339.000	3	10111
1340.000	-9	10100
1341.000	2	10109
1342.000	6	10113
1343.000	-2	10107
1344.000	3	10111
1345.000	-9	10100
1346.000	9	10116
1347.000	5	10114
1348.000	-10	10101
1349.000	8	10116
1350.000	-9	10101
1351.000	8	10115
1352.000	-2	10108
1353.000	-4	10105
1354.000	-4	10104
1355.000	4	10111
1356.000	5	10113
1357.000	-2	10108
1358.000	2	10111
1359.000	-3	10107
1360.000	8	10117
1361.000	-3	10108
1362.000	7	10117
1363.000	2	10114
1364.000	0	10113
1365.000	5	10118
1366.000	-7	10107
1367.000	4	10116
1368.000	-7	10106
1369.000	5	10116
1370.000	7	10120
1371.000	-1	10114
1372.000	3	10118
1373.000	-9	10107
1374.000	3	10116
1375.000	-1	10113
1376.000	5	10118
1377.000	-2	10113
1378.000	-9	10105
1379.000	4	10116
1380.000	6	10119
1381.000	-7	10108
1382.000	-3	10110
1383.000	0	10112
1384.000	0	10112
1385.000	0	10112
1386.000	0	10112
1387.000	7	10119
1388.000	0	10114
1389.000	5	10119
1390.000	-8	10107
1391.000	3	10116
1392.000	5	10119
1393.000	-2	10113
1394.000	-3	10112
1395.000	-3	10111
1396.000	-1	10112
1397.000	-8	10105
1398.000	6	10116
1399.000	2	10114
1400.000	-7	10106
1401.000	6	10116
1402.000	-5	10107
1403.000	6	10117
1404.000	-12	10101
1405.000	6	10115
1406.000	-3	10108
1407.000	-5	10105
1408.000	2	10110
1409.000	3	10112
1410.000	3	10113
1411.000	-4	10107
1412.000	1	10111
1413.000	-4	10106
1414.000	8	10117
1415.000	4	10115
1416.000	-6	10106
1417.000	6	10116
1418.000	-5	10107
1419.000	0	10111
1420.000	7	10118
1421.000	-5	10108
1422.000	6	10117
1423.000	-6	10107
1424.000	5	10116
1425.000	1	10114
1426.000	5	10118
1427.000	-8	10107
1428.000	4	10116
1429.000	0	10113
1430.000	4	10117
1431.000	5	10120
1432.000	-2	10114
1433.000	2	10118
1434.000	-10	10106
1435.000	2	10115
1436.000	-8	10106
1437.000	5	10116
1438.000	-6	10107
1439.000	6	10117
1440.000	-6	10107
1441.000	-1	10110
1442.000	1	10112
1443.000	1	10112
1444.000	-6	10105
1445.000	7	10117
1446.000	-4	10108
1447.000	7	10117
1448.000	-5	10108
1449.000	6	10117
1450.000	-6	10107
1451.000	-1	10110
1452.000	8	10119
1453.000	-6	10107
1454.000	-1	10110
1455.000	-6	10105
1456.000	8	10117
1457.000	-4	10108
1458.000	0	10110
1459.000	-5	10105
1460.000	8	10117
1461.000	-3	10108
1462.000	7	10117
1463.000	1	10114
1464.000	6	10119
1465.000	-1	10114
1466.000	4	10118
1467.000	-3	10113
1468.000	3	10118
1469.000	-3	10113
1470.000	9	10124
1471.000	-2	10115
1472.000	0	10117
1473.000	-4	10113
1474.000	8	10124
1475.000	-4	10114
1476.000	7	10124
1477.000	-5	10114
1478.000	-1	10116
1479.000	-5	10112
1480.000	1	10117
1481.000	3	10119
1482.000	2	10119
1483.000	-4	10113
1484.000	1	10117
1485.000	2	10118
1486.000	-5	10112
1487.000	1	10117
1488.000	-3	10113
1489.000	2	10117
1490.000	-3	10113
1491.000	3	10118
1492.000	-9	10107
1493.000	2	10115
1494.000	-1	10112
1495.000	5	10118
1496.000	-1	10114
1497.000	4	10118
1498.000	-3	10113
1499.000	3	10118
1500.000	-3	10113
1501.000	3	10118
1502.000	-3	10113
1503.000	3	10118
1504.000	-9	10107
1505.000	9	10122
1506.000	-1	10115
1507.000	3	10118
1508.000	-3	10113
1509.000	-5	10110
1510.000	10	10124
1511.000	-2	10115
1512.000	8	10124
1513.000	-4	10115
1514.000	-1	10116
1515.000	1	10118
1516.000	8	10125
1517.000	-5	10115
1518.000	5	10123
1519.000	0	10120
1520.000	5	10125
1521.000	-2	10119
1522.000	-3	10118
1523.000	4	10124
1524.000	-1	10120
1525.000	3	10124
1526.000	-2	10120
1527.000	3	10124
1528.000	-2	10120
1529.000	3	10124
1530.000	-3	10119
1531.000	2	10123
1532.000	-3	10119
1533.000	-3	10118
1534.000	-3	10117
1535.000	5	10124
1536.000	-1	10120
1537.000	-2	10118
1538.000	4	10124
1539.000	5	10126
1540.000	4	10126
1541.000	-4	10120
1542.000	1	10123
1543.000	-4	10119
1544.000	8	10130
1545.000	-3	10121
1546.000	7	10130
1547.000	-5	10120
1548.000	6	10130
1549.000	1	10126
1550.000	-1	10125
1551.000	-1	10124
1552.000	6	10131
1553.000	-7	10120
1554.000	4	10129
1555.000	0	10126
1556.000	-1	10125
1557.000	-1	10125
1558.000	5	10130
1559.000	-1	10126
1560.000	-2	10125
1561.000	-2	10124
1562.000	5	10130
1563.000	-7	10120
1564.000	4	10129
1565.000	0	10126
1566.000	5	10131
1567.000	-1	10127
1568.000	3	10130
1569.000	-2	10126
1570.000	3	10131
1571.000	-10	10118
1572.000	9	10134
1573.000	-7	10121
1574.000	3	10129
1575.000	5	10132
1576.000	-8	10120
1577.000	2	10128
1578.000	-7	10120
1579.000	4	10129
1580.000	0	10126
1581.000	6	10132
1582.000	-8	10120
1583.000	4	10129
1584.000	-7	10119
1585.000	4	10128
1586.000	1	10126
1587.000	5	10131
1588.000	-7	10120
1589.000	4	10129
1590.000	6	10132
1591.000	-8	10120
1592.000	3	10129
1593.000	-7	10120
1594.000	4	10129
1595.000	-6	10120
1596.000	5	10129
1597.000	-6	10119
1598.000	6	10130
1599.000	1	10126
1600.000	-1	10125
1601.000	-1	10124
1602.000	0	10125
1603.000	6	10131
1604.000	-1	10126
1605.000	-2	10125
1606.000	-2	10124
1607.000	-1	10124
1608.000	-1	10124
1609.000	-1	10124
1610.000	7	10132
1611.000	-7	10120
1612.000	5	10130
1613.000	-6	10120
1614.000	-2	10122
1615.000	7	10131
1616.000	1	10127
1617.000	-1	10125
1618.000	-1	10125
1619.000	-1	10124
1620.000	-1	10124
1621.000	0	10125
1622.000	6	10131
1623.000	-7	10120
1624.000	-1	10124
1625.000	-7	10117
1626.000	1	10123
1627.000	2	10124
1628.000	-4	10119
1629.000	2	10124
1630.000	-4	10118
1631.000	2	10123
1632.000	-2	10120
1633.000	2	10123
1634.000	-2	10120
1635.000	9	10130
1636.000	3	10127
1637.000	-6	10119
1638.000	0	10123
1639.000	-4	10119
1640.000	1	10123
1641.000	-10	10112
1642.000	3	10122
1643.000	6	10126
1644.000	-9	10113
1645.000	3	10122
1646.000	-7	10113
1647.000	-2	10116
1648.000	1	10118
1649.000	7	10125
1650.000	1	10121
1651.000	-2	10118
1652.000	-1	10118
1653.000	-1	10118
1654.000	5	10124
1655.000	-1	10119
1656.000	-2	10118
1657.000	5	10124
1658.000	5	10126
1659.000	-2	10120
1660.000	2	10124
1661.000	-4	10118
1662.000	3	10124
1663.000	3	10125
1664.000	-4	10119
1665.000	2	10124
1666.000	3	10125
1667.000	-11	10112
1668.000	2	10122
1669.000	-2	10119
1670.000	-2	10118
1671.000	4	10123
1672.000	-1	10120
1673.000	4	10124
1674.000	-2	10120
1675.000	-3	10118
1676.000	-3	10117
1677.000	5	10124
1678.000	-1	10120
1679.000	-2	10118
1680.000	-2	10118
1681.000	5	10124
1682.000	5	10126
1683.000	-8	10114
1684.000	2	10122
1685.000	-1	10119
1686.000	4	10124
1687.000	5	10126
1688.000	-3	10120
1689.000	2	10124
1690.000	2	10124
1691.000	-4	10119
1692.000	2	10124
1693.000	-4	10118
1694.000	3	10124
1695.000	3	10125
1696.000	-4	10119
1697.000	8	10130
1698.000	3	10127
1699.000	-6	10119
1700.000	6	10129
1701.000	-11	10114
1702.000	6	10128
1703.000	3	10127
1704.000	-6	10119
1705.000	7	10130
1706.000	-5	10120
1707.000	7	10130
1708.000	1	10126
1709.000	-1	10125
1710.000	-1	10124
1711.000	6	10131
1712.000	-7	10120
1713.000	4	10129
1714.000	0	10126
1715.000	-8	10118
1716.000	-1	10123
1717.000	1	10124
1718.000	1	10125
1719.000	2	10126
1720.000	0	10125
1721.000	7	10132
1722.000	0	10127
1723.000	-2	10125
1724.000	4	10130
1725.000	-7	10120
1726.000	4	10129
1727.000	-1	10125
1728.000	5	10131
1729.000	5	10133
1730.000	-3	10126
1731.000	9	10137
1732.000	-4	10127
1733.000	0	10130
1734.000	-5	10125
1735.000	2	10130
1736.000	3	10132
1737.000	2	10132
1738.000	-5	10125
1739.000	8	10137
1740.000	2	10133
1741.000	-7	10125
1742.000	0	10130
1743.000	-11	10119
1744.000	1	10127
1745.000	-2	10125
1746.000	-2	10124
1747.000	-7	10118
1748.000	5	10128
1749.000	-5	10120
1750.000	0	10123
1751.000	-5	10118
1752.000	2	10124
1753.000	-4	10118
1754.000	9	10130
1755.000	-3	10121
1756.000	0	10123
1757.000	2	10125
1758.000	2	10126
1759.000	1	10125
1760.000	0	10125
1761.000	7	10132
1762.000	-7	10120
1763.000	5	10130
1764.000	-13	10113
1765.000	6	10128
1766.000	-4	10120
1767.000	7	10130
1768.000	-11	10114
1769.000	0	10122
1770.000	3	10125
1771.000	-3	10119
1772.000	2	10124
1773.000	-3	10119
1774.000	2	10123
1775.000	-3	10119
1776.000	10	10131
1777.000	-3	10121
1778.000	1	10124
1779.000	8	10131
1780.000	-5	10121
1781.000	-1	10123
1782.000	-6	10118
1783.000	1	10123
1784.000	9	10131
1785.000	-5	10120
1786.000	6	10130
1787.000	-5	10120
1788.000	-1	10123
1789.000	1	10125
1790.000	-5	10119
1791.000	0	10122
1792.000	3	10125
1793.000	2	10125
1794.000	1	10125
1795.000	1	10125
1796.000	7	10132
1797.000	-6	10121
1798.000	-2	10123
1799.000	6	10130
1800.000	0	10126
1801.000	-1	10125
1802.000	-1	10125
1803.000	5	10130
1804.000	0	10127
1805.000	-3	10124
1806.000	5	10131
1807.000	-2	10126
1808.000	-3	10124
1809.000	-2	10124
1810.000	-8	10117
1811.000	6	10129
1812.000	2	10127
1813.000	-7	10118
1814.000	6	10129
1815.000	1	10126
1816.000	0	10125
1817.000	-1	10124
1818.000	-7	10118
1819.000	6	10129
1820.000	8	10133
1821.000	-7	10120
1822.000	-2	10123
1823.000	6	10131
1824.000	-7	10119
1825.000	-1	10123
1826.000	0	10124
1827.000	1	10125
1828.000	7	10131
1829.000	-6	10120
1830.000	5	10130
1831.000	0	10126
1832.000	-7	10119
1833.000	5	10129
1834.000	-6	10119
1835.000	6	10130
1836.000	1	10126
1837.000	-8	10118
1838.000	6	10129
1839.000	-5	10120
1840.000	6	10130
1841.000	1	10126
1842.000	-7	10119
1843.000	-2	10122
1844.000	8	10131
1845.000	-5	10120
1846.000	0	10124
1847.000	7	10131
1848.000	-6	10120
1849.000	5	10129
1850.000	1	10127
1851.000	-2	10124
1852.000	-1	10124
1853.000	6	10131
1854.000	-7	10120
1855.000	4	10129
1856.000	0	10126
1857.000	-1	10125
1858.000	-2	10124
1859.000	6	10131
1860.000	-1	10126
1861.000	-2	10125
1862.000	4	10130
1863.000	6	10133
1864.000	-9	10120
1865.000	2	10128
1866.000	4	10131
1867.000	-8	10120
1868.000	3	10129
1869.000	-1	10126
1870.000	-2	10124
1871.000	5	10131
1872.000	-8	10119
1873.000	4	10129
1874.000	0	10126
1875.000	5	10131
1876.000	-2	10126
1877.000	-9	10118
1878.000	5	10129
1879.000	0	10126
1880.000	-1	10125
1881.000	5	10130
1882.000	-1	10126
1883.000	5	10132
1884.000	4	10132
1885.000	-10	10119
1886.000	2	10128
1887.000	5	10132
1888.000	-2	10126
1889.000	2	10130
1890.000	4	10132
1891.000	-4	10126
1892.000	-5	10123
1893.000	3	10130
1894.000	-3	10125
1895.000	4	10131
1896.000	4	10132
1897.000	-4	10125
1898.000	2	10130
1899.000	3	10132
1900.000	-11	10119
1901.000	9	10135
1902.000	4	10133
1903.000	2	10132
1904.000	-12	10119
1905.000	1	10128
1906.000	3	10131
1907.000	4	10132
1908.000	-4	10126
1909.000	2	10130
1910.000	2	10131
1911.000	-4	10126
1912.000	1	10129
1913.000	3	10132
1914.000	-4	10126
1915.000	2	10130
1916.000	8	10137
1917.000	-4	10127
1918.000	0	10130
1919.000	1	10131
1920.000	-6	10125
1921.000	-6	10123
1922.000	3	10130
1923.000	-3	10125
1924.000	4	10131
1925.000	4	10132
1926.000	-4	10125
1927.000	2	10130
1928.000	3	10132
1929.000	3	10133
1930.000	-12	10119
1931.000	7	10134
1932.000	4	10133
1933.000	-4	10126
1934.000	7	10136
1935.000	2	10133
1936.000	-6	10126
1937.000	-1	10129
1938.000	1	10131
1939.000	2	10132
1940.000	-5	10126
1941.000	0	10129
1942.000	2	10131
1943.000	-10	10120
1944.000	1	10128
1945.000	4	10131
1946.000	-2	10126
1947.000	3	10131
1948.000	-3	10125
1949.000	3	10131
1950.000	-3	10125
1951.000	3	10131
1952.000	3	10131
1953.000	-10	10119
1954.000	2	10128
1955.000	5	10132
1956.000	4	10132
1957.000	-4	10126
1958.000	2	10130
1959.000	2	10131
1960.000	-4	10126
1961.000	8	10136
1962.000	2	10133
1963.000	-12	10119
1964.000	6	10134
1965.000	3	10133
1966.000	2	10133
1967.000	-6	10125
1968.000	0	10129
1969.000	2	10131
1970.000	-12	10118
1971.000	2	10128
1972.000	4	10131
1973.000	-8	10120
1974.000	9	10135
1975.000	6	10134
1976.000	-11	10119
1977.000	1	10128
1978.000	-8	10119
1979.000	4	10129
1980.000	6	10132
1981.000	-2	10126
1982.000	-3	10124
1983.000	-2	10124
1984.000	4	10130
1985.000	-7	10120
1986.000	4	10129
1987.000	0	10126
1988.000	-1	10125
1989.000	5	10131
1990.000	5	10132
1991.000	-9	10120
1992.000	3	10129
1993.000	5	10132
1994.000	-9	10119
1995.000	-4	10122
1996.000	-1	10124
1997.000	-6	10118
1998.000	7	10129
1999.000	2	10127
2000.000	-6	10119
2001.000	6	10129
2002.000	8	10133
2003.000	-7	10121
2004.000	3	10128
2005.000	0	10126
2006.000	4	10130
2007.000	-1	10127
2008.000	-3	10124
2009.000	-3	10123
2010.000	-1	10124
2011.000	-1	10124
2012.000	6	10131
2013.000	-7	10120
2014.000	5	10130
2015.000	0	10126
2016.000	-1	10125
2017.000	-2	10124
2018.000	6	10131
2019.000	-7	10120
2020.000	-2	10123
2021.000	6	10130
2022.000	0	10126
2023.000	-7	10119
2024.000	5	10129
2025.000	7	10132
2026.000	-7	10121
2027.000	3	10128
2028.000	0	10126
2029.000	-2	10124
2030.000	-2	10124
2031.000	6	10131
2032.000	-1	10126
2033.000	-2	10125
2034.000	4	10130
2035.000	-7	10120
2036.000	-3	10122
2037.000	6	10130
2038.000	-6	10120
2039.000	-1	10123
2040.000	7	10131
2041.000	-6	10120
2042.000	5	10129
2043.000	1	10127
2044.000	5	10131
2045.000	-8	10120
2046.000	4	10129
2047.000	-7	10119
2048.000	5	10129
2049.000	6	10132
2050.000	-7	10121
2051.000	-3	10122
2052.000	6	10131
2053.000	-6	10120
2054.000	4	10129
2055.000	1	10127
2056.000	-1	10125
2057.000	-2	10124
2058.000	6	10131
2059.000	-7	10120
2060.000	4	10129
2061.000	0	10126
2062.000	-2	10124
2063.000	-1	10124
2064.000	6	10131
2065.000	-1	10126
2066.000	4	10131
2067.000	-1	10127
2068.000	-4	10124
2069.000	4	10130
2070.000	-2	10126
2071.000	-3	10124
2072.000	5	10131
2073.000	5	10133
2074.000	-10	10119
2075.000	3	10129
2076.000	5	10132
2077.000	-3	10125
2078.000	3	10131
2079.000	-3	10125
2080.000	3	10131
2081.000	10	10138
2082.000	-4	10127
2083.000	0	10130
2084.000	7	10137
2085.000	-5	10127
2086.000	-2	10129
2087.000	7	10137
2088.000	-6	10126
2089.000	-1	10130
2090.000	7	10137
2091.000	-5	10127
2092.000	5	10136
2093.000	0	10132
2094.000	-8	10124
2095.000	6	10136
2096.000	-6	10126
2097.000	0	10130
2098.000	7	10137
2099.000	-5	10127
2100.000	-1	10130
2101.000	7	10137
2102.000	-5	10127
2103.000	5	10136
2104.000	-7	10125
2105.000	6	10136
2106.000	1	10133
2107.000	-1	10131
2108.000	-2	10130
2109.000	0	10131
2110.000	-1	10130
2111.000	6	10137
2112.000	-6	10127
2113.000	5	10136
2114.000	-7	10126
2115.000	5	10136
2116.000	0	10132
2117.000	-1	10131
2118.000	0	10132
2119.000	-1	10131
2120.000	-1	10130
2121.000	6	10137
2122.000	-6	10127
2123.000	4	10135
2124.000	-6	10126
2125.000	5	10136
2126.000	1	10133
2127.000	5	10137
2128.000	-1	10133
2129.000	3	10137
2130.000	-8	10126
2131.000	3	10135
2132.000	-1	10132
2133.000	4	10137
2134.000	-1	10133
2135.000	-3	10131
2136.000	4	10137
2137.000	-2	10132
2138.000	-2	10131
2139.000	4	10137
2140.000	5	10139
2141.000	-3	10132
2142.000	2	10136
2143.000	-3	10132
2144.000	2	10136
2145.000	-3	10132
2146.000	3	10137
2147.000	-3	10132
2148.000	3	10137
2149.000	-9	10126
2150.000	3	10135
2151.000	-1	10132
2152.000	4	10137
2153.000	-8	10126
2154.000	4	10135
2155.000	-7	10126
2156.000	5	10136
2157.000	-6	10126
2158.000	-1	10129
2159.000	1	10131
2160.000	1	10131
2161.000	-5	10126
2162.000	7	10136
2163.000	2	10133
2164.000	0	10132
2165.000	5	10137
2166.000	0	10133
2167.000	-2	10131
2168.000	-2	10131
2169.000	4	10136
2170.000	-7	10126
2171.000	4	10135
2172.000	0	10132
2173.000	-1	10131
2174.000	-1	10131
2175.000	5	10137
2176.000	-7	10126
2177.000	4	10135
2178.000	0	10132
2179.000	-1	10131
2180.000	-1	10131
2181.000	5	10137
2182.000	-7	10126
2183.000	-2	10129
2184.000	0	10131
2185.000	-6	10125
2186.000	7	10136
2187.000	-4	10127
2188.000	7	10137
2189.000	-5	10127
2190.000	-7	10123
2191.000	7	10135
2192.000	-3	10127
2193.000	7	10136
2194.000	-5	10126
2195.000	6	10136
2196.000	-5	10127
2197.000	0	10130
2198.000	-6	10124
2199.000	1	10129
2200.000	-4	10125
2201.000	3	10131
2202.000	-3	10125
2203.000	9	10137
2204.000	-10	10120
2205.000	8	10135
2206.000	-3	10127
2207.000	2	10131
2208.000	-4	10125
2209.000	2	10130
2210.000	-11	10118
2211.000	3	10128
2212.000	6	10132
2213.000	4	10132
2214.000	3	10132
2215.000	-4	10126
2216.000	0	10129
2217.000	3	10132
2218.000	2	10132
2219.000	-6	10125
2220.000	1	10130
2221.000	-4	10125
2222.000	2	10130
2223.000	-3	10125
2224.000	9	10137
2225.000	-3	10127
2226.000	7	10136
2227.000	-4	10127
2228.000	6	10136
2229.000	1	10133
2230.000	-1	10131
2231.000	5	10137
2232.000	-7	10127
2233.000	3	10134
2234.000	0	10132
2235.000	-1	10131
2236.000	5	10137
2237.000	-7	10127
2238.000	4	10135
2239.000	6	10139
2240.000	-8	10126
2241.000	10	10142
2242.000	-2	10133
2243.000	3	10137
2244.000	-10	10125
2245.000	9	10141
2246.000	-1	10134
2247.000	2	10137
2248.000	-4	10131
2249.000	3	10137
2250.000	-3	10132
2251.000	8	10142
2252.000	-9	10128
2253.000	7	10141
2254.000	-9	10127
2255.000	8	10141
2256.000	-8	10128
2257.000	8	10141
2258.000	-2	10134
2259.000	2	10137
2260.000	-4	10132
2261.000	-5	10129
2262.000	3	10136
2263.000	-2	10132
2264.000	4	10137
2265.000	-2	10132
2266.000	3	10137
2267.000	-3	10132
2268.000	-3	10131
2269.000	3	10136
2270.000	-2	10132
2271.000	-2	10131
2272.000	4	10137
2273.000	-2	10132
2274.000	10	10143
2275.000	-2	10134
2276.000	-5	10131
2277.000	8	10142
2278.000	4	10141
2279.000	1	10139
2280.000	-7	10131
2281.000	6	10142
2282.000	-5	10133
2283.000	-7	10129
2284.000	2	10136
2285.000	3	10138
2286.000	3	10139
2287.000	2	10139
2288.000	-6	10131
2289.000	1	10136
2290.000	-5	10131
2291.000	9	10143
2292.000	-3	10134
2293.000	-6	10130
2294.000	8	10142
2295.000	-3	10134
2296.000	1	10137
2297.000	-5	10131
2298.000	-4	10130
2299.000	2	10135
2300.000	5	10139
2301.000	10	10145
2302.000	-4	10134
2303.000	-8	10129
2304.000	7	10142
2305.000	3	10140
2306.000	1	10139
2307.000	-1	10137
2308.000	6	10144
2309.000	-7	10133
2310.000	5	10142
2311.000	-6	10133
2312.000	-2	10135
2313.000	7	10144
2314.000	-6	10133
2315.000	6	10143
2316.000	-6	10133
2317.000	-8	10129
2318.000	8	10142
2319.000	2	10139
2320.000	1	10138
2321.000	0	10138
2322.000	-6	10132
2323.000	6	10142
2324.000	1	10139
2325.000	-6	10132
2326.000	5	10141
2327.000	-5	10133
2328.000	6	10142
2329.000	2	10140
2330.000	-7	10132
2331.000	5	10142
2332.000	-5	10133
2333.000	6	10143
2334.000	-6	10132
2335.000	-1	10136
2336.000	1	10137
2337.000	1	10138
2338.000	8	10145
2339.000	-6	10133
2340.000	-2	10135
2341.000	1	10138
2342.000	0	10137
2343.000	7	10144
2344.000	-6	10133
2345.000	-8	10129
2346.000	6	10141
2347.000	3	10140
2348.000	7	10145
2349.000	-7	10133
2350.000	4	10142
2351.000	-6	10133
2352.000	5	10142
2353.000	-7	10132
2354.000	-1	10136
2355.000	8	10144
2356.000	-5	10134
2357.000	5	10142
2358.000	-6	10133
2359.000	-1	10136
2360.000	7	10144
2361.000	1	10140
2362.000	5	10144
2363.000	-1	10139
2364.000	-3	10137
2365.000	3	10142
2366.000	-2	10138
2367.000	4	10144
2368.000	-2	10139
2369.000	3	10143
2370.000	4	10145
2371.000	-3	10139
2372.000	8	10149
2373.000	-4	10140
2374.000	7	10150
2375.000	-6	10139
2376.000	0	10143
2377.000	1	10144
2378.000	1	10144
2379.000	-6	10137
2380.000	7	10149
2381.000	2	10146
2382.000	0	10144
2383.000	-6	10138
2384.000	-7	10136
2385.000	8	10148
2386.000	-3	10140
2387.000	1	10143
2388.000	2	10144
2389.000	1	10144
2390.000	8	10151
2391.000	-6	10140
2392.000	-2	10142
2393.000	1	10144
2394.000	-6	10137
2395.000	7	10149
2396.000	-4	10140
2397.000	0	10143
2398.000	1	10144
2399.000	1	10144
2400.000	-5	10138
2401.000	7	10149
2402.000	-4	10140
2403.000	7	10150
2404.000	-5	10140
2405.000	-1	10142
2406.000	-6	10137
2407.000	1	10142
2408.000	3	10144
2409.000	3	10145
2410.000	-5	10138
2411.000	7	10149
2412.000	-10	10134
2413.000	7	10148
2414.000	-4	10139
2415.000	-5	10137
2416.000	2	10142
2417.000	-2	10139
2418.000	3	10143
2419.000	-3	10138
2420.000	9	10149
2421.000	-2	10141
2422.000	1	10143
2423.000	-5	10138
2424.000	1	10142
2425.000	-3	10138
2426.000	9	10149
2427.000	-3	10140
2428.000	-6	10136
2429.000	2	10142
2430.000	-3	10138
2431.000	3	10143
2432.000	-3	10138
2433.000	-3	10137
2434.000	3	10142
2435.000	-1	10139
2436.000	-3	10137
2437.000	-2	10137
2438.000	-2	10136
2439.000	6	10144
2440.000	-7	10133
2441.000	4	10141
2442.000	0	10139
2443.000	-7	10132
2444.000	12	10149
2445.000	1	10141
2446.000	3	10143
2447.000	-2	10139
2448.000	-11	10130
2449.000	10	10147
2450.000	-6	10134
2451.000	3	10142
2452.000	-1	10139
2453.000	-2	10137
2454.000	4	10143
2455.000	-1	10139
2456.000	4	10144
2457.000	-8	10133
2458.000	-3	10135
2459.000	5	10142
2460.000	-6	10133
2461.000	5	10142
2462.000	0	10139
2463.000	-1	10138
2464.000	-1	10137
2465.000	-1	10137
2466.000	6	10144
2467.000	0	10140
2468.000	4	10144
2469.000	-8	10133
2470.000	3	10141
2471.000	-1	10138
2472.000	-2	10137
2473.000	-1	10137
2474.000	-1	10137
2475.000	6	10144
2476.000	-7	10133
2477.000	-2	10135
2478.000	7	10144
2479.000	0	10139
2480.000	5	10144
2481.000	-1	10139
2482.000	-3	10137
2483.000	4	10143
2484.000	-8	10132
2485.000	3	10141
2486.000	-1	10138
2487.000	-1	10138
2488.000	5	10143
2489.000	-7	10133
2490.000	4	10142
2491.000	0	10139
2492.000	5	10144
2493.000	-2	10138
2494.000	-3	10137
2495.000	4	10143
2496.000	-8	10132
2497.000	4	10142
2498.000	0	10139
2499.000	-8	10131
2500.000	5	10142
2501.000	1	10139
2502.000	0	10138
2503.000	5	10143
2504.000	-7	10133
2505.000	4	10142
2506.000	-7	10132
2507.000	-7	10130
2508.000	7	10142
2509.000	-4	10133
2510.000	7	10143
2511.000	-5	10133
2512.000	-6	10130
2513.000	8	10142
2514.000	-4	10133
2515.000	7	10143
2516.000	-4	10134
2517.000	-1	10136
2518.000	8	10144
2519.000	-5	10134
2520.000	5	10142
2521.000	0	10139
2522.000	-7	10132
2523.000	5	10142
2524.000	1	10139
2525.000	0	10138
2526.000	-8	10130
2527.000	-1	10135
2528.000	2	10138
2529.000	2	10138
2530.000	-5	10132
2531.000	0	10135
2532.000	2	10137
2533.000	-4	10132
2534.000	2	10137
2535.000	3	10138
2536.000	2	10138
2537.000	1	10138
2538.000	-6	10131
2539.000	7	10142
2540.000	2	10139
2541.000	0	10138
2542.000	6	10144
2543.000	-7	10133
2544.000	4	10142
2545.000	0	10139
2546.000	-1	10138
2547.000	4	10143
2548.000	-7	10133
2549.000	-2	10136
2550.000	6	10143
2551.000	0	10139
2552.000	-1	10138
2553.000	5	10144
2554.000	-2	10138
2555.000	-9	10131
2556.000	5	10142
2557.000	1	10139
2558.000	5	10144
2559.000	-1	10139
2560.000	-3	10137
2561.000	4	10143
2562.000	-1	10139
2563.000	-9	10131
2564.000	4	10141
2565.000	-6	10132
2566.000	-7	10130
2567.000	-6	10128
2568.000	10	10143
2569.000	-2	10134
2570.000	-4	10131
2571.000	2	10136
2572.000	4	10138
2573.000	-4	10132
2574.000	2	10136
2575.000	-3	10132
2576.000	2	10136
2577.000	-3	10132
2578.000	-3	10131
2579.000	3	10136
2580.000	-1	10133
2581.000	3	10137
2582.000	4	10138
2583.000	-3	10133
2584.000	-5	10130
2585.000	3	10136
2586.000	4	10138
2587.000	-3	10132
2588.000	2	10136
2589.000	-3	10132
2590.000	2	10136
2591.000	-3	10132
2592.000	-3	10131
2593.000	3	10136
2594.000	-1	10133
2595.000	3	10137
2596.000	4	10138
2597.000	-3	10133
2598.000	2	10137
2599.000	2	10137
2600.000	-10	10126
2601.000	8	10141
2602.000	-2	10133
2603.000	-4	10131
2604.000	9	10143
2605.000	-3	10133
2606.000	8	10143
2607.000	-4	10134
2608.000	-7	10130
2609.000	8	10142
2610.000	-4	10133
2611.000	1	10137
2612.000	2	10138
2613.000	1	10138
2614.000	1	10138
2615.000	-5	10132
2616.000	0	10136
2617.000	2	10138
2618.000	-5	10131
2619.000	8	10143
2620.000	-4	10133
2621.000	-6	10130
2622.000	8	10142
2623.000	-3	10134
2624.000	7	10143
2625.000	-4	10134
2626.000	6	10143
2627.000	1	10139
2628.000	-7	10132
2629.000	5	10142
2630.000	1	10139
2631.000	0	10138
2632.000	5	10143
2633.000	-7	10133
2634.000	-3	10135
2635.000	7	10144
2636.000	-6	10133
2637.000	-2	10135
2638.000	1	10138
2639.000	1	10138
2640.000	0	10137
2641.000	1	10138
2642.000	-6	10131
2643.000	6	10142
2644.000	-4	10133
2645.000	6	10142
2646.000	2	10140
2647.000	-8	10131
2648.000	6	10142
2649.000	1	10139
2650.000	6	10144
2651.000	-7	10133
2652.000	-3	10135
2653.000	-1	10136
2654.000	1	10138
2655.000	7	10144
2656.000	-6	10133
2657.000	5	10142
2658.000	-1	10138
2659.000	-1	10138
2660.000	5	10143
2661.000	-1	10139
2662.000	5	10145
2663.000	-3	10138
2664.000	3	10143
2665.000	-2	10139
2666.000	-10	10130
2667.000	3	10140
2668.000	0	10138
2669.000	6	10144
2670.000	-1	10139
2671.000	-9	10131
2672.000	10	10147
2673.000	-6	10134
2674.000	-2	10136
2675.000	5	10143
2676.000	0	10139
2677.000	5	10144
2678.000	-2	10139
2679.000	3	10143
2680.000	-3	10138
2681.000	-3	10137
2682.000	4	10143
2683.000	4	10144
2684.000	-3	10139
2685.000	3	10144
2686.000	-4	10138
2687.000	-4	10136
2688.000	4	10143
2689.000	-2	10138
2690.000	3	10143
2691.000	-8	10133
2692.000	9	10147
2693.000	-7	10134
2694.000	3	10142
2695.000	-1	10139
2696.000	-3	10137
2697.000	4	10143
2698.000	-7	10133
2699.000	4	10142
2700.000	-7	10132
2701.000	5	10142
2702.000	1	10139
2703.000	-7	10132
2704.000	5	10142
2705.000	1	10139
2706.000	6	10144
2707.000	-1	10139
2708.000	4	10144
2709.000	-3	10138
2710.000	-9	10131
2711.000	3	10140
2712.000	0	10138
2713.000	6	10144
2714.000	-1	10139
2715.000	4	10144
2716.000	-2	10139
2717.000	2	10142
2718.000	-9	10132
2719.000	-4	10134
2720.000	12	10149
2721.000	1	10142
2722.000	3	10144
2723.000	-4	10138
2724.000	2	10143
2725.000	-3	10138
2726.000	9	10149
2727.000	-3	10140
2728.000	-6	10136
2729.000	2	10142
2730.000	-3	10138
2731.000	9	10149
2732.000	-2	10141
2733.000	1	10143
2734.000	-5	10138
2735.000	8	10149
2736.000	-4	10139
2737.000	-6	10136
2738.000	8	10148
2739.000	-2	10141
2740.000	7	10149
2741.000	-5	10139
2742.000	0	10143
2743.000	1	10144
2744.000	1	10144
2745.000	1	10144
2746.000	0	10144
2747.000	0	10144
2748.000	-6	10138
2749.000	0	10142
2750.000	2	10144
2751.000	2	10145
2752.000	1	10144
2753.000	1	10144
2754.000	-6	10138
2755.000	-6	10136
2756.000	2	10142
2757.000	-3	10138
2758.000	10	10150
2759.000	-2	10141
2760.000	-6	10136
2761.000	2	10142
2762.000	-10	10131
2763.000	10	10148
2764.000	-7	10134
2765.000	-4	10135
2766.000	12	10150
2767.000	-1	10140
2768.000	3	10144
2769.000	-10	10132
2770.000	8	10147
2771.000	-8	10133
2772.000	-3	10136
2773.000	5	10143
2774.000	-1	10139
2775.000	4	10143
2776.000	-1	10139
2777.000	-10	10130
2778.000	4	10141
2779.000	-6	10132
2780.000	-1	10136
2781.000	8	10144
2782.000	-6	10133
2783.000	12	10149
2784.000	-6	10134
2785.000	-3	10136
2786.000	6	10144
2787.000	0	10140
2788.000	10	10150
2789.000	-2	10141
2790.000	-5	10137
2791.000	-4	10136
2792.000	9	10148
2793.000	-1	10141
2794.000	2	10144
2795.000	-4	10138
2796.000	1	10142
2797.000	-3	10138
2798.000	2	10142
2799.000	4	10145
2800.000	3	10145
2801.000	-5	10138
2802.000	1	10143
2803.000	2	10144
2804.000	2	10145
2805.000	-5	10138
2806.000	7	10149
2807.000	-4	10140
2808.000	-6	10137
2809.000	1	10142
2810.000	-10	10131
2811.000	3	10141
2812.000	0	10139
2813.000	-2	10137
2814.000	-1	10137
2815.000	-1	10137
2816.000	-1	10137
2817.000	-6	10131
2818.000	6	10142
2819.000	2	10139
2820.000	-6	10132
2821.000	6	10142
2822.000	1	10139
2823.000	-7	10131
2824.000	5	10141
2825.000	-5	10133
2826.000	0	10136
2827.000	8	10144
2828.000	-5	10134
2829.000	-1	10136
2830.000	6	10143
2831.000	-5	10134
2832.000	5	10142
2833.000	-6	10133
2834.000	-1	10136
2835.000	0	10137
2836.000	1	10138
2837.000	-5	10132
2838.000	7	10142
2839.000	-4	10133
2840.000	0	10136
2841.000	1	10137
2842.000	1	10138
2843.000	-5	10132
2844.000	7	10142
2845.000	2	10139
2846.000	-6	10132
2847.000	6	10142
2848.000	1	10139
2849.000	-1	10137
2850.000	0	10138
2851.000	-1	10137
2852.000	-7	10131
2853.000	6	10142
2854.000	2	10139
2855.000	0	10138
2856.000	6	10144
2857.000	-7	10133
2858.000	-2	10136
2859.000	6	10143
2860.000	0	10139
2861.000	5	10144
2862.000	-1	10139
2863.000	-3	10137
2864.000	4	10143
2865.000	-2	10138
2866.000	-3	10137
2867.000	4	10143
2868.000	-2	10138
2869.000	-2	10138
2870.000	4	10143
2871.000	-1	10139
2872.000	-9	10131
2873.000	4	10141
2874.000	0	10138
2875.000	0	10138
2876.000	-1	10137
2877.000	5	10143
2878.000	6	10146
2879.000	-2	10139
2880.000	2	10143
2881.000	-3	10138
2882.000	-4	10136
2883.000	10	10149
2884.000	-2	10140
2885.000	-11	10131
2886.000	-4	10134
2887.000	6	10143
2888.000	0	10139
2889.000	-1	10138
2890.000	5	10144
2891.000	-1	10139
2892.000	-3	10137
2893.000	4	10143
2894.000	-1	10139
2895.000	-3	10137
2896.000	-2	10137
2897.000	-8	10130
2898.000	5	10141
2899.000	-4	10133
2900.000	0	10136
2901.000	7	10143
2902.000	-5	10133
2903.000	-1	10136
2904.000	7	10144
2905.000	1	10140
2906.000	-1	10138
2907.000	-1	10138
2908.000	-2	10136
2909.000	6	10144
2910.000	-7	10133
2911.000	-2	10135
2912.000	7	10144
2913.000	1	10140
2914.000	-8	10131
2915.000	4	10141
2916.000	1	10139
2917.000	6	10144
2918.000	-7	10133
2919.000	-3	10135
2920.000	6	10143
2921.000	-6	10133
2922.000	-2	10135
2923.000	1	10138
2924.000	1	10138
2925.000	0	10137
2926.000	1	10138
2927.000	7	10144
2928.000	-7	10133
2929.000	-2	10135
2930.000	7	10144
2931.000	7	10146
2932.000	-2	10139
2933.000	3	10143
2934.000	-3	10138
2935.000	-4	10136
2936.000	4	10143
2937.000	-2	10138
2938.000	-3	10137
2939.000	11	10150
2940.000	-2	10140
2941.000	-5	10137
2942.000	2	10142
2943.000	-2	10139
2944.000	-3	10137
2945.000	3	10142
2946.000	-1	10139
2947.000	-3	10137
2948.000	4	10143
2949.000	-1	10139
2950.000	-3	10137
2951.000	4	10143
2952.000	5	10145
2953.000	-3	10139
2954.000	-4	10137
2955.000	10	10150
2956.000	-9	10134
2957.000	2	10142
2958.000	4	10144
2959.000	-9	10133
2960.000	-5	10134
2961.000	5	10142
2962.000	1	10140
2963.000	-2	10137
2964.000	5	10144
2965.000	-2	10138
2966.000	-9	10131
2967.000	5	10142
2968.000	1	10139
2969.000	-1	10138
2970.000	-2	10136
2971.000	0	10138
2972.000	6	10144
2973.000	0	10140
2974.000	4	10144
2975.000	4	10145
2976.000	-3	10139
2977.000	-4	10137
2978.000	-10	10130
2979.000	10	10147
2980.000	1	10141
2981.000	-3	10137
2982.000	4	10143
2983.000	-1	10139
2984.000	3	10143
2985.000	-3	10138
2986.000	3	10143
2987.000	-2	10139
2988.000	-4	10136
2989.000	4	10143
2990.000	-2	10138
2991.000	-3	10137
2992.000	-9	10130
2993.000	5	10141
2994.000	1	10139
2995.000	-6	10132
2996.000	6	10142
2997.000	1	10139
2998.000	-7	10131
2999.000	5	10141
3000.000	1	10139
3001.000	0	10138
3002.000	0	10138
3003.000	-1	10137
3004.000	-7	10131
3005.000	6	10142
3006.000	-4	10133
3007.000	-6	10130
3008.000	1	10135
3009.000	-4	10131
3010.000	-3	10131
3011.000	4	10137
3012.000	-2	10132
3013.000	10	10143
3014.000	-2	10134
3015.000	-5	10131
3016.000	2	10136
3017.000	-3	10132
3018.000	3	10137
3019.000	-3	10132
3020.000	2	10136
3021.000	4	10138
3022.000	-3	10133
3023.000	2	10137
3024.000	2	10137
3025.000	-4	10132
3026.000	2	10137
3027.000	-4	10131
3028.000	9	10143
3029.000	-3	10134
3030.000	0	10136
3031.000	-5	10131
3032.000	2	10136
3033.000	3	10138
3034.000	-4	10132
3035.000	8	10143
3036.000	3	10140
3037.000	-6	10132
3038.000	-1	10135
3039.000	8	10144
3040.000	2	10140
3041.000	-1	10138
3042.000	-2	10137
3043.000	-1	10137
3044.000	0	10138
3045.000	6	10144
3046.000	0	10140
3047.000	-3	10137
3048.000	5	10144
3049.000	-1	10139
3050.000	-3	10137
3051.000	-2	10137
3052.000	5	10143
3053.000	-1	10139
3054.000	-9	10131
3055.000	5	10142
3056.000	0	10138
3057.000	-1	10137
3058.000	0	10138
3059.000	-1	10137
3060.000	-7	10131
3061.000	6	10142
3062.000	-4	10133
3063.000	0	10136
3064.000	1	10137
3065.000	8	10145
3066.000	1	10140
3067.000	-8	10131
3068.001	-2	10135
3069.000	13	10149
3070.000	-5	10135
3071.000	-2	10137
3072.000	5	10143
3073.000	-1	10139
3074.000	-2	10137
3075.000	-1	10138
3076.000	-1	10137
3077.000	11	10149
3078.000	0	10141
3079.000	-4	10137
3080.000	-4	10136
3081.000	4	10143
3082.000	5	10145
3083.001	-3	10139
3084.000	-4	10137
3085.001	3	10143
3086.000	-2	10138
3087.000	-3	10137
3088.000	-2	10137
3089.000	5	10143
3090.000	6	10146
3091.000	-3	10139
3092.000	-4	10137
3093.000	-3	10137
3094.000	4	10143
3095.000	-1	10139
3096.000	-2	10138
3097.000	-2	10137
3098.000	5	10143
3099.000	-1	10139
3100.000	-2	10138
3101.000	10	10149
3102.000	-1	10141
3103.000	-5	10137
3104.000	-4	10136
3105.000	4	10143
3106.000	-1	10139
3107.000	-3	10137
3108.000	4	10143
3109.000	-1	10139
3110.000	-9	10131
3111.000	-9	10128
3112.000	7	10141
3113.000	-4	10133
3114.000	-5	10130
3115.000	8	10142
3116.000	-2	10134
3117.000	-5	10131
3118.000	8	10142
3119.000	-3	10134
3120.000	1	10137
3121.000	8	10144
3122.000	-5	10133
3123.000	-1	10136
3124.000	1	10138
3125.000	1	10138
3126.000	-6	10131
3127.000	7	10142
3128.000	-4	10133
3129.000	0	10136
3130.000	8	10144
3131.000	-5	10134
3132.000	-2	10135
3133.000	7	10144
3134.000	-5	10134
3135.000	-2	10135
3136.000	7	10144
3137.000	-5	10134
3138.000	-1	10136
3139.000	6	10143
3140.000	-5	10134
3141.000	-8	10129
3142.000	7	10142
3143.000	3	10140
3144.000	7	10145
3145.000	-7	10133
3146.000	-2	10136
3147.000	-7	10130
3148.000	7	10142
3149.000	-4	10133
3150.000	0	10136
3151.000	2	10138
3152.000	-5	10132
3153.000	7	10142
3154.000	-4	10133
3155.000	1	10137
3156.000	8	10144
3157.000	-5	10134
3158.000	-2	10135
3159.000	7	10144
3160.000	-5	10134
3161.000	-2	10135
3162.000	7	10144
3163.000	1	10140
3164.000	-7	10132
3165.001	5	10142
3166.001	-6	10132
3167.001	-1	10136
3168.001	8	10144
3169.001	-6	10133
3170.001	-1	10136
3171.001	7	10144
3172.001	1	10140
3173.001	5	10144
3174.001	-7	10133
3175.001	-3	10135
3176.001	5	10142
3177.001	0	10139
3178.001	5	10144
3179.001	-8	10132
3180.001	-3	10135
3181.001	6	10143
3182.001	1	10140
3183.001	-2	10137
3184.001	5	10144
3185.001	-8	10132
3186.001	10	10148
3187.001	-6	10135
3188.001	3	10142
3189.001	5	10145
3190.001	-2	10139
3191.001	2	10143
3192.001	-3	10138
3193.001	9	10149
3194.001	-3	10140
3195.001	-12	10130
3196.001	8	10147
3197.001	-1	10140
3198.001	-4	10137
3199.001	-3	10137
3200.001	-2	10137
3201.001	5	10143
3202.001	0	10140
3203.001	4	10144
3204.001	-2	10139
3205.001	-3	10137
3206.000	4	10143
3207.001	-2	10138
3208.001	3	10143
3209.001	4	10145
3210.001	-3	10139
3211.001	-4	10137
3212.001	9	10149
3213.001	-3	10140
3214.001	2	10144
3215.001	2	10144
3216.001	-4	10139
3217.001	1	10143
3218.001	-5	10137
3219.001	9	10149
3220.001	-3	10140
3221.001	1	10143
3222.001	1	10144
3223.001	-5	10138
3224.001	1	10142
3225.001	-4	10138
3226.001	9	10149
3227.001	-3	10140
3228.001	-6	10136
3229.001	2	10142
3230.001	-3	10138
3231.001	3	10143
3232.001	4	10145
3233.001	3	10145
3234.001	-5	10138
3235.001	7	10149
3236.001	-4	10140
3237.001	0	10143
3238.001	-5	10138
3239.001	-5	10136
3240.001	9	10149
3241.001	-2	10140
3242.001	2	10144
3243.001	2	10144
3244.001	2	10145
3245.001	-5	10138
3246.001	-6	10136
3247.001	2	10142
3248.001	-9	10132
3249.001	3	10141
3250.001	-7	10132
3251.000	5	10142
3252.001	1	10139
3253.000	5	10144
3254.001	-1	10139
3255.001	4	10144
3256.001	-2	10139
3257.001	-4	10136
3258.001	3	10142
3259.001	-1	10139
3260.001	3	10143
3261.001	-2	10139
3262.001	-3	10137
3263.001	4	10143
3264.001	-2	10138
3265.001	3	10143
3266.000	4	10145
3267.001	-3	10139
3268.001	8	10149
3269.001	-3	10140
3270.001	0	10143
3271.001	2	10145
3272.001	-5	10138
3273.001	7	10149
3274.001	-4	10140
3275.001	6	10149
3276.001	-5	10139
3277.001	6	10149
3278.001	-5	10140
3279.001	5	10148
3280.001	1	10146
3281.001	-1	10144
3282.001	-1	10144
3283.001	0	10144
3284.001	-1	10143
3285.001	0	10144
3286.001	-7	10137
3287.001	0	10142
3288.001	2	10144
3289.001	2	10145
3290.001	1	10144
3291.001	-5	10138
3292.001	6	10148
3293.001	-4	10140
3294.001	7	10150
3295.001	1	10146
3296.001	6	10151
3297.001	-8	10139
3298.001	4	10148
3299.001	-7	10139
3300.001	5	10148
3301.001	0	10145
3302.001	-7	10138
3303.001	5	10148
3304.001	-5	10139
3305.001	6	10149
3306.001	1	10146
3307.001	5	10150
3308.000	-7	10139
3309.001	4	10148
3310.001	-1	10145
3311.001	5	10150
3312.001	-8	10139
3313.001	-2	10142
3314.001	5	10149
3315.001	-6	10139
3316.001	5	10148
3317.001	-6	10139
3318.001	-7	10136
3319.001	1	10142
3320.001	-4	10137
3321.001	2	10142
3322.001	4	10145
3323.001	-3	10139
3324.001	2	10143
3325.001	-10	10132
3326.000	9	10148
3327.001	-8	10133
3328.001	3	10142
3329.001	-2	10138
3330.001	-2	10137
3331.001	-2	10137
3332.001	-1	10137
3333.001	0	10138
3334.001	-1	10137
3335.001	6	10143
3336.001	1	10140
3337.001	4	10144
3338.001	-8	10133
3339.001	9	10147
3340.001	0	10141
3341.001	-4	10137
3342.001	3	10143
3343.001	-2	10139
3344.001	3	10143
3345.001	-3	10138
3346.001	3	10143
3347.001	-3	10138
3348.001	3	10143
3349.001	-2	10139
3350.001	9	10149
3351.001	-3	10140
3352.001	-6	10136
3353.001	8	10148
3354.001	-3	10140
3355.001	1	10143
3356.001	-4	10138
3357.001	8	10149
3358.001	-3	10140
3359.001	6	10149
3360.001	-5	10139
3361.001	0	10143
3362.001	-5	10138
3363.001	1	10142
3364.001	-4	10138
3365.001	2	10142
3366.001	-3	10138
3367.001	9	10149
3368.001	-9	10134
3369.001	-5	10135
3370.001	4	10143
3371.001	-1	10139
3372.001	4	10144
3373.001	-2	10139
3374.001	3	10143
3375.001	-3	10138
3376.001	3	10143
3377.001	-9	10132
3378.001	3	10141
3379.001	-1	10138
3380.001	5	10144
3381.001	5	10145
3382.001	3	10145
3383.001	-10	10133
3384.001	1	10141
3385.001	-3	10137
3386.000	4	10143
3387.001	-2	10138
3388.001	3	10143
3389.001	-2	10139
3390.001	3	10143
3391.001	-2	10139
3392.001	-4	10136
3393.001	4	10143
3394.001	-2	10138
3395.001	3	10143
3396.001	-2	10139
3397.001	3	10143
3398.001	-3	10138
3399.001	3	10143
3400.001	4	10145
3401.001	9	10151
3402.001	-4	10141
3403.001	-1	10143
3404.001	-7	10136
3405.001	7	10148
3406.001	-4	10139
3407.001	1	10143
3408.001	-5	10138
3409.001	1	10142
3410.001	-3	10138
3411.001	2	10142
3412.001	4	10145
3413.001	-4	10138
3414.001	8	10149
3415.001	-3	10140
3416.001	0	10143
3417.001	-5	10138
3418.001	8	10149
3419.001	-3	10140
3420.001	0	10143
3421.001	1	10144
3422.001	2	10145
3423.001	1	10144
3424.001	-6	10138
3425.001	7	10149
3426.001	-5	10139
3427.001	6	10149
3428.001	2	10146
3429.000	-7	10138
3430.001	5	10148
3431.001	1	10145
3432.001	6	10151
3433.001	-7	10139
3434.001	4	10148
3435.001	-1	10145
3436.001	-1	10144
3437.001	-2	10143
3438.001	6	10150
3439.001	-1	10145
3440.001	-2	10144
3441.001	-2	10143
3442.001	5	10150
3443.001	-7	10139
3444.001	4	10148
3445.001	-6	10139
3446.001	-2	10141
3447.001	7	10150
3448.001	-5	10140
3449.001	5	10148
3450.001	-6	10139
3451.001	6	10149
3452.001	-6	10139
3453.001	5	10148
3454.001	-5	10140
3455.001	-1	10142
3456.001	-6	10137
3457.001	8	10149
3458.001	-4	10139
3459.001	1	10143
3460.001	-5	10138
3461.001	-5	10136
3462.001	3	10143
3463.001	-2	10138
3464.001	10	10150
3465.001	-9	10134
3466.001	1	10141
3467.001	-3	10137
3468.001	4	10144
3469.001	-2	10139
3470.000	-4	10136
3471.001	4	10143
3472.001	-1	10139
3473.001	4	10144
3474.001	-3	10138
3475.001	10	10150
3476.001	-10	10133
3477.001	1	10141
3478.001	-2	10138
3479.001	3	10143
3480.001	-2	10139
3481.001	-4	10136
3482.001	-2	10137
3483.001	5	10143
3484.001	-1	10139
3485.001	-2	10138
3486.001	4	10143
3487.001	-2	10138
3488.001	4	10144
3489.001	-2	10139
3490.001	-3	10137
3491.001	4	10143
3492.001	-8	10132
3493.001	3	10141
3494.001	-7	10132
3495.001	5	10142
3496.001	1	10139
3497.001	-7	10132
3498.001	5	10142
3499.001	-6	10132
3500.001	6	10142
3501.001	1	10139
3502.001	6	10144
3503.001	-7	10133
3504.001	4	10142
3505.001	-7	10132
3506.000	5	10142
3507.001	0	10139
3508.001	5	10144
3509.001	-1	10139
3510.001	4	10144
3511.001	-9	10132
3512.001	9	10147
3513.001	-7	10134
3514.001	3	10142
3515.001	-1	10139
3516.001	-3	10137
3517.001	4	10143
3518.001	-7	10133
3519.001	4	10142
3520.001	0	10139
3521.001	5	10144
3522.001	-8	10132
3523.001	3	10141
3524.001	0	10139
3525.001	5	10144
3526.001	-2	10138
3527.001	4	10144
3528.001	-2	10139
3529.001	2	10142
3530.001	4	10145
3531.001	3	10145
3532.001	-5	10138
3533.001	-6	10136
3534.001	2	10142
3535.001	-2	10138
3536.001	4	10144
3537.001	-3	10138
3538.001	10	10150
3539.001	-9	10134
3540.001	-6	10134
3541.001	3	10142
3542.001	6	10146
3543.001	-9	10132
3544.001	3	10142
3545.001	-8	10132
3546.001	5	10142
3547.001	-7	10132
3548.001	6	10143
3549.001	1	10139
3550.000	-1	10138
3551.000	-1	10137
3552.000	-1	10137
3553.000	-1	10137
3554.000	0	10137
3555.001	-6	10131
3556.000	6	10142
3557.000	2	10139
3558.001	0	10138
3559.000	-7	10131
3560.001	0	10136
3561.001	-5	10131
3562.001	2	10136
3563.001	-4	10131
3564.001	9	10143
3565.001	4	10141
3566.000	-6	10132
3567.001	6	10142
3568.001	-11	10127
3569.001	6	10140
3570.001	-3	10133
3571.001	8	10143
3572.001	-5	10133
3573.001	7	10143
3574.001	1	10139
3575.001	-1	10138
3576.001	-1	10137
3577.001	-7	10131
3578.001	5	10141
3579.001	2	10139
3580.000	6	10144
3581.001	6	10146
3582.001	-8	10134
3583.000	2	10141
3584.001	-8	10132
3585.001	4	10141
3586.001	-7	10132
3587.001	5	10142
3588.000	2	10140
3589.001	-1	10138
3590.001	-1	10137
3591.001	5	10143
3592.001	6	10146
3593.001	-8	10133
3594.001	-4	10135
3595.001	-2	10136
3596.001	0	10137
3597.001	1	10138
3598.001	0	10137
3599.001	0	10137
3600.001	0	10137
3601.001	0	10137
3602.001	-6	10131
3603.001	0	10136
3604.001	-5	10131
3605.001	2	10136
3606.001	-3	10132
3607.001	3	10137
3608.001	-3	10132
3609.001	9	10143
3610.001	-2	10135
3611.001	0	10136
3612.001	-4	10132
3613.001	8	10143
3614.001	-4	10133
3615.001	7	10143
3616.001	-5	10133
3617.001	6	10143
3618.001	-6	10132
3619.001	6	10143
3620.001	-6	10132
3621.001	6	10143
3622.001	-5	10133
3623.001	5	10142
3624.001	1	10139
3625.001	-1	10138
3626.001	-1	10137
3627.001	5	10143
3628.001	-7	10133
3629.001	-2	10135
3630.001	0	10137
3631.001	1	10138
3632.001	-6	10131
3633.001	7	10142
3634.001	-4	10133
3635.001	0	10136
3636.001	-5	10131
3637.001	1	10136
3638.001	-4	10131
3639.001	3	10137
3640.001	-3	10132
3641.001	9	10143
3642.001	-2	10135
3643.001	1	10137
3644.001	-12	10124
3645.001	-5	10128
3646.001	5	10136
3647.001	6	10139
3648.001	-1	10133
3649.001	3	10137
3650.001	-3	10132
3651.001	9	10143
3652.001	-3	10134
3653.001	0	10136
3654.001	-5	10131
3655.001	8	10142
3656.001	4	10141
3657.001	-6	10132
3658.001	-1	10135
3659.001	-5	10131
3660.001	2	10136
3661.001	-4	10131
3662.001	9	10143
3663.001	-9	10128
3664.001	-5	10129
3665.001	10	10142
3666.001	-8	10127
3667.001	2	10135
3668.001	-2	10132
3669.001	4	10137
3670.001	5	10139
3671.001	-3	10133
3672.001	-5	10130
3673.001	3	10136
3674.001	4	10138
3675.001	-3	10132
3676.001	3	10137
3677.001	-4	10131
3678.001	9	10143
3679.001	3	10140
3680.001	-6	10132
3681.001	6	10142
3682.001	-4	10134
3683.001	-1	10136
3684.001	1	10137
3685.001	2	10139
3686.000	-6	10131
3687.001	7	10142
3688.001	-4	10133
3689.001	0	10136
3690.001	7	10143
3691.001	2	10140
3692.001	-1	10138
3693.001	-2	10137
3694.001	6	10144
3695.001	-7	10133
3696.001	-3	10135
3697.001	0	10137
3698.001	7	10144
3699.001	-6	10133
3700.001	5	10142
3701.001	1	10140
3702.001	5	10144
3703.001	-2	10138
3704.001	-2	10138
3705.001	4	10143
3706.001	-2	10138
3707.001	3	10143
3708.001	-8	10133
3709.001	3	10141
3710.001	-1	10138
3711.001	4	10143
3712.001	-7	10133
3713.001	3	10141
3714.001	6	10145
3715.001	-1	10140
3716.001	3	10143
3717.001	4	10145
3718.001	-4	10139
3719.001	-5	10136
3720.001	-4	10136
3721.001	4	10143
3722.001	-1	10139
3723.001	-3	10137
3724.001	5	10144
3725.001	-8	10132
3726.001	4	10142
3727.001	-7	10132
3728.001	5	10142
3729.001	8	10146
3730.001	-8	10133
3731.001	-3	10135
3732.001	-1	10136
3733.001	7	10144
3734.001	-6	10133
3735.001	-2	10135
3736.001	7	10144
3737.001	0	10139
3738.001	-1	10138
3739.001	5	10144
3740.001	-8	10132
3741.001	-3	10135
3742.001	7	10144
3743.001	-6	10133
3744.001	-2	10135
3745.001	1	10138
3746.001	1	10138
3747.001	0	10137
3748.001	-6	10131
3749.001	1	10136
3750.001	2	10138
3751.001	8	10144
3752.001	-5	10134
3753.001	-1	10136
3754.001	0	10137
3755.001	-12	10125
3756.001	1	10134
3757.001	4	10138
3758.001	-9	10126
3759.001	3	10135
3760.001	-1	10132
3761.001	-2	10131
3762.001	-2	10130
3763.001	0	10131
3764.001	-7	10124
3765.001	0	10129
3766.001	1	10130
3767.001	-4	10126
3768.001	1	10129
3769.001	3	10132
3770.001	-4	10126
3771.001	1	10129
3772.001	-4	10125
3773.001	3	10131
3774.001	10	10138
3775.001	-4	10127
3776.001	6	10136
3777.001	1	10133
3778.001	-1	10131
3779.001	-1	10131
3780.001	5	10137
3781.001	0	10133
3782.001	4	10137
3783.001	-9	10125
3784.001	3	10135
3785.001	-6	10127
3786.001	4	10135
3787.001	1	10133
3788.001	5	10137
3789.001	-1	10133
3790.001	-3	10131
3791.001	-2	10131
3792.001	4	10136
3793.001	-1	10132
3794.001	-2	10131
3795.001	5	10137
3796.001	-1	10133
3797.001	-3	10131
3798.001	-3	10130
3799.001	5	10137
3800.001	0	10133
3801.001	-3	10130
3802.001	5	10137
3803.001	-1	10133
3804.001	3	10137
3805.001	-2	10132
3806.001	3	10137
3807.001	-3	10132
3808.001	3	10137
3809.001	-3	10132
3810.001	3	10137
3811.001	3	10138
3812.001	3	10139
3813.001	-4	10133
3814.001	7	10142
3815.001	-4	10133
3816.001	6	10142
3817.001	-5	10133
3818.001	6	10143
3819.001	-5	10133
3820.001	-1	10136
3821.001	0	10137
3822.001	8	10145
3823.001	-6	10133
3824.001	5	10142
3825.001	-6	10133
3826.001	5	10142
3827.001	-5	10133
3828.001	-1	10136
3829.001	1	10138
3830.001	0	10137
3831.001	1	10138
3832.001	1	10138
3833.001	0	10137
3834.001	0	10137
3835.001	-6	10131
3836.001	0	10136
3837.001	-4	10132
3838.001	8	10142
3839.001	-4	10133
3840.001	1	10137
3841.001	2	10138
3842.001	1	10138
3843.001	1	10138
3844.001	1	10138
3845.001	0	10137
3846.001	0	10137
3847.001	1	10138
3848.001	-7	10131
3849.001	6	10142
3850.001	2	10139
3851.001	-6	10132
3852.001	6	10142
3853.001	-6	10132
3854.001	0	10136
3855.001	-5	10131
3856.001	8	10143
3857.001	-4	10133
3858.001	6	10142
3859.001	-4	10134
3860.001	0	10137
3861.001	0	10137
3862.001	8	10145
3863.001	1	10140
3864.001	-2	10137
3865.001	-1	10138
3866.001	-1	10137
3867.001	5	10143
3868.001	-7	10133
3869.001	4	10141
3870.001	-6	10133
3871.001	-1	10136
3872.001	7	10144
3873.001	-6	10133
3874.001	-1	10136
3875.001	-5	10132
3876.001	7	10142
3877.001	-4	10133
3878.001	7	10143
3879.001	-5	10133
3880.001	0	10137
3881.001	-6	10131
3882.001	7	10142
3883.001	-3	10134
3884.001	7	10143
3885.001	-5	10133
3886.001	6	10143
3887.001	1	10139
3888.001	5	10144
3889.001	-1	10139
3890.001	-2	10138
3891.001	-2	10137
3892.001	4	10143
3893.001	5	10145
3894.001	-2	10139
3895.001	3	10144
3896.001	-10	10132
3897.001	2	10141
3898.001	-1	10138
3899.001	5	10144
3900.001	-2	10138
3901.001	-3	10137
3902.001	-2	10137
3903.001	-1	10137
3904.001	-1	10137
3905.001	-1	10137
3906.001	6	10143
3907.001	-6	10133
3908.001	5	10142
3909.001	0	10139
3910.001	-2	10137
3911.001	-1	10137
3912.001	5	10143
3913.001	6	10146
3914.001	-2	10139
3915.001	-4	10137
3916.001	-3	10137
3917.001	5	10144
3918.001	-8	10132
3919.001	4	10142
3920.001	-7	10132
3921.001	5	10142
3922.001	1	10139
3923.001	-7	10132
3924.001	-2	10135
3925.001	1	10137
3926.001	2	10138
3927.001	1	10138
3928.001	7	10144
3929.001	1	10140
3930.001	-2	10138
3931.001	-2	10137
3932.001	-8	10130
3933.001	-1	10135
3934.001	-5	10131
3935.001	2	10136
3936.001	-3	10132
3937.001	3	10137
3938.001	10	10145
3939.001	-10	10128
3940.001	6	10141
3941.001	-4	10133
3942.001	1	10136
3943.001	9	10145
3944.001	-5	10133
3945.001	0	10137
3946.001	0	10137
3947.001	1	10138
3948.001	7	10144
3949.001	-6	10133
3950.001	-2	10135
3951.001	7	10144
3952.001	-6	10133
3953.001	-1	10136
3954.001	-6	10131
3955.001	7	10142
3956.001	2	10139
3957.001	-6	10132
3958.001	0	10136
3959.001	1	10137
3960.001	2	10138
3961.001	7	10144
3962.001	-5	10134
3963.001	-2	10135
3964.001	0	10137
3965.001	1	10138
3966.001	1	10138
3967.001	6	10143
3968.001	1	10140
3969.001	-8	10132
3970.001	4	10141
3971.001	-6	10132
3972.001	5	10142
3973.001	1	10139
3974.001	-7	10131
3975.001	-1	10135
3976.001	8	10144
3977.001	-5	10133
3978.001	6	10143
3979.001	-6	10133
3980.001	5	10142
3981.001	1	10139
3982.001	6	10145
3983.001	-8	10132
3984.001	4	10142
3985.001	5	10144
3986.001	-8	10133
3987.001	-3	10135
3988.001	6	10143
3989.001	0	10139
3990.001	-2	10137
3991.001	-2	10137
3992.001	-1	10137
3993.001	6	10144
3994.001	-7	10133
3995.001	5	10142
3996.001	0	10139
3997.001	-2	10137
3998.001	-1	10137
3999.001	5	10143
4000.001	-7	10133
4001.001	-2	10135
4002.001	7	10144
4003.001	-6	10133
4004.001	-1	10136
4005.001	0	10137
4006.001	-6	10131
4007.001	1	10136
4008.001	-4	10131
4009.001	2	10136
4010.001	10	10145
4011.001	-10	10128
4012.001	6	10141
4013.001	-10	10127
4014.001	1	10135
4015.001	10	10144
4016.001	-9	10128
4017.001	1	10135
4018.001	10	10144
4019.001	-4	10133
4020.001	0	10136
4021.001	2	10138
4022.001	-12	10125
4023.001	1	10134
4024.001	-3	10131
4025.001	5	10138
4026.001	4	10138
4027.001	4	10139
4028.001	-5	10132
4029.001	2	10137
4030.001	-5	10131
4031.001	2	10136
4032.001	4	10139
4033.001	-4	10132
4034.001	8	10143
4035.001	3	10140
4036.001	-6	10132
4037.001	-1	10135
4038.001	1	10137
4039.001	-4	10132
4040.001	7	10142
4041.001	3	10140
4042.001	-6	10132
4043.001	-1	10135
4044.001	-5	10131
4045.001	8	10142
4046.001	3	10140
4047.001	-6	10132
4048.001	0	10136
4049.001	8	10144
4050.001	-5	10133
4051.001	-1	10136
4052.001	-5	10132
4053.001	7	10142
4054.001	2	10139
4055.001	1	10139
4056.001	-1	10137
4057.001	0	10138
4058.001	0	10138
4059.001	-1	10137
4060.001	-6	10131
4061.001	6	10142
4062.001	2	10139
4063.001	-6	10132
4064.001	-1	10135
4065.001	8	10144
4066.001	-5	10133
4067.001	-1	10136
4068.001	1	10138
4069.001	-6	10131
4070.001	8	10143
4071.001	-4	10133
4072.001	-7	10129
4073.001	1	10135
4074.001	4	10138
4075.001	-4	10132
4076.001	2	10136
4077.001	-3	10132
4078.001	3	10137
4079.001	3	10138
4080.001	2	10138
4081.001	2	10139
4082.001	1	10138
4083.001	-6	10131
4084.001	0	10136
4085.001	2	10138
4086.001	-5	10131
4087.001	1	10136
4088.001	3	10138
4089.001	-4	10132
4090.001	2	10137
4091.001	3	10138
4092.001	-5	10131
4093.001	2	10137
4094.001	2	10137
4095.001	-4	10132
4096.001	2	10137
4097.001	2	10137
4098.001	-4	10132
4099.001	2	10137
4100.001	3	10138
4101.001	2	10138
4102.001	-5	10132
4103.001	0	10135
4104.001	2	10137
4105.001	-4	10132
4106.001	2	10137
4107.001	3	10138
4108.001	-11	10125
4109.001	1	10134
4110.001	5	10138
4111.001	-3	10132
4112.001	3	10137
4113.001	4	10139
4114.001	-10	10126
4115.001	1	10134
4116.001	5	10138
4117.001	-2	10133
4118.001	2	10136
4119.001	10	10145
4120.001	-3	10135
4121.001	0	10137
4122.001	7	10144
4123.001	0	10139
4124.001	-8	10131
4125.001	-1	10136
4126.001	1	10137
4127.001	-5	10132
4128.001	7	10142
4129.001	3	10140
4130.001	-6	10132
4131.001	5	10141
4132.001	2	10140
4133.001	-1	10137
4134.001	0	10138
4135.001	-7	10131
4136.001	6	10142
4137.001	-12	10126
4138.001	0	10134
4139.001	3	10137
4140.001	4	10139
4141.001	-11	10125
4142.001	2	10135
4143.001	4	10138
4144.001	-2	10133
4145.001	2	10136
4146.001	4	10139
4147.001	-4	10132
4148.001	-5	10130
4149.001	3	10136
4150.001	-2	10132
4151.001	3	10137
4152.001	4	10138
4153.001	-3	10133
4154.001	-5	10130
4155.001	-3	10130
4156.001	4	10136
4157.001	5	10139
4158.001	-2	10133
4159.001	2	10136
4160.001	3	10138
4161.001	3	10139
4162.001	-5	10132
4163.001	1	10136
4164.001	2	10138
4165.001	1	10137
4166.001	-5	10132
4167.001	1	10136
4168.001	3	10138
4169.001	8	10144
4170.001	2	10141
4171.001	-8	10131
4172.001	-2	10135
4173.001	1	10137
4174.001	-12	10125
4175.001	8	10141
4176.001	4	10139
4177.001	-4	10133
4178.001	1	10136
4179.001	2	10138
4180.001	2	10138
4181.001	-5	10132
4182.001	1	10136
4183.001	8	10144
4184.001	2	10140
4185.001	-7	10132
4186.001	-1	10136
4187.001	1	10137
4188.001	1	10138
4189.001	-5	10132
4190.001	0	10135
4191.001	3	10138
4192.001	2	10138
4193.001	-5	10132
4194.001	0	10135
4195.001	2	10137
4196.001	2	10138
4197.001	8	10145
4198.001	-5	10134
4199.001	-2	10135
4200.001	1	10138
4201.001	0	10137
4202.001	1	10138
4203.001	-13	10124
4204.001	7	10141
4205.001	4	10140
4206.001	2	10139
4207.001	-6	10131
4208.001	6	10142
4209.001	2	10139
4210.001	7	10145
4211.001	-7	10133
4212.001	3	10141
4213.001	0	10139
4214.001	5	10144
4215.001	-8	10132
4216.001	-3	10135
4217.001	6	10143
4218.001	-13	10126
4219.001	-1	10134
4220.001	2	10137
4221.001	-3	10132
4222.001	2	10136
4223.001	-3	10132
4224.001	2	10136
4225.001	-3	10132
4226.001	3	10137
4227.001	3	10138
4228.001	-10	10126
4229.001	2	10135
4230.001	5	10138
4231.001	4	10139
4232.001	3	10139
4233.001	2	10139
4234.001	-6	10131
4235.001	0	10136
4236.001	2	10138
4237.001	-5	10131
4238.001	1	10136
4239.001	10	10145
4240.001	-4	10134
4241.001	-1	10136
4242.001	1	10138
4243.001	1	10138
4244.001	-12	10125
4245.001	0	10134
4246.001	4	10138
4247.001	4	10139
4248.001	3	10139
4249.001	-5	10132
4250.001	1	10136
4251.001	2	10138
4252.001	2	10138
4253.001	-6	10131
4254.001	-5	10130
4255.001	2	10136
4256.001	4	10138
4257.001	-9	10126
4258.001	2	10135
4259.001	5	10138
4260.001	4	10139
4261.001	-4	10132
4262.001	-5	10130
4263.001	3	10136
4264.001	5	10139
4265.001	-10	10126
4266.001	2	10135
4267.001	5	10138
4268.001	-2	10133
4269.001	2	10136
4270.001	-3	10132
4271.001	-3	10131
4272.001	-3	10130
4273.001	5	10137
4274.001	5	10139
4275.001	-9	10126
4276.001	3	10135
4277.001	5	10138
4278.001	-2	10133
4279.001	-4	10130
4280.001	-3	10130
4281.001	5	10137
4282.001	5	10139
4283.001	-9	10126
4284.001	3	10135
4285.001	-2	10131
4286.001	5	10138
4287.001	-8	10126
4288.001	3	10135
4289.001	6	10139
4290.001	-2	10132
4291.001	-3	10131
4292.001	4	10137
4293.001	4	10138
4294.001	-3	10132
4295.001	2	10136
4296.001	4	10139
4297.001	2	10138
4298.001	-5	10132
4299.001	0	10135
4300.001	3	10138
4301.001	2	10138
4302.001	-12	10125
4303.001	1	10134
4304.001	4	10138
4305.001	4	10139
4306.001	-10	10126
4307.001	2	10135
4308.001	4	10138
4309.001	10	10145
4310.001	3	10141
4311.001	-6	10133
4312.001	-2	10135
4313.001	1	10137
4314.001	-5	10132
4315.001	1	10136
4316.001	2	10137
4317.001	2	10138
4318.001	-4	10133
4319.001	-6	10129
4320.001	2	10136
4321.001	11	10145
4322.001	3	10140
4323.001	-6	10132
4324.001	-1	10136
4325.001	1	10137
4326.001	1	10138
4327.001	-5	10132
4328.001	0	10135
4329.001	2	10137
4330.001	3	10139
4331.001	1	10138
4332.001	-6	10131
4333.001	1	10136
4334.001	2	10138
4335.001	2	10138
4336.001	-5	10132
4337.001	0	10135
4338.001	2	10137
4339.001	3	10139
4340.001	1	10138
4341.001	-6	10131
4342.001	1	10136
4343.001	2	10138
4344.001	2	10138
4345.001	1	10138
4346.001	1	10138
4347.001	-6	10131
4348.001	0	10136
4349.001	-5	10131
4350.001	8	10142
4351.001	4	10141
4352.001	-5	10133
4353.001	-1	10135
4354.001	1	10137
4355.001	2	10138
4356.001	-12	10125
4357.001	1	10134
4358.001	4	10138
4359.001	-2	10133
4360.001	-4	10130
4361.001	4	10137
4362.001	4	10138
4363.001	4	10139
4364.001	-11	10126
4365.001	1	10134
4366.001	4	10138
4367.001	-2	10133
4368.001	-4	10130
4369.001	-9	10124
4370.001	4	10134
4371.001	1	10132
4372.001	0	10132
4373.001	-7	10125
4374.001	-1	10129
4375.001	2	10131
4376.001	1	10131
4377.001	8	10138
4378.001	-6	10127
4379.001	-1	10130
4380.001	0	10131
4381.001	1	10132
4382.001	6	10137
4383.001	1	10134
4384.001	-8	10125
4385.001	4	10135
4386.001	1	10133
4387.001	6	10138
4388.001	-8	10126
4389.001	4	10135
4390.001	6	10139
4391.001	-1	10133
4392.001	3	10137
4393.001	-10	10125
4394.001	3	10135
4395.001	5	10138
4396.001	-2	10132
4397.001	3	10137
4398.001	-2	10133
4399.001	-4	10130
4400.001	3	10136
4401.001	-1	10133
4402.001	-3	10131
4403.001	4	10137
4404.001	-8	10126
4405.001	4	10135
4406.001	6	10139
4407.001	-2	10132
4408.001	-3	10131
4409.001	-9	10124
4410.001	-2	10128
4411.001	7	10137
4412.001	-5	10127
4413.001	-1	10129
4414.001	1	10131
4415.001	-5	10125
4416.001	1	10130
4417.001	9	10138
4418.001	-5	10127
4419.001	0	10130
4420.001	1	10131
4421.001	0	10131
4422.001	-5	10126
4423.001	0	10129
4424.001	-4	10125
4425.001	2	10130
4426.001	10	10138
4427.001	2	10133
4428.001	-6	10126
4429.001	-1	10129
4430.001	0	10130
4431.001	-11	10119
4432.001	1	10128
4433.001	4	10131
4434.001	11	10139
4435.001	-3	10128
4436.001	-1	10130
4437.001	1	10131
4438.001	1	10132
4439.001	-6	10125
4440.001	0	10129
4441.001	9	10138
4442.001	-11	10121
4443.001	6	10134
4444.001	2	10132
4445.001	1	10132
4446.001	-6	10125
4447.001	0	10129
4448.001	2	10131
4449.001	-5	10125
4450.001	8	10136
4451.001	2	10133
4452.001	-6	10125
4453.001	0	10130
4454.001	8	10138
4455.001	-5	10127
4456.001	5	10136
4457.001	1	10133
4458.001	5	10137
4459.001	-8	10126
4460.001	-2	10129
4461.001	6	10137
4462.001	7	10140
4463.001	-2	10133
4464.001	-4	10130
4465.001	-3	10130
4466.001	5	10137
4467.001	5	10139
4468.001	-9	10126
4469.001	-3	10129
4470.001	5	10136
4471.001	6	10139
4472.001	-9	10126
4473.001	3	10135
4474.001	-1	10132
4475.001	-2	10131
4476.001	-1	10131
4477.001	5	10137
4478.001	0	10133
4479.001	-2	10131
4480.001	-3	10130
4481.001	5	10137
4482.001	0	10133
4483.001	-3	10130
4484.001	-2	10130
4485.001	6	10138
4486.001	-7	10127
4487.001	3	10134
4488.001	0	10132
4489.001	-1	10131
4490.001	-1	10131
4491.001	5	10137
4492.001	0	10133
4493.001	-9	10124
4494.001	-2	10129
4495.001	7	10137
4496.001	-6	10126
4497.001	6	10136
4498.001	1	10133
4499.001	-1	10131
4500.001	-1	10131
4501.001	5	10137
4502.001	6	10139
4503.001	-9	10126
4504.001	3	10135
4505.001	-1	10132
4506.001	4	10137
4507.001	-8	10126
4508.001	3	10135
4509.001	6	10139
4510.001	-2	10132
4511.001	-3	10131
4512.001	4	10137
4513.001	-2	10132
4514.001	-3	10131
4515.001	-3	10130
4516.001	-1	10131
4517.001	5	10136
4518.001	0	10133
4519.001	-2	10131
4520.001	5	10137
4521.001	-1	10133
4522.001	3	10137
4523.001	-9	10125
4524.001	3	10135
4525.001	6	10139
4526.001	-1	10133
4527.001	-4	10130
4528.001	4	10137
4529.001	-2	10132
4530.001	3	10137
4531.001	-2	10132
4532.001	-4	10130
4533.001	4	10137
4534.001	5	10139
4535.001	-3	10132
4536.001	-4	10130
4537.001	3	10136
4538.001	4	10138
4539.001	4	10139
4540.001	2	10139
4541.001	-12	10125
4542.001	0	10134
4543.001	4	10138
4544.001	-2	10133
4545.001	-4	10130
4546.001	-3	10130
4547.001	5	10137
4548.001	5	10139
4549.001	-2	10133
4550.001	-4	10130
4551.001	-3	10130
4552.001	4	10136
4553.001	-8	10126
4554.001	4	10135
4555.001	6	10138
4556.001	6	10140
4557.001	-10	10126
4558.001	-4	10129
4559.001	4	10136
4560.001	-1	10132
4561.001	-1	10132
4562.001	4	10136
4563.001	6	10140
4564.001	-9	10126
4565.001	2	10135
4566.001	5	10138
4567.001	-9	10126
4568.001	3	10135
4569.001	-1	10132
4570.001	-2	10131
4571.001	5	10137
4572.001	-1	10133
4573.001	-2	10131
4574.001	-2	10131
4575.001	5	10137
4576.001	-8	10126
4577.001	4	10135
4578.001	0	10132
4579.001	-1	10131
4580.001	-8	10124
4581.001	6	10136
4582.001	1	10132
4583.001	0	10132
4584.001	-1	10131
4585.001	0	10131
4586.001	-1	10130
4587.001	-6	10125
4588.001	0	10129
4589.001	8	10137
4590.001	-11	10121
4591.001	5	10133
4592.001	3	10133
4593.001	1	10132
4594.001	0	10131
4595.001	0	10131
4596.001	7	10138
4597.001	-7	10126
4598.001	4	10135
4599.001	7	10139
4600.001	-8	10126
4601.001	3	10135
4602.001	6	10139
4603.001	-8	10127
4604.001	-4	10128
4605.001	5	10136
4606.001	-6	10127
4607.001	-2	10129
4608.001	7	10137
4609.001	0	10132
4610.001	-1	10131
4611.001	-1	10131
4612.001	5	10137
4613.001	-6	10127
4614.001	4	10135
4615.001	6	10139
4616.001	5	10139
4617.001	-10	10126
4618.001	1	10134
4619.001	-1	10132
4620.001	4	10137
4621.001	5	10139
4622.001	-10	10126
4623.001	2	10135
4624.001	-2	10131
4625.001	5	10138
4626.001	-2	10132
4627.001	-9	10125
4628.001	4	10135
4629.001	0	10132
4630.001	5	10137
4631.001	-1	10133
4632.001	-2	10131
4633.001	4	10137
4634.001	5	10139
4635.001	4	10139
4636.001	-11	10126
4637.001	1	10134
4638.001	4	10138
4639.001	4	10139
4640.001	-10	10126
4641.001	2	10135
4642.001	11	10145
4643.001	4	10141
4644.001	0	10138
4645.001	-13	10125
4646.001	0	10134
4647.001	9	10143
4648.001	4	10141
4649.001	0	10138
4650.001	0	10138
4651.001	-7	10131
4652.001	-1	10135
4653.001	8	10144
4654.001	-11	10127
4655.001	0	10135
4656.001	2	10137
4657.001	10	10145
4658.001	2	10140
4659.001	-8	10131
4660.001	-1	10136
4661.001	1	10137
4662.001	1	10138
4663.001	1	10138
4664.001	-5	10132
4665.001	0	10136
4666.001	8	10144
4667.001	2	10140
4668.001	-7	10132
4669.001	-7	10130
4670.001	0	10134
4671.001	4	10138
4672.001	3	10139
4673.001	-11	10126
4674.001	1	10134
4675.001	4	10138
4676.001	4	10139
4677.001	3	10139
4678.001	1	10138
4679.001	-12	10125
4680.001	0	10134
4681.001	4	10138
4682.001	4	10139
4683.001	3	10139
4684.001	-5	10132
4685.001	-5	10130
4686.001	2	10136
4687.001	-3	10131
4688.001	3	10137
4689.001	-2	10132
4690.001	-4	10130
4691.001	4	10137
4692.001	-2	10132
4693.001	4	10137
4694.001	4	10138
4695.001	-3	10133
4696.001	2	10137
4697.001	-4	10131
4698.001	-4	10130
4699.001	3	10136
4700.001	-1	10133
4701.001	3	10137
4702.001	-2	10132
4703.001	3	10137
4704.001	3	10138
4705.001	-10	10126
4706.001	2	10135
4707.001	-1	10132
4708.001	4	10137
4709.001	-2	10132
4710.001	-9	10125
4711.001	-3	10128
4712.001	-6	10124
4713.001	1	10129
4714.001	3	10131
4715.001	3	10132
4716.001	-11	10119
4717.001	1	10128
4718.001	4	10131
4719.001	10	10138
4720.001	-4	10127
4721.001	0	10130
4722.001	1	10131
4723.001	1	10132
4724.001	7	10138
4725.001	-6	10127
4726.001	-2	10129
4727.001	0	10131
4728.001	0	10131
4729.001	-5	10126
4730.001	0	10129
4731.001	9	10138
4732.001	2	10134
4733.001	-1	10131
4734.001	-8	10124
4735.001	-1	10129
4736.001	2	10131
4737.001	2	10132
4738.001	-6	10125
4739.001	1	10130
4740.001	9	10138
4741.001	2	10134
4742.001	-7	10125
4743.001	-2	10128
4744.001	1	10131
4745.001	8	10138
4746.001	-5	10127
4747.001	-1	10130
4748.001	0	10131
4749.001	7	10138
4750.001	0	10133
4751.001	-7	10126
4752.001	4	10135
4753.001	7	10139
4754.001	0	10134
4755.001	-9	10125
4756.001	-3	10128
4757.001	6	10136
4758.001	1	10133
4759.001	-1	10131
4760.001	-1	10131
4761.001	-1	10131
4762.001	-1	10130
4763.001	0	10131
4764.001	0	10131
4765.001	6	10137
4766.001	-13	10120
4767.001	5	10134
4768.001	2	10133
4769.001	1	10132
4770.001	0	10131
4771.001	-1	10130
4772.001	0	10131
4773.001	-6	10125
4774.001	6	10135
4775.001	2	10133
4776.001	0	10132
4777.001	5	10137
4778.001	0	10133
4779.001	-9	10124
4780.001	-2	10129
4781.001	7	10137
4782.001	1	10133
4783.001	6	10138
4784.001	5	10139
4785.001	-3	10133
4786.001	-11	10124
4787.001	3	10134
4788.001	-1	10131
4789.001	6	10138
4790.001	5	10139
4791.001	-3	10132
4792.001	-10	10124
4793.001	3	10134
4794.001	6	10138
4795.001	5	10139
4796.001	-3	10133
4797.001	-5	10130
4798.001	3	10136
4799.001	4	10138
4800.001	-3	10132
4801.001	3	10137
4802.001	2	10137
4803.001	-10	10126
4804.001	-5	10128
4805.001	5	10136
4806.001	-1	10132
4807.001	5	10138
4808.001	-2	10132
4809.001	-9	10125
4810.001	-3	10128
4811.001	7	10137
4812.001	1	10133
4813.001	-1	10131
4814.001	-1	10131
4815.001	-1	10131
4816.001	-13	10118
4817.001	-1	10127
4818.001	4	10131
4819.001	4	10132
4820.001	-4	10126
4821.001	1	10129
4822.001	-3	10126
4823.001	-11	10117
4824.001	-3	10122
4825.001	0	10124
4826.001	8	10132
4827.001	1	10127
4828.001	5	10131
4829.001	-2	10126
4830.001	-9	10118
4831.001	4	10129
4832.001	6	10132
4833.001	-1	10127
4834.001	4	10131
4835.001	-3	10125
4836.001	-10	10118
4837.001	-3	10122
4838.001	0	10124
4839.001	8	10132
4840.001	1	10127
4841.001	-2	10124
4842.001	-1	10125
4843.001	-8	10117
4844.001	6	10129
4845.001	2	10127
4846.001	0	10125
4847.001	-1	10124
4848.001	-7	10118
4849.001	-1	10122
4850.001	8	10131
4851.001	2	10127
4852.001	0	10126
4853.001	-8	10118
4854.001	-1	10122
4855.001	2	10125
4856.001	1	10125
4857.001	2	10126
4858.001	7	10132
4859.001	-7	10120
4860.001	-2	10123
4861.001	1	10125
4862.001	1	10125
4863.001	0	10125
4864.001	0	10125
4865.001	0	10125
4866.001	-13	10112
4867.001	-6	10115
4868.001	4	10123
4869.001	0	10120
4870.001	5	10125
4871.001	-2	10120
4872.001	-3	10118
4873.001	-10	10110
4874.001	5	10122
4875.001	1	10120
4876.001	0	10119
4877.001	0	10119
4878.001	5	10124
4879.001	0	10120
4880.001	-8	10112
4881.001	4	10122
4882.001	0	10119
4883.001	-1	10118
4884.001	0	10119
4885.001	5	10124
4886.001	0	10120
4887.001	4	10124
4888.001	-2	10120
4889.001	-3	10118
4890.001	-9	10111
4891.001	-2	10115
4892.001	8	10125
4893.001	1	10120
4894.001	-1	10118
4895.001	-1	10118
4896.001	6	10125
4897.001	-1	10120
4898.001	-2	10118
4899.001	-2	10118
4900.001	-2	10117
4901.001	6	10125
4902.001	0	10120
4903.001	4	10124
4904.001	-9	10113
4905.001	-3	10116
4906.001	0	10118
4907.001	7	10125
4908.001	0	10120
4909.001	-2	10118
4910.001	-2	10117
4911.001	-7	10112
4912.001	6	10123
4913.001	1	10120
4914.001	0	10119
4915.001	-1	10118
4916.001	-7	10112
4917.001	0	10116
4918.001	2	10118
4919.001	2	10119
4920.001	-12	10106
4921.001	-5	10109
4922.001	4	10117
4923.001	6	10120
4924.001	4	10120
4925.001	3	10120
4926.001	-5	10113
4927.001	-6	10110
4928.001	3	10117
4929.001	-3	10112
4930.001	3	10117
4931.001	4	10119
4932.001	-3	10113
4933.001	-5	10111
4934.001	-3	10111
4935.001	4	10117
4936.001	5	10119
4937.001	-3	10113
4938.001	3	10118
4939.001	-3	10113
4940.001	2	10117
4941.001	-3	10113
4942.001	3	10118
4943.001	4	10120
4944.001	2	10119
4945.001	2	10119
4946.001	-12	10106
4947.001	1	10115
4948.001	3	10118
4949.001	4	10120
4950.001	3	10120
4951.001	1	10119
4952.001	1	10119
4953.001	7	10125
4954.001	0	10120
4955.001	-15	10105
4956.001	-2	10114
4957.001	2	10117
4958.001	4	10120
4959.001	-4	10113
4960.001	1	10117
4961.001	2	10118
4962.001	2	10119
4963.001	2	10119
4964.001	-6	10112
4965.001	-6	10110
4966.001	-4	10110
4967.001	4	10117
4968.001	5	10119
4969.001	4	10120
4970.001	-4	10113
4971.001	2	10118
4972.001	2	10118
4973.001	8	10125
4974.001	2	10121
4975.001	-2	10118
4976.001	-1	10118
4977.001	-1	10118
4978.001	5	10124
4979.001	-13	10107
4980.001	-2	10114
4981.001	2	10118
4982.001	9	10125
4983.001	1	10120
4984.001	0	10119
4985.001	-2	10117
4986.001	-1	10118
4987.001	-13	10106
4988.001	6	10121
4989.001	-3	10113
4990.001	-4	10112
4991.001	2	10116
4992.001	4	10119
4993.001	-3	10113
4994.001	2	10117
4995.001	-3	10113
4996.001	-4	10111
4997.001	4	10118
4998.001	4	10119
4999.001	3	10119
5000.001	-4	10113
5001.001	2	10118
5002.001	2	10118
5003.001	2	10119
5004.001	1	10119
5005.001	1	10119
5006.001	0	10118
5007.001	-6	10112
5008.001	0	10116
5009.001	2	10118
5010.001	2	10119
5011.001	1	10119
5012.001	-6	10112
5013.001	0	10116
5014.001	-4	10112
5015.001	-4	10111
5016.001	-3	10111
5017.001	4	10117
5018.001	-1	10113
5019.001	5	10119
5020.001	-2	10113
5021.001	3	10118
5022.001	-3	10113
5023.001	3	10118
5024.001	-3	10113
5025.001	3	10118
5026.001	-3	10113
5027.001	-3	10112
5028.001	3	10117
5029.001	-2	10113
5030.001	4	10118
5031.001	-2	10113
5032.001	3	10118
5033.001	-3	10113
5034.001	-3	10112
5035.001	-3	10111
5036.001	-2	10111
5037.001	-1	10111
5038.001	0	10112
5039.001	6	10118
5040.001	0	10114
5041.001	-2	10112
5042.001	5	10118
5043.001	11	10126
5044.001	-2	10116
5045.001	0	10117
5046.001	1	10118
5047.001	1	10119
5048.001	-6	10112
5049.001	-6	10110
5050.001	-4	10110
5051.001	4	10117
5052.001	-8	10106
5053.001	11	10123
5054.001	6	10121
5055.001	-3	10114
5056.001	1	10117
5057.001	2	10118
5058.001	-4	10113
5059.001	-5	10111
5060.001	-4	10110
5061.001	-3	10110
5062.001	5	10117
5063.001	6	10120
5064.001	-2	10114
5065.001	-3	10112
5066.001	3	10117
5067.001	-2	10113
5068.001	-3	10111
5069.001	4	10117
5070.001	-2	10113
5071.001	-2	10112
5072.001	4	10117
5073.001	-1	10114
5074.001	3	10117
5075.001	4	10119
5076.001	-3	10113
5077.001	2	10118
5078.001	-4	10112
5079.001	-4	10111
5080.001	3	10117
5081.001	-2	10113
5082.001	4	10118
5083.001	4	10119
5084.001	-3	10113
5085.001	-5	10111
5086.001	3	10117
5087.001	-2	10113
5088.001	3	10117
5089.001	-2	10113
5090.001	9	10124
5091.001	4	10121
5092.001	1	10120
5093.001	-7	10112
5094.001	0	10117
5095.001	1	10118
5096.001	2	10119
5097.001	-5	10113
5098.001	0	10116
5099.001	-4	10112
5100.001	2	10117
5101.001	-3	10113
5102.001	3	10118
5103.001	4	10120
5104.001	-4	10113
5105.001	-5	10111
5106.001	3	10117
5107.001	-2	10113
5108.001	-3	10111
5109.001	-3	10110
5110.001	5	10118
5111.001	-1	10113
5112.001	-2	10112
5113.001	5	10118
5114.001	-1	10114
5115.001	-3	10111
5116.001	4	10117
5117.001	-1	10114
5118.001	3	10117
5119.001	-2	10113
5120.001	3	10118
5121.001	3	10119
5122.001	3	10119
5123.001	2	10119
5124.001	-5	10113
5125.001	0	10116
5126.001	2	10118
5127.001	8	10125
5128.001	-5	10114
5129.001	-1	10117
5130.001	0	10118
5131.001	1	10119
5132.001	7	10125
5133.001	0	10120
5134.001	-2	10118
5135.001	5	10124
5136.001	-1	10120
5137.001	4	10125
5138.001	-3	10119
5139.001	-3	10118
5140.001	4	10124
5141.001	4	10125
5142.001	-3	10119
5143.001	-4	10118
5144.001	3	10123
5145.001	-2	10119
5146.001	-3	10118
5147.001	5	10125
5148.001	-2	10119
5149.001	-3	10118
5150.001	4	10124
5151.001	-1	10120
5152.001	3	10124
5153.001	-2	10120
5154.001	-3	10118
5155.001	-3	10117
5156.001	-2	10117
5157.001	0	10119
5158.001	-1	10118
5159.001	7	10125
5160.001	0	10120
5161.001	-2	10118
5162.001	-3	10117
5163.001	6	10125
5164.001	-1	10120
5165.001	-2	10118
5166.001	4	10124
5167.001	-1	10120
5168.001	-3	10118
5169.001	4	10124
5170.001	-2	10119
5171.001	-9	10111
5172.001	-2	10116
5173.001	1	10118
5174.001	1	10118
5175.001	-5	10113
5176.001	1	10117
5177.001	-5	10111
5178.001	2	10117
5179.001	-3	10113
5180.001	3	10118
5181.001	3	10119
5182.001	3	10119
5183.001	-4	10113
5184.001	1	10117
5185.001	2	10118
5186.001	2	10119
5187.001	7	10125
5188.001	7	10127
5189.001	-1	10121
5190.001	-4	10118
5191.001	-3	10117
5192.001	-2	10117
5193.001	5	10124
5194.001	0	10120
5195.001	-2	10118
5196.001	-9	10111
5197.001	-1	10116
5198.001	1	10118
5199.001	2	10119
5200.001	1	10119
5201.001	7	10125
5202.001	0	10120
5203.001	-1	10119
5204.001	-2	10118
5205.001	-1	10118
5206.001	-1	10118
5207.001	-1	10118
5208.001	0	10118
5209.001	0	10118
5210.001	0	10118
5211.001	0	10118
5212.001	0	10118
5213.001	0	10118
5214.001	13	10131
5215.001	0	10122
5216.001	-4	10118
5217.001	-4	10117
5218.001	-2	10118
5219.001	-2	10117
5220.001	-1	10118
5221.001	7	10125
5222.001	0	10120
5223.001	4	10124
5224.001	-2	10120
5225.001	-3	10118
5226.001	-3	10117
5227.001	-2	10117
5228.001	-1	10118
5229.001	0	10118
5230.001	13	10131
5231.001	0	10122
5232.001	-4	10118
5233.001	-4	10117
5234.001	-2	10118
5235.001	5	10124
5236.001	-1	10120
5237.001	4	10124
5238.001	4	10126
5239.001	-3	10120
5240.001	-4	10118
5241.001	2	10123
5242.001	-2	10119
5243.001	-3	10118
5244.001	-2	10118
5245.001	-2	10117
5246.001	6	10125
5247.001	6	10126
5248.001	-2	10120
5249.001	-4	10118
5250.001	3	10123
5251.001	-2	10119
5252.001	-3	10118
5253.001	-2	10118
5254.001	11	10130
5255.001	0	10122
5256.001	2	10124
5257.001	-4	10119
5258.001	1	10123
5259.001	-3	10119
5260.001	9	10130
5261.001	-3	10121
5262.001	-6	10117
5263.001	-5	10116
5264.001	4	10124
5265.001	-2	10119
5266.001	4	10124
5267.001	-2	10120
5268.001	-3	10118
5269.001	-3	10117
5270.001	5	10124
5271.001	5	10126
5272.001	-2	10120
5273.001	-10	10112
5274.001	-4	10115
5275.001	0	10117
5276.001	1	10118
5277.001	-5	10113
5278.001	7	10123
5279.001	2	10120
5280.001	-6	10113
5281.001	-1	10116
5282.001	-5	10112
5283.001	8	10123
5284.001	-3	10115
5285.001	0	10117
5286.001	-4	10113
5287.001	1	10117
5288.001	3	10119
5289.001	2	10119
5290.001	-4	10113
5291.001	-6	10110
5292.001	9	10123
5293.001	-3	10114
5294.001	1	10117
5295.001	-4	10112
5296.001	-5	10110
5297.001	10	10124
5298.001	-2	10115
5299.001	2	10118
5300.001	-5	10112
5301.001	8	10123
5302.001	-3	10115
5303.001	1	10118
5304.001	1	10118
5305.001	2	10119
5306.001	-6	10112
5307.001	1	10117
5308.001	2	10118
5309.001	8	10125
5310.001	-5	10114
5311.001	-1	10117
5312.001	0	10118
5313.001	7	10125
5314.001	-6	10114
5315.001	-1	10117
5316.001	7	10125
5317.001	-6	10114
5318.001	-2	10116
5319.001	1	10118
5320.001	7	10125
5321.001	-5	10115
5322.001	-2	10116
5323.001	-6	10112
5324.001	7	10123
5325.001	-4	10114
5326.001	0	10117
5327.001	-4	10113
5328.001	8	10124
5329.001	-4	10114
5330.001	-6	10111
5331.001	-11	10104
5332.001	9	10121
5333.001	-6	10108
5334.001	-2	10111
5335.001	-1	10111
5336.001	0	10112
5337.001	13	10125
5338.001	0	10116
5339.001	-3	10113
5340.001	-4	10111
5341.001	4	10117
5342.001	5	10120
5343.001	-3	10113
5344.001	-4	10111
5345.001	-4	10110
5346.001	11	10124
5347.001	-1	10115
5348.001	-4	10112
5349.001	2	10117
5350.001	-2	10113
5351.001	3	10118
5352.001	3	10119
5353.001	-3	10113
5354.001	2	10118
5355.001	2	10118
5356.001	2	10119
5357.001	-4	10113
5358.001	1	10117
5359.001	8	10124
5360.001	-4	10115
5361.001	-1	10117
5362.001	1	10118
5363.001	1	10119
5364.001	-6	10112
5365.001	7	10123
5366.001	2	10120
5367.001	-7	10112
5368.001	0	10117
5369.001	-5	10112
5370.001	2	10117
5371.001	-3	10113
5372.001	2	10117
5373.001	3	10119
5374.001	-3	10113
5375.001	-5	10111
5376.001	-3	10111
5377.001	-3	10110
5378.001	5	10117
5379.001	0	10114
5380.001	-2	10112
5381.001	-2	10111
5382.001	-1	10112
5383.001	-1	10111
5384.001	7	10119
5385.001	-7	10107
5386.001	-2	10110
5387.001	0	10111
5388.001	0	10111
5389.001	-5	10106
5390.001	0	10110
5391.001	2	10112
5392.001	2	10112
5393.001	-5	10106
5394.001	8	10118
5395.001	2	10114
5396.001	0	10113
5397.001	-7	10106
5398.001	-1	10109
5399.001	2	10112
5400.001	2	10113
5401.001	1	10112
5402.001	-6	10106
5403.001	0	10110
5404.001	-4	10106
5405.001	9	10118
5406.001	3	10114
5407.001	-6	10106
5408.001	0	10110
5409.001	1	10111
5410.001	-5	10106
5411.001	1	10110
5412.001	-4	10106
5413.001	3	10111
5414.001	10	10119
5415.001	-4	10108
5416.001	0	10111
5417.001	-6	10105
5418.001	1	10110
5419.001	-4	10106
5420.001	3	10111
5421.001	-3	10106
5422.001	-4	10104
5423.001	10	10117
5424.001	-2	10108
5425.001	2	10112
5426.001	2	10112
5427.001	2	10113
5428.001	-5	10106
5429.001	1	10111
5430.001	2	10112
5431.001	2	10113
5432.001	1	10112
5433.001	-6	10106
5434.001	0	10110
5435.001	2	10112
5436.001	2	10112
5437.001	2	10113
5438.001	0	10112
5439.001	1	10113
5440.001	7	10119
5441.001	-1	10113
5442.001	-2	10112
5443.001	-1	10112
5444.001	-2	10111
5445.001	-1	10111
5446.001	0	10112
5447.001	0	10112
5448.001	0	10112
5449.001	0	10112
5450.001	0	10112
5451.001	0	10112
5452.001	0	10112
5453.001	0	10112
5454.001	0	10112
5455.001	0	10112
5456.001	0	10112
5457.001	0	10112
5458.001	0	10112
5459.001	0	10112
5460.001	0	10112
5461.001	6	10118
5462.001	0	10114
5463.001	-2	10112
5464.001	-8	10105
5465.001	-1	10110
5466.001	1	10111
5467.001	1	10112
5468.001	2	10113
5469.001	1	10113
5470.001	-7	10105
5471.001	0	10110
5472.001	2	10112
5473.001	2	10112
5474.001	-4	10107
5475.001	0	10110
5476.001	2	10112
5477.001	3	10113
5478.001	1	10112
5479.001	1	10113
5480.001	0	10112
5481.001	0	10112
5482.001	0	10112
5483.001	0	10112
5484.001	0	10112
5485.001	0	10112
5486.001	-7	10105
5487.001	0	10110
5488.001	2	10112
5489.001	-4	10106
5490.001	1	10110
5491.001	-3	10107
5492.001	2	10111
5493.001	3	10112
5494.001	-4	10106
5495.001	2	10111
5496.001	3	10113
5497.001	2	10112
5498.001	-4	10107
5499.001	7	10117
5500.001	2	10114
5501.001	0	10113
5502.001	-1	10112
5503.001	-1	10111
5504.001	7	10119
5505.001	-7	10107
5506.001	-2	10110
5507.001	0	10111
5508.001	7	10118
5509.001	0	10113
5510.001	-1	10112
5511.001	-2	10111
5512.001	-1	10112
5513.001	6	10118
5514.001	-1	10113
5515.001	-2	10112
5516.001	-1	10112
5517.001	-2	10111
5518.001	6	10118
5519.001	0	10114
5520.001	-3	10111
5521.001	-8	10105
5522.001	-1	10110
5523.001	1	10111
5524.001	1	10112
5525.001	1	10112
5526.001	1	10112
5527.001	1	10113
5528.001	0	10112
5529.001	6	10118
5530.001	0	10114
5531.001	-1	10113
5532.001	-2	10111
5533.001	-2	10111
5534.001	-1	10111
5535.001	0	10112
5536.001	0	10112
5537.001	0	10112
5538.001	6	10118
5539.001	7	10121
5540.001	-2	10114
5541.001	-4	10111
5542.001	-4	10110
5543.001	-2	10111
5544.001	-7	10105
5545.001	6	10116
5546.001	2	10114
5547.001	0	10113
5548.001	-7	10106
5549.001	-1	10109
5550.001	2	10112
5551.001	8	10119
5552.001	-5	10108
5553.001	-2	10110
5554.001	-6	10105
5555.001	1	10110
5556.001	3	10113
5557.001	2	10112
5558.001	1	10112
5559.001	1	10112
5560.001	-6	10106
5561.001	-6	10104
5562.001	2	10110
5563.001	-2	10107
5564.001	10	10118
5565.001	3	10114
5566.001	1	10113
5567.001	0	10112
5568.001	-7	10105
5569.001	0	10110
5570.001	2	10112
5571.001	2	10113
5572.001	7	10118
5573.001	7	10120
5574.001	-1	10115
5575.001	-4	10111
5576.001	-3	10111
5577.001	-3	10110
5578.001	-1	10111
5579.001	0	10112
5580.001	6	10118
5581.001	0	10114
5582.001	-2	10112
5583.001	-1	10112
5584.001	-2	10111
5585.001	-1	10111
5586.001	0	10112
5587.001	0	10112
5588.001	-6	10106
5589.001	6	10116
5590.001	2	10114
5591.001	0	10113
5592.001	-7	10106
5593.001	5	10115
5594.001	-5	10107
5595.001	0	10110
5596.001	2	10112
5597.001	-5	10106
5598.001	7	10117
5599.001	-4	10108
5600.001	1	10111
5601.001	-6	10105
5602.001	2	10111
5603.001	3	10113
5604.001	-4	10106
5605.001	7	10116
5606.001	-3	10108
5607.001	0	10110
5608.001	-5	10105
5609.001	-5	10104
5610.001	3	10110
5611.001	-2	10106
5612.001	4	10112
5613.001	-2	10107
5614.001	-4	10104
5615.001	4	10111
5616.001	-8	10100
5617.001	-3	10103
5618.001	-1	10104
5619.001	14	10119
5620.001	0	10109
5621.001	-3	10106
5622.001	-3	10105
5623.001	-3	10104
5624.001	-1	10105
5625.001	-1	10105
5626.001	6	10112
5627.001	0	10107
5628.001	10	10117
5629.001	-1	10109
5630.001	1	10111
5631.001	-5	10105
5632.001	-5	10104
5633.001	-3	10104
5634.001	5	10112
5635.001	-2	10106
5636.001	4	10111
5637.001	5	10114
5638.001	-3	10107
5639.001	-5	10104
5640.001	-4	10104
5641.001	-2	10105
5642.001	-1	10105
5643.001	6	10112
5644.001	0	10107
5645.001	-2	10105
5646.001	-8	10099
5647.001	-2	10102
5648.001	1	10105
5649.001	2	10106
5650.001	1	10106
5651.001	-5	10100
5652.001	-6	10098
5653.001	2	10104
5654.001	3	10105
5655.001	4	10107
5656.001	-5	10099
5657.001	1	10104
5658.001	-3	10100
5659.001	8	10110
5660.001	-3	10102
5661.001	1	10105
5662.001	-5	10099
5663.001	2	10105
5664.001	-4	10099
5665.001	9	10111
5666.001	-3	10102
5667.001	-6	10098
5668.001	2	10104
5669.001	-3	10100
5670.001	3	10105
5671.001	3	10106
5672.001	10	10114
5673.001	-5	10102
5674.001	-7	10098
5675.001	0	10103
5676.001	-3	10100
5677.001	2	10104
5678.001	4	10107
5679.001	-4	10100
5680.001	2	10105
5681.001	-4	10099
5682.001	-4	10098
5683.001	-3	10098
5684.001	5	10105
5685.001	5	10106
5686.001	-2	10101
5687.001	2	10104
5688.001	-3	10100
5689.001	-4	10098
5690.001	4	10105
5691.001	4	10106
5692.001	-3	10100
5693.001	3	10105
5694.001	-3	10100
5695.001	-5	10097
5696.001	4	10105
5697.001	4	10106
5698.001	-3	10100
5699.001	2	10104
5700.001	-3	10100
5701.001	-4	10098
5702.001	10	10111
5703.001	-1	10103
5704.001	-5	10099
5705.001	-5	10097
5706.001	4	10105
5707.001	-1	10101
5708.001	3	10104
5709.001	-2	10100
5710.001	3	10105
5711.001	-3	10100
5712.001	-9	10093
5713.001	-3	10096
5714.001	0	10098
5715.001	1	10099
5716.001	-5	10093
5717.001	-6	10091
5718.001	2	10097
5719.001	4	10100
5720.001	-3	10094
5721.001	8	10104
5722.001	3	10101
5723.001	-5	10094
5724.001	-1	10097
5725.001	2	10100
5726.001	-5	10093
5727.001	1	10098
5728.001	9	10106
5729.001	-5	10095
5730.001	0	10098
5731.001	-6	10092
5732.001	1	10097
5733.001	3	10100
5734.001	3	10101
5735.001	-5	10093
5736.001	-6	10091
5737.001	-4	10091
5738.001	-3	10091
5739.001	12	10105
5740.001	-1	10096
5741.001	-4	10092
5742.001	3	10098
5743.001	4	10100
5744.001	-3	10094
5745.001	8	10104
5746.001	3	10102
5747.001	-6	10094
5748.001	-1	10097
5749.001	2	10100
5750.001	1	10099
5751.001	7	10105
5752.001	1	10102
5753.001	-1	10100
5754.001	-2	10099
5755.001	-1	10099
5756.001	5	10105
5757.001	0	10101
5758.001	-2	10099
5759.001	4	10105
5760.001	-1	10101
5761.001	-3	10098
5762.001	-9	10092
5763.001	5	10103
5764.001	1	10100
5765.001	0	10100
5766.001	0	10100
5767.001	-7	10093
5768.001	-1	10097
5769.001	-5	10092
5770.001	9	10105
5771.001	3	10101
5772.001	1	10100
5773.001	-7	10093
5774.001	0	10098
5775.001	-5	10093
5776.001	1	10097
5777.001	3	10099
5778.001	3	10100
5779.001	-4	10094
5780.001	7	10104
5781.001	2	10101
5782.001	0	10100
5783.001	-1	10099
5784.001	-6	10093
5785.001	-1	10097
5786.001	2	10099
5787.001	-5	10093
5788.001	1	10097
5789.001	10	10107
5790.001	2	10102
5791.001	-7	10093
5792.001	-1	10097
5793.001	-5	10093
5794.001	1	10097
5795.001	3	10100
5796.001	2	10100
5797.001	-5	10093
5798.001	8	10105
5799.001	2	10101
5800.001	-6	10094
5801.001	-1	10097
5802.001	-5	10093
5803.001	-5	10091
5804.001	3	10098
5805.001	-2	10093
5806.001	-2	10093
5807.001	10	10104
5808.001	-1	10096
5809.001	-5	10092
5810.001	2	10097
5811.001	-2	10094
5812.001	3	10098
5813.001	-3	10093
5814.001	-4	10091
5815.001	10	10104
5816.001	-1	10096
5817.001	1	10098
5818.001	-4	10093
5819.001	2	10098
5820.001	-3	10094
5821.001	2	10098
5822.001	10	10106
5823.001	3	10102
5824.001	-7	10093
5825.001	-1	10097
5826.001	1	10099
5827.001	1	10099
5828.001	1	10099
5829.001	7	10106
5830.001	1	10102
5831.001	-2	10099
5832.001	-2	10099
5833.001	5	10105
5834.001	-1	10100
5835.001	-2	10099
5836.001	-2	10099
5837.001	-2	10098
5838.001	0	10099
5839.001	12	10111
5840.001	0	10103
5841.001	-4	10099
5842.001	-4	10098
5843.001	-2	10099
5844.001	-8	10092
5845.001	-1	10097
5846.001	1	10098
5847.001	2	10100
5848.001	8	10106
5849.001	1	10102
5850.001	-1	10100
5851.001	-8	10093
5852.001	-2	10096
5853.001	1	10099
5854.001	8	10106
5855.001	-5	10095
5856.001	-1	10098
5857.001	0	10098
5858.001	1	10099
5859.001	-6	10093
5860.001	1	10098
5861.001	2	10099
5862.001	8	10106
5863.001	1	10101
5864.001	-1	10100
5865.001	-8	10092
5866.001	5	10103
5867.001	2	10101
5868.001	-7	10093
5869.001	6	10104
5870.001	1	10101
5871.001	-7	10093
5872.001	-1	10097
5873.001	1	10099
5874.001	-4	10094
5875.001	-5	10092
5876.001	2	10097
5877.001	-2	10094
5878.001	3	10098
5879.001	4	10100
5880.001	-4	10093
5881.001	-4	10092
5882.001	3	10098
5883.001	4	10100
5884.001	-3	10094
5885.001	-4	10092
5886.001	-3	10092
5887.001	10	10104
5888.001	5	10102
5889.001	-4	10094
5890.001	1	10098
5891.001	-5	10093
5892.001	2	10098
5893.001	3	10100
5894.001	3	10101
5895.001	-5	10093
5896.001	0	10097
5897.001	9	10106
5898.001	2	10102
5899.001	0	10100
5900.001	-8	10092
5901.001	-1	10097
5902.001	1	10099
5903.001	2	10100
5904.001	7	10105
5905.001	1	10102
5906.001	-2	10099
5907.001	-8	10092
5908.001	-1	10097
5909.001	1	10099
5910.001	2	10100
5911.001	1	10099
5912.001	1	10100
5913.001	0	10099
5914.001	0	10099
5915.001	0	10099
5916.001	1	10100
5917.001	-1	10098
5918.001	0	10099
5919.001	13	10112
5920.001	0	10103
5921.001	-4	10099
5922.001	-3	10099
5923.001	-3	10098
5924.001	-2	10098
5925.001	6	10105
5926.001	-1	10100
5927.001	-2	10099
5928.001	-1	10099
5929.001	11	10111
5930.001	0	10103
5931.001	2	10105
5932.001	-4	10100
5933.001	-5	10098
5934.001	3	10104
5935.001	-2	10100
5936.001	-3	10098
5937.001	4	10105
5938.001	-2	10100
5939.001	-2	10099
5940.001	-2	10099
5941.001	-2	10098
5942.001	-1	10098
5943.001	0	10099
5944.001	0	10099
5945.001	13	10112
5946.001	0	10103
5947.001	-4	10099
5948.001	-4	10098
5949.001	-2	10099
5950.001	-1	10099
5951.001	-1	10099
5952.001	-1	10098
5953.001	-6	10093
5954.001	-1	10096
5955.001	2	10099
5956.001	2	10100
5957.001	2	10100
5958.001	1	10100
5959.001	7	10106
5960.001	0	10101
5961.001	-2	10099
5962.001	-2	10099
5963.001	-2	10098
5964.001	-1	10098
5965.001	0	10099
5966.001	0	10099
5967.001	0	10099
5968.001	-6	10093
5969.001	0	10097
5970.001	2	10099
5971.001	2	10100
5972.001	1	10099
5973.001	1	10100
5974.001	0	10099
5975.001	0	10099
5976.001	0	10099
5977.001	0	10099
5978.001	7	10106
5979.001	0	10101
5980.001	4	10105
5981.001	5	10107
5982.001	-4	10100
5983.001	-4	10099
5984.001	3	10104
5985.001	-3	10099
5986.001	-3	10098
5987.001	4	10105
5988.001	-1	10101
5989.001	-3	10098
5990.001	4	10105
5991.001	-1	10101
5992.001	3	10104
5993.001	-2	10100
5994.001	3	10105
5995.001	-2	10101
5996.001	2	10104
5997.001	-3	10100
5998.001	3	10105
5999.001	-2	10101
6000.001	3	10105
6001.001	-3	10100
6002.001	-4	10098
6003.001	10	10111
6004.001	-2	10102
6005.001	-5	10098
6006.001	2	10104
6007.001	-2	10100
6008.001	-3	10099
6009.001	-3	10098
6010.001	11	10111
6011.001	5	10108
6012.001	-4	10101
6013.001	-5	10099
6014.001	2	10104
6015.001	-3	10100
6016.001	2	10104
6017.001	4	10106
6018.001	-3	10101
6019.001	2	10105
6020.001	9	10112
6021.001	-4	10102
6022.001	6	10111
6023.001	-5	10102
6024.001	-2	10103
6025.001	1	10105
6026.001	1	10106
6027.001	1	10106
6028.001	7	10112
6029.001	-7	10100
6030.001	-2	10103
6031.001	-6	10099
6032.001	-5	10098
6033.001	-4	10097
6034.001	-3	10097
6035.001	6	10105
6036.001	6	10107
6037.001	-2	10101
6038.001	-4	10098
6039.001	3	10104
6040.001	-2	10100
6041.001	-3	10098
6042.001	4	10105
6043.001	-1	10101
6044.001	4	10105
6045.001	-3	10100
6046.001	-3	10099
6047.001	-3	10098
6048.001	-2	10098
6049.001	0	10099
6050.001	-1	10098
6051.001	7	10106
6052.001	6	10107
6053.001	-2	10101
6054.001	-4	10098
6055.001	-3	10098
6056.001	-2	10098
6057.001	-1	10099
6058.001	-1	10098
6059.001	6	10105
6060.001	0	10101
6061.001	-8	10093
6062.001	-2	10096
6063.001	1	10099
6064.001	2	10100
6065.001	1	10100
6066.001	0	10099
6067.001	0	10099
6068.001	0	10099
6069.001	0	10099
6070.001	0	10099
6071.001	0	10099
6072.001	0	10099
6073.001	0	10099
6074.001	0	10099
6075.001	0	10099
6076.001	0	10099
6077.001	0	10099
6078.001	1	10100
6079.001	0	10099
6080.001	0	10099
6081.001	-1	10098
6082.001	0	10099
6083.001	-6	10093
6084.001	0	10097
6085.001	8	10105
6086.001	8	10108
6087.001	0	10102
6088.001	-3	10099
6089.001	-3	10098
6090.001	-8	10092
6091.001	-2	10096
6092.001	2	10099
6093.001	1	10099
6094.001	2	10100
6095.001	1	10100
6096.001	0	10099
6097.001	0	10099
6098.001	0	10099
6099.001	7	10106
6100.001	0	10101
6101.001	-2	10099
6102.001	4	10105
6103.001	-1	10101
6104.001	-3	10098
6105.001	-2	10099
6106.001	11	10111
6107.001	-1	10102
6108.001	-4	10099
6109.001	-4	10098
6110.001	4	10105
6111.001	-2	10100
6112.001	-2	10099
6113.001	-2	10099
6114.001	-2	10098
6115.001	-7	10092
6116.001	0	10097
6117.001	2	10099
6118.001	2	10100
6119.001	7	10105
6120.001	1	10102
6121.001	-2	10099
6122.001	-1	10099
6123.001	-1	10099
6124.001	-1	10099
6125.001	-1	10098
6126.001	0	10099
6127.001	0	10099
6128.001	13	10112
6129.001	0	10103
6130.001	2	10105
6131.001	-3	10101
6132.001	-5	10098
6133.001	3	10104
6134.001	-2	10100
6135.001	-3	10098
6136.001	-2	10099
6137.001	-2	10098
6138.001	-1	10098
6139.001	7	10106
6140.001	0	10101
6141.001	-2	10099
6142.001	-2	10099
6143.001	-2	10098
6144.001	0	10099
6145.001	-1	10098
6146.001	0	10099
6147.001	0	10099
6148.001	7	10106
6149.001	0	10101
6150.001	4	10105
6151.001	-2	10100
6152.001	-3	10099
6153.001	-3	10098
6154.001	-2	10098
6155.001	0	10099
6156.001	-1	10098
6157.001	0	10099
6158.001	7	10106
6159.001	0	10101
6160.001	-2	10099
6161.001	-2	10099
6162.001	-2	10098
6163.001	-1	10098
6164.001	-6	10093
6165.001	0	10097
6166.001	8	10105
6167.001	2	10102
6168.001	-1	10099
6169.001	-7	10093
6170.001	-1	10097
6171.001	1	10099
6172.001	2	10100
6173.001	1	10099
6174.001	1	10100
6175.001	0	10099
6176.001	7	10106
6177.001	0	10101
6178.001	-2	10099
6179.001	-2	10099
6180.001	-2	10098
6181.001	6	10105
6182.001	0	10101
6183.001	-3	10098
6184.001	11	10111
6185.001	-1	10103
6186.001	-4	10099
6187.001	-4	10098
6188.001	-3	10098
6189.001	4	10104
6190.001	-1	10100
6191.001	-2	10099
6192.001	5	10105
6193.001	-1	10101
6194.001	4	10105
6195.001	-3	10100
6196.001	-3	10099
6197.001	-3	10098
6198.001	-2	10098
6199.001	0	10099
6200.001	6	10105
6201.001	-1	10100
6202.001	-2	10099
6203.001	-1	10099
6204.001	-1	10099
6205.001	-1	10099
6206.001	6	10105
6207.001	-7	10094
6208.001	4	10103
6209.001	0	10100
6210.001	-1	10099
6211.001	-1	10099
6212.001	-1	10099
6213.001	0	10099
6214.001	-1	10098
6215.001	7	10106
6216.001	0	10101
6217.001	-9	10092
6218.001	5	10103
6219.001	-6	10094
6220.001	-1	10097
6221.001	1	10099
6222.001	14	10112
6223.001	-5	10097
6224.001	-4	10097
6225.001	-1	10099
6226.001	-1	10098
6227.001	0	10099
6228.001	0	10099
6229.001	7	10106
6230.001	-1	10100
6231.001	-1	10100
6232.001	-9	10092
6233.001	-1	10097
6234.001	1	10099
6235.001	8	10106
6236.001	-5	10095
6237.001	-1	10098
6238.001	0	10098
6239.001	1	10099
6240.001	-6	10093
6241.001	7	10104
6242.001	9	10108
6243.001	-7	10095
6244.001	-2	10098
6245.001	-1	10098
6246.001	0	10099
6247.001	0	10099
6248.001	7	10106
6249.001	1	10102
6250.001	-2	10099
6251.001	-8	10093
6252.001	-2	10096
6253.001	1	10099
6254.001	8	10106
6255.001	-5	10095
6256.001	-1	10098
6257.001	-6	10092
6258.001	-6	10091
6259.001	-4	10091
6260.001	4	10098
6261.001	-1	10094
6262.001	-8	10087
6263.001	-2	10090
6264.001	0	10092
6265.001	-5	10087
6266.001	8	10098
6267.001	3	10095
6268.001	0	10093
6269.001	-7	10086
6270.001	-1	10090
6271.001	8	10099
6272.001	2	10095
6273.001	-1	10093
6274.001	-7	10087
6275.001	-2	10090
6276.001	2	10093
6277.001	1	10093
6278.001	1	10093
6279.001	-5	10087
6280.001	0	10091
6281.001	-4	10087
6282.001	-4	10085
6283.001	-3	10085
6284.001	4	10091
6285.001	-1	10088
6286.001	4	10092
6287.001	-2	10087
6288.001	-3	10086
6289.001	10	10098
6290.001	-1	10090
6291.001	2	10093
6292.001	-5	10086
6293.001	2	10092
6294.001	-4	10086
6295.001	2	10091
6296.001	10	10100
6297.001	3	10096
6298.001	1	10095
6299.001	-2	10092
6300.001	-1	10092
6301.001	-1	10092
6302.001	7	10100
6303.001	-7	10088
6304.001	-2	10091
6305.001	0	10092
6306.001	0	10092
6307.001	-5	10087
6308.001	0	10091
6309.001	2	10093
6310.001	2	10093
6311.001	2	10094
6312.001	1	10093
6313.001	-7	10086
6314.001	1	10092
6315.001	2	10093
6316.001	8	10100
6317.001	1	10095
6318.001	-8	10086
6319.001	-1	10091
6320.001	1	10093
6321.001	-6	10086
6322.001	1	10091
6323.001	3	10093
6324.001	9	10100
6325.001	1	10095
6326.001	-1	10093
6327.001	-2	10092
6328.001	-1	10092
6329.001	0	10093
6330.001	-7	10086
6331.001	6	10097
6332.001	8	10101
6333.001	0	10095
6334.001	-2	10093
6335.001	-9	10086
6336.001	-2	10090
6337.001	1	10092
6338.001	-5	10087
6339.001	1	10091
6340.001	-4	10086
6341.001	3	10092
6342.001	-3	10087
6343.001	3	10092
6344.001	-3	10087
6345.001	2	10091
6346.001	4	10094
6347.001	-4	10087
6348.001	2	10092
6349.001	3	10093
6350.001	9	10100
6351.001	1	10095
6352.001	-7	10087
6353.001	-2	10090
6354.001	1	10093
6355.001	1	10093
6356.001	1	10093
6357.001	0	10092
6358.001	0	10092
6359.001	1	10093
6360.001	0	10093
6361.001	-6	10087
6362.001	0	10091
6363.001	1	10092
6364.001	-4	10087
6365.001	1	10091
6366.001	9	10099
6367.001	3	10096
6368.001	-7	10087
6369.001	-2	10090
6370.001	1	10092
6371.001	-5	10087
6372.001	-5	10085
6373.001	-4	10085
6374.001	5	10092
6375.001	5	10094
6376.001	-3	10087
6377.001	3	10092
6378.001	-3	10087
6379.001	-4	10085
6380.001	-4	10084
6381.001	11	10098
6382.001	0	10090
6383.001	-5	10085
6384.001	3	10092
6385.001	-3	10087
6386.001	3	10092
6387.001	-2	10088
6388.001	3	10092
6389.001	-3	10087
6390.001	9	10098
6391.001	4	10096
6392.001	-6	10087
6393.001	0	10091
6394.001	-5	10086
6395.001	1	10091
6396.001	10	10100
6397.001	-4	10089
6398.001	-1	10091
6399.001	1	10093
6400.001	-5	10087
6401.001	8	10098
6402.001	-5	10088
6403.001	-6	10085
6404.001	-5	10084
6405.001	3	10091
6406.001	-1	10088
6407.001	10	10099
6408.001	-2	10090
6409.001	-5	10086
6410.001	1	10090
6411.001	-3	10087
6412.001	-3	10086
6413.001	10	10098
6414.001	-2	10089
6415.001	2	10092
6416.001	-4	10087
6417.001	-5	10085
6418.001	10	10098
6419.001	-2	10089
6420.001	1	10092
6421.001	-4	10087
6422.001	2	10092
6423.001	3	10093
6424.001	2	10093
6425.001	-5	10087
6426.001	1	10091
6427.001	-4	10087
6428.001	2	10091
6429.001	3	10093
6430.001	-3	10088
6431.001	1	10091
6432.001	9	10099
6433.001	3	10096
6434.001	-7	10087
6435.001	-1	10091
6436.001	1	10093
6437.001	-6	10086
6438.001	1	10091
6439.001	-4	10086
6440.001	9	10098
6441.001	4	10096
6442.001	1	10094
6443.001	-7	10086
6444.001	-1	10090
6445.001	2	10093
6446.001	2	10094
6447.001	7	10099
6448.001	1	10095
6449.001	-2	10093
6450.001	-2	10092
6451.001	-1	10092
6452.001	-1	10092
6453.001	0	10093
6454.001	0	10093
6455.001	6	10099
6456.001	0	10095
6457.001	-2	10093
6458.001	-1	10093
6459.001	-2	10092
6460.001	0	10093
6461.001	-1	10092
6462.001	0	10093
6463.001	12	10105
6464.001	1	10097
6465.001	-4	10093
6466.001	-4	10091
6467.001	-3	10091
6468.001	-2	10091
6469.001	0	10093
6470.001	0	10093
6471.001	6	10099
6472.001	6	10101
6473.001	-1	10095
6474.001	-10	10086
6475.001	-4	10089
6476.001	0	10092
6477.001	1	10093
6478.001	1	10093
6479.001	7	10099
6480.001	6	10101
6481.001	-1	10095
6482.001	2	10098
6483.001	-3	10094
6484.001	-4	10092
6485.001	-3	10092
6486.001	-2	10092
6487.001	6	10099
6488.001	6	10101
6489.001	-3	10094
6490.001	-4	10092
6491.001	-2	10093
6492.001	-2	10092
6493.001	-2	10091
6494.001	-7	10086
6495.001	0	10091
6496.001	2	10093
6497.001	9	10100
6498.001	1	10095
6499.001	-1	10093
6500.001	-1	10093
6501.001	5	10099
6502.001	-1	10094
6503.001	-3	10092
6504.001	-2	10092
6505.001	-1	10092
6506.001	-1	10092
6507.001	0	10093
6508.001	0	10093
6509.001	-7	10086
6510.001	7	10098
6511.001	2	10095
6512.001	-7	10086
6513.001	0	10091
6514.001	1	10092
6515.001	-5	10087
6516.001	1	10091
6517.001	3	10093
6518.001	2	10093
6519.001	8	10100
6520.001	-5	10089
6521.001	-2	10091
6522.001	0	10092
6523.001	1	10093
6524.001	1	10093
6525.001	0	10093
6526.001	-7	10086
6527.001	0	10091
6528.001	-4	10087
6529.001	8	10097
6530.001	3	10095
6531.001	-5	10088
6532.001	0	10091
6533.001	-5	10086
6534.001	-5	10085
6535.001	3	10091
6536.001	-2	10087
6537.001	-3	10086
6538.001	-2	10086
6539.001	-1	10086
6540.001	12	10099
6541.001	-1	10089
6542.001	3	10093
6543.001	-4	10087
6544.001	2	10092
6545.001	-4	10086
6546.001	2	10091
6547.001	4	10094
6548.001	-3	10088
6549.001	1	10091
6550.001	3	10093
6551.001	-4	10087
6552.001	8	10098
6553.001	3	10095
6554.001	0	10093
6555.001	-7	10086
6556.001	-1	10090
6557.001	-5	10086
6558.001	2	10091
6559.001	3	10093
6560.001	-4	10087
6561.001	2	10092
6562.001	3	10093
6563.001	9	10100
6564.001	1	10095
6565.001	-1	10093
6566.001	-8	10086
6567.001	-1	10091
6568.001	1	10092
6569.001	1	10093
6570.001	-5	10087
6571.001	1	10091
6572.001	2	10093
6573.001	2	10093
6574.001	2	10094
6575.001	-6	10086
6576.001	1	10092
6577.001	2	10093
6578.001	2	10094
6579.001	1	10093
6580.001	0	10092
6581.001	1	10093
6582.001	0	10093
6583.001	0	10093
6584.001	6	10099
6585.001	-6	10089
6586.001	4	10097
6587.001	7	10101
6588.001	-1	10095
6589.001	-4	10092
6590.001	-3	10092
6591.001	-2	10092
6592.001	-1	10092
6593.001	0	10093
6594.001	0	10093
6595.001	-6	10087
6596.001	-1	10090
6597.001	2	10093
6598.001	-4	10087
6599.001	1	10091
6600.001	-3	10087
6601.001	2	10091
6602.001	-3	10087
6603.001	3	10092
6604.001	-3	10087
6605.001	2	10091
6606.001	-3	10087
6607.001	3	10092
6608.001	-2	10088
6609.001	3	10092
6610.001	-3	10087
6611.001	3	10092
6612.001	-3	10087
6613.001	3	10092
6614.001	3	10093
6615.001	-4	10087
6616.001	2	10092
6617.001	3	10093
6618.001	-4	10087
6619.001	2	10092
6620.001	2	10093
6621.001	-4	10087
6622.001	1	10091
6623.001	9	10099
6624.001	3	10096
6625.001	-1	10093
6626.001	-1	10093
6627.001	-1	10092
6628.001	-7	10086
6629.001	0	10091
6630.001	2	10093
6631.001	1	10093
6632.001	-5	10087
6633.001	1	10091
6634.001	2	10093
6635.001	3	10094
6636.001	-5	10087
6637.001	0	10091
6638.001	2	10093
6639.001	2	10093
6640.001	2	10094
6641.001	0	10092
6642.001	-6	10086
6643.001	13	10104
6644.001	2	10097
6645.001	-1	10094
6646.001	-3	10092
6647.001	-2	10092
6648.001	5	10098
6649.001	0	10095
6650.001	-3	10092
6651.001	5	10099
6652.001	-1	10094
6653.001	3	10098
6654.001	4	10100
6655.001	3	10100
6656.001	-4	10094
6657.001	1	10098
6658.001	2	10099
6659.001	-5	10093
6660.001	1	10097
6661.001	10	10107
6662.001	2	10102
6663.001	-7	10093
6664.001	-1	10097
6665.001	-5	10093
6666.001	1	10097
6667.001	-4	10093
6668.001	9	10104
6669.001	4	10102
6670.001	-6	10093
6671.001	0	10098
6672.001	-5	10093
6673.001	-5	10091
6674.001	3	10098
6675.001	-2	10093
6676.001	-2	10093
6677.001	4	10098
6678.001	5	10100
6679.001	-3	10094
6680.001	-4	10092
6681.001	-3	10092
6682.001	4	10098
6683.001	-1	10094
6684.001	-3	10092
6685.001	11	10105
6686.001	-1	10096
6687.001	-5	10092
6688.001	-4	10091
6689.001	3	10097
6690.001	-1	10094
6691.001	4	10099
6692.001	4	10100
6693.001	-3	10094
6694.001	2	10098
6695.001	-4	10093
6696.001	-4	10092
6697.001	3	10098
6698.001	11	10106
6699.001	-3	10096
6700.001	1	10099
6701.001	1	10099
6702.001	-5	10093
6703.001	0	10097
6704.001	2	10099
6705.001	3	10101
6706.001	7	10105
6707.001	1	10102
6708.001	-8	10093
6709.001	-1	10097
6710.001	-6	10092
6711.001	1	10097
6712.001	3	10100
6713.001	-4	10094
6714.001	8	10104
6715.001	-4	10095
6716.001	0	10098
6717.001	-5	10093
6718.001	2	10098
6719.001	-3	10094
6720.001	9	10105
6721.001	-3	10095
6722.001	0	10098
6723.001	2	10100
6724.001	1	10099
6725.001	-5	10093
6726.001	0	10097
6727.001	3	10100
6728.001	2	10100
6729.001	7	10105
6730.001	-5	10096
6731.001	-2	10097
6732.001	-6	10092
6733.001	1	10098
6734.001	-4	10093
6735.001	2	10098
6736.001	3	10099
6737.001	3	10100
6738.001	-5	10093
6739.001	-5	10092
6740.001	-4	10091
6741.001	4	10098
6742.001	-1	10094
6743.001	-3	10092
6744.001	11	10105
6745.001	-1	10096
6746.001	-5	10092
6747.001	-4	10091
6748.001	4	10098
6749.001	-2	10093
6750.001	4	10099
6751.001	-2	10094
6752.001	3	10098
6753.001	-3	10093
6754.001	-10	10085
6755.001	-3	10089
6756.001	7	10099
6757.001	7	10101
6758.001	-1	10095
6759.001	-2	10093
6760.001	-3	10092
6761.001	-9	10085
6762.001	-1	10090
6763.001	8	10099
6764.001	2	10095
6765.001	-1	10093
6766.001	-1	10093
6767.001	-1	10092
6768.001	6	10099
6769.001	-1	10094
6770.001	-2	10093
6771.001	-8	10086
6772.001	-1	10091
6773.001	1	10092
6774.001	8	10100
6775.001	1	10095
6776.001	-1	10093
6777.001	4	10098
6778.001	-1	10094
6779.001	4	10099
6780.001	-2	10094
6781.001	3	10098
6782.001	-2	10094
6783.001	2	10098
6784.001	-3	10093
6785.001	3	10098
6786.001	3	10099
6787.001	-3	10094
6788.001	-5	10091
6789.001	-3	10092
6790.001	10	10104
6791.001	-1	10096
6792.001	2	10099
6793.001	-4	10093
6794.001	2	10098
6795.001	3	10100
6796.001	-4	10094
6797.001	-4	10092
6798.001	2	10097
6799.001	4	10100
6800.001	-3	10094
6801.001	-10	10086
6802.001	-4	10089
6803.001	0	10092
6804.001	14	10106
6805.001	1	10097
6806.001	-4	10092
6807.001	-3	10092
6808.001	-3	10091
6809.001	-1	10092
6810.001	12	10105
6811.001	-1	10096
6812.001	-4	10092
6813.001	3	10098
6814.001	-2	10094
6815.001	-3	10092
6816.001	3	10098
6817.001	-2	10093
6818.001	-2	10093
6819.001	-3	10091
6820.001	-1	10092
6821.001	-7	10086
6822.001	6	10097
6823.001	2	10095
6824.001	0	10093
6825.001	-1	10092
6826.001	-1	10092
6827.001	6	10099
6828.001	0	10095
6829.001	-1	10094
6830.001	-9	10085
6831.001	-1	10091
6832.001	1	10092
6833.001	2	10094
6834.001	1	10093
6835.001	-6	10086
6836.001	0	10091
6837.001	-4	10087
6838.001	-5	10084
6839.001	10	10098
6840.001	-2	10089
6841.001	-4	10086
6842.001	2	10091
6843.001	-3	10087
6844.001	-3	10086
6845.001	10	10098
6846.001	-2	10089
6847.001	-4	10086
6848.001	-4	10085
6849.001	3	10091
6850.001	-1	10088
6851.001	4	10093
6852.001	-3	10087
6853.001	-3	10086
6854.001	-3	10085
6855.001	5	10092
6856.001	-1	10088
6857.001	-2	10086
6858.001	-2	10086
6859.001	-1	10086
6860.001	6	10093
6861.001	-1	10088
6862.001	-2	10086
6863.001	-8	10080
6864.001	-2	10083
6865.001	14	10099
6866.001	2	10091
6867.001	-3	10086
6868.001	-3	10086
6869.001	-2	10086
6870.001	-2	10085
6871.001	0	10086
6872.001	12	10098
6873.001	7	10097
6874.001	2	10094
6875.001	-6	10087
6876.001	0	10091
6877.001	-4	10087
6878.001	-5	10085
6879.001	9	10097
6880.001	-2	10089
6881.001	2	10092
6882.001	-4	10087
6883.001	-4	10086
6884.001	-4	10085
6885.001	11	10098
6886.001	-1	10090
6887.001	2	10092
6888.001	-4	10087
6889.001	-5	10085
6890.001	3	10091
6891.001	-2	10087
6892.001	-3	10086
6893.001	-2	10086
6894.001	-1	10086
6895.001	-1	10086
6896.001	12	10098
6897.001	0	10090
6898.001	3	10093
6899.001	-4	10087
6900.001	-5	10085
6901.001	-3	10085
6902.001	-2	10085
6903.001	5	10092
6904.001	0	10088
6905.001	-2	10086
6906.001	-2	10086
6907.001	5	10092
6908.001	-1	10088
6909.001	-2	10086
6910.001	-2	10086
6911.001	-1	10086
6912.001	-1	10086
6913.001	0	10086
6914.001	6	10092
6915.001	6	10094
6916.001	-2	10088
6917.001	-3	10086
6918.001	-4	10085
6919.001	-2	10085
6920.001	5	10092
6921.001	-6	10082
6922.001	-2	10084
6923.001	-7	10079
6924.001	1	10085
6925.001	9	10093
6926.001	-5	10082
6927.001	-6	10079
6928.001	1	10084
6929.001	-4	10080
6930.001	3	10086
6931.001	3	10086
6932.001	-3	10081
6933.001	2	10085
6934.001	-4	10080
6935.001	-4	10079
6936.001	4	10086
6937.001	4	10087
6938.001	4	10088
6939.001	-4	10081
6940.001	1	10085
6941.001	-5	10079
6942.001	3	10086
6943.001	3	10087
6944.001	-4	10081
6945.001	-4	10079
6946.001	-4	10078
6947.001	10	10091
6948.001	-1	10083
6949.001	2	10086
6950.001	-3	10081
6951.001	-5	10078
6952.001	3	10085
6953.001	11	10094
6954.001	-3	10083
6955.001	0	10085
6956.001	-5	10080
6957.001	1	10085
6958.001	-4	10080
6959.001	2	10085
6960.001	-3	10080
6961.001	9	10092
6962.001	-2	10083
6963.001	1	10086
6964.001	-5	10080
6965.001	1	10084
6966.001	3	10087
6967.001	-3	10082
6968.001	1	10085
6969.001	9	10093
6970.001	-4	10083
6971.001	-7	10079
6972.001	1	10084
6973.001	-4	10080
6974.001	3	10086
6975.001	-3	10080
6976.001	3	10086
6977.001	10	10093
6978.001	-3	10083
6979.001	0	10086
6980.001	0	10086
6981.001	-5	10081
6982.001	1	10085
6983.001	-5	10079
6984.001	9	10092
6985.001	-3	10083
6986.001	0	10085
6987.001	-4	10081
6988.001	2	10085
6989.001	-4	10080
6990.001	2	10085
6991.001	-3	10080
6992.001	10	10093
6993.001	3	10089
6994.001	-5	10081
6995.001	0	10085
6996.001	-5	10080
6997.001	1	10084
6998.001	-3	10081
6999.001	8	10091
7000.001	4	10089
7001.001	-6	10080
7002.001	0	10085
7003.001	-4	10081
7004.001	1	10084
7005.001	-3	10081
7006.001	-4	10079
7007.001	3	10085
7008.001	5	10088
7009.001	-2	10082
7010.001	2	10085
7011.001	-4	10080
7012.001	2	10085
7013.001	-2	10081
7014.001	-4	10079
7015.001	4	10086
7016.001	11	10094
7017.001	-3	10083
7018.001	0	10085
7019.001	-6	10079
7020.001	2	10085
7021.001	-4	10080
7022.001	9	10092
7023.001	3	10089
7024.001	-5	10081
7025.001	-1	10084
7026.001	-5	10080
7027.001	8	10091
7028.001	3	10089
7029.001	-5	10081
7030.001	0	10085
7031.001	-5	10080
7032.001	7	10090
7033.001	-3	10083
7034.001	1	10086
7035.001	1	10086
7036.001	2	10087
7037.001	-6	10080
7038.001	1	10085
7039.001	2	10086
7040.001	2	10087
7041.001	-5	10081
7042.001	7	10091
7043.001	2	10088
7044.001	-6	10081
7045.001	0	10085
7046.001	1	10086
7047.001	1	10086
7048.001	-5	10081
7049.001	1	10085
7050.001	8	10092
7051.001	3	10090
7052.001	-1	10087
7053.001	-8	10079
7054.001	6	10091
7055.001	1	10088
7056.001	-7	10080
7057.001	6	10091
7058.001	1	10088
7059.001	-7	10080
7060.001	-1	10084
7061.001	2	10087
7062.001	-5	10080
7063.001	1	10085
7064.001	3	10087
7065.001	2	10087
7066.001	-5	10081
7067.001	-6	10078
7068.001	2	10084
7069.001	-2	10081
7070.001	-3	10079
7071.001	4	10085
7072.001	-1	10082
7073.001	4	10086
7074.001	4	10087
7075.001	-4	10081
7076.001	-5	10078
7077.001	3	10085
7078.001	4	10087
7079.001	-2	10082
7080.001	2	10085
7081.001	-4	10080
7082.001	3	10086
7083.001	-3	10081
7084.001	2	10085
7085.001	-3	10080
7086.001	3	10086
7087.001	4	10087
7088.001	-4	10081
7089.001	2	10085
7090.001	3	10087
7091.001	-4	10081
7092.001	-5	10079
7093.001	9	10091
7094.001	4	10089
7095.001	1	10087
7096.001	7	10093
7097.001	-7	10082
7098.001	-2	10084
7099.001	0	10086
7100.001	7	10093
7101.001	0	10088
7102.001	-8	10080
7103.001	-8	10078
7104.001	7	10090
7105.001	3	10088
7106.001	-5	10081
7107.001	0	10085
7108.001	2	10087
7109.001	1	10086
7110.001	1	10087
7111.001	1	10087
7112.001	-6	10080
7113.001	1	10085
7114.001	1	10086
7115.001	2	10087
7116.001	-5	10081
7117.001	7	10091
7118.001	3	10089
7119.001	-7	10080
7120.001	-1	10084
7121.001	8	10093
7122.001	-5	10082
7123.001	0	10086
7124.001	7	10093
7125.001	1	10089
7126.001	-8	10080
7127.001	-2	10084
7128.001	7	10092
7129.001	-5	10082
7130.001	-1	10085
7131.001	8	10093
7132.001	1	10089
7133.001	-1	10087
7134.001	-2	10086
7135.001	-1	10086
7136.001	-1	10086
7137.001	-7	10079
7138.001	6	10090
7139.001	2	10088
7140.001	-6	10081
7141.001	6	10091
7142.001	1	10088
7143.001	0	10087
7144.001	5	10092
7145.001	-7	10082
7146.001	-2	10084
7147.001	6	10092
7148.001	-6	10082
7149.001	5	10091
7150.001	1	10088
7151.001	-1	10087
7152.001	5	10092
7153.001	-1	10088
7154.001	-9	10080
7155.001	-2	10084
7156.001	7	10092
7157.001	-6	10081
7158.001	-1	10085
7159.001	7	10092
7160.001	1	10088
7161.001	-1	10087
7162.001	-7	10080
7163.001	5	10090
7164.001	1	10088
7165.001	0	10087
7166.001	-8	10079
7167.001	13	10098
7168.001	-5	10084
7169.001	-3	10084
7170.001	0	10086
7171.001	6	10092
7172.001	1	10089
7173.001	-8	10080
7174.001	-3	10083
7175.001	7	10092
7176.001	-5	10082
7177.001	-1	10085
7178.001	-5	10080
7179.001	1	10085
7180.001	2	10086
7181.001	3	10088
7182.001	2	10088
7183.001	-6	10080
7184.001	-6	10078
7185.001	8	10091
7186.001	-3	10082
7187.001	2	10086
7188.001	-5	10080
7189.001	2	10085
7190.001	-3	10081
7191.001	-4	10079
7192.001	4	10086
7193.001	-2	10081
7194.001	-3	10079
7195.001	-2	10079
7196.001	11	10092
7197.001	-1	10083
7198.001	-4	10080
7199.001	-4	10079
7200.001	4	10085
7201.001	-2	10081
7202.001	-2	10080
7203.001	-2	10079
7204.001	5	10086
7205.001	-8	10074
7206.001	-2	10078
7207.001	-6	10073
7208.001	7	10084
7209.001	-4	10076
7210.001	-6	10072
7211.001	-5	10072
7212.001	4	10079
7213.001	5	10081
7214.001	-3	10075
7215.001	2	10079
7216.001	3	10080
7217.001	-4	10074
7218.001	8	10085
7219.001	-4	10076
7220.001	1	10079
7221.001	-5	10074
7222.001	1	10078
7223.001	9	10086
7224.001	3	10083
7225.001	-7	10074
7226.001	-1	10078
7227.001	7	10086
7228.001	2	10083
7229.001	-1	10080
7230.001	5	10086
7231.001	-1	10082
7232.001	-3	10079
7233.001	-2	10079
7234.001	5	10086
7235.001	-1	10081
7236.001	-2	10080
7237.001	-2	10079
7238.001	-2	10079
7239.001	6	10086
7240.001	-1	10081
7241.001	-8	10074
7242.001	-2	10077
7243.001	7	10086
7244.001	2	10083
7245.001	-1	10080
7246.001	-8	10073
7247.001	12	10091
7248.001	-6	10076
7249.001	-2	10078
7250.001	-1	10079
7251.001	7	10087
7252.001	0	10082
7253.001	-1	10081
7254.001	-2	10079
7255.001	-1	10080
7256.001	-1	10079
7257.001	5	10085
7258.001	0	10082
7259.001	-2	10080
7260.001	-1	10080
7261.001	-1	10080
7262.001	12	10092
7263.001	-1	10083
7264.001	-4	10080
7265.001	-4	10079
7266.001	4	10085
7267.001	-8	10075
7268.001	-2	10078
7269.001	-1	10079
7270.001	1	10080
7271.001	13	10093
7272.001	0	10083
7273.001	-3	10080
7274.001	-4	10079
7275.001	4	10085
7276.001	12	10095
7277.001	-3	10083
7278.001	-6	10079
7279.001	1	10084
7280.001	-4	10080
7281.001	3	10086
7282.001	-3	10080
7283.001	9	10092
7284.001	-2	10083
7285.001	-6	10079
7286.001	2	10085
7287.001	-3	10080
7288.001	3	10086
7289.001	-3	10080
7290.001	-3	10080
7291.001	10	10092
7292.001	-8	10077
7293.001	-5	10077
7294.001	-2	10079
7295.001	-1	10079
7296.001	0	10080
7297.001	-7	10073
7298.001	7	10085
7299.001	2	10082
7300.001	-6	10074
7301.001	-1	10078
7302.001	-5	10073
7303.001	8	10085
7304.001	3	10082
7305.001	1	10081
7306.001	-1	10079
7307.001	0	10080
7308.001	0	10080
7309.001	-7	10073
7310.001	0	10078
7311.001	2	10080
7312.001	8	10087
7313.001	-5	10076
7314.001	-1	10079
7315.001	-6	10073
7316.001	0	10077
7317.001	3	10080
7318.001	-4	10074
7319.001	1	10078
7320.001	3	10080
7321.001	-4	10074
7322.001	2	10079
7323.001	-4	10074
7324.001	9	10086
7325.001	-4	10075
7326.001	1	10079
7327.001	-4	10074
7328.001	1	10078
7329.001	-3	10074
7330.001	2	10079
7331.001	3	10080
7332.001	-3	10075
7333.001	2	10079
7334.001	-4	10074
7335.001	8	10085
7336.001	4	10083
7337.001	-5	10075
7338.001	-1	10078
7339.001	2	10080
7340.001	1	10080
7341.001	1	10080
7342.001	-6	10074
7343.001	7	10085
7344.001	2	10082
7345.001	0	10080
7346.001	0	10080
7347.001	-7	10073
7348.001	6	10084
7349.001	1	10081
7350.001	0	10080
7351.001	-1	10079
7352.001	-7	10073
7353.001	0	10078
7354.001	-4	10074
7355.001	2	10079
7356.001	3	10080
7357.001	2	10080
7358.001	2	10081
7359.001	-6	10074
7360.001	1	10079
7361.001	2	10080
7362.001	2	10081
7363.001	1	10080
7364.001	-6	10074
7365.001	0	10078
7366.001	-4	10074
7367.001	-4	10073
7368.001	-3	10072
7369.001	11	10085
7370.001	-1	10077
7371.001	-4	10073
7372.001	-4	10072
7373.001	3	10078
7374.001	-1	10075
7375.001	-3	10073
7376.001	5	10080
7377.001	-1	10075
7378.001	3	10079
7379.001	-2	10075
7380.001	3	10079
7381.001	-3	10074
7382.001	3	10079
7383.001	3	10080
7384.001	-3	10075
7385.001	2	10079
7386.001	-4	10074
7387.001	-4	10073
7388.001	-3	10072
7389.001	4	10078
7390.001	-1	10075
7391.001	-2	10073
7392.001	-2	10073
7393.001	-1	10073
7394.001	6	10080
7395.001	0	10076
7396.001	-3	10073
7397.001	5	10080
7398.001	5	10081
7399.001	-3	10075
7400.001	-4	10073
7401.001	-3	10073
7402.001	4	10079
7403.001	-1	10075
7404.001	-3	10073
7405.001	-2	10073
7406.001	12	10086
7407.001	-1	10077
7408.001	2	10079
7409.001	3	10081
7410.001	-5	10074
7411.001	1	10078
7412.001	-4	10074
7413.001	2	10079
7414.001	4	10081
7415.001	-4	10074
7416.001	2	10079
7417.001	2	10080
7418.001	-4	10074
7419.001	2	10079
7420.001	-4	10074
7421.001	-4	10073
7422.001	3	10078
7423.001	-2	10074
7424.001	4	10080
7425.001	4	10081
7426.001	-3	10075
7427.001	2	10079
7428.001	-4	10074
7429.001	-4	10073
7430.001	3	10078
7431.001	-2	10074
7432.001	4	10080
7433.001	-2	10075
7434.001	-3	10073
7435.001	3	10078
7436.001	-2	10074
7437.001	-2	10074
7438.001	4	10079
7439.001	-2	10074
7440.001	-2	10074
7441.001	4	10079
7442.001	-2	10074
7443.001	-2	10074
7444.001	-2	10073
7445.001	4	10078
7446.001	-1	10075
7447.001	-2	10073
7448.001	-2	10073
7449.001	-1	10073
7450.001	6	10080
7451.001	6	10082
7452.001	-2	10075
7453.001	2	10079
7454.001	-3	10074
7455.001	-4	10073
7456.001	3	10078
7457.001	-1	10075
7458.001	3	10079
7459.001	-2	10075
7460.001	-4	10072
7461.001	4	10079
7462.001	-2	10074
7463.001	4	10080
7464.001	11	10088
7465.001	-4	10076
7466.001	-6	10073
7467.001	1	10078
7468.001	3	10080
7469.001	-4	10074
7470.001	1	10078
7471.001	-3	10074
7472.001	2	10079
7473.001	-3	10074
7474.001	3	10079
7475.001	-3	10074
7476.001	-3	10073
7477.001	3	10078
7478.001	-2	10074
7479.001	-3	10073
7480.001	5	10080
7481.001	-1	10075
7482.001	3	10079
7483.001	-2	10075
7484.001	3	10079
7485.001	-3	10074
7486.001	3	10079
7487.001	4	10081
7488.001	-4	10074
7489.001	8	10085
7490.001	3	10083
7491.001	-6	10074
7492.001	-1	10078
7493.001	-5	10073
7494.001	1	10078
7495.001	-3	10074
7496.001	-4	10072
7497.001	4	10079
7498.001	5	10081
7499.001	4	10082
7500.001	2	10081
7501.001	1	10081
7502.001	0	10080
7503.001	0	10080
7504.001	0	10080
7505.001	0	10080
7506.001	0	10080
7507.001	0	10080
7508.001	1	10081
7509.001	-7	10073
7510.001	0	10078
7511.001	2	10080
7512.001	2	10081
7513.001	-5	10074
7514.001	0	10078
7515.001	-10	10068
7516.001	2	10077
7517.001	5	10080
7518.001	-2	10075
7519.001	3	10079
7520.001	4	10081
7521.001	-4	10074
7522.001	2	10079
7523.001	3	10081
7524.001	2	10081
7525.001	-6	10073
7526.001	8	10085
7527.001	-11	10069
7528.001	-6	10071
7529.001	3	10078
7530.001	-1	10075
7531.001	4	10079
7532.001	-1	10076
7533.001	3	10079
7534.001	-3	10074
7535.001	-4	10072
7536.001	-2	10073
7537.001	-2	10072
7538.001	-1	10073
7539.001	0	10074
7540.001	6	10080
7541.001	0	10075
7542.001	-2	10073
7543.001	-2	10073
7544.001	12	10086
7545.001	-1	10077
7546.001	-4	10073
7547.001	-4	10072
7548.001	-3	10072
7549.001	-1	10073
7550.001	-1	10073
7551.001	0	10074
7552.001	6	10080
7553.001	7	10082
7554.001	-2	10075
7555.001	2	10079
7556.001	3	10080
7557.001	-23	10055
7558.001	-5	10066
7559.001	15	10085
7560.001	4	10078
7561.001	-1	10075
7562.001	-2	10073
7563.001	-2	10073
7564.001	5	10079
7565.001	-1	10075
7566.001	5	10080
7567.001	4	10081
7568.001	-3	10075
7569.001	-11	10066
7570.001	-4	10070
7571.001	6	10079
7572.001	1	10075
7573.001	-1	10074
7574.001	-1	10073
7575.001	-1	10073
7576.001	6	10080
7577.001	-1	10075
7578.001	-8	10067
7579.001	-2	10071
7580.001	1	10073
7581.001	1	10074
7582.001	1	10074
7583.001	0	10073
7584.001	0	10073
7585.001	1	10074
7586.001	0	10074
7587.001	0	10074
7588.001	0	10074
7589.001	0	10074
7590.001	0	10074
7591.001	0	10074
7592.001	0	10074
7593.001	0	10074
7594.001	6	10080
7595.001	0	10075
7596.001	-2	10073
7597.001	5	10080
7598.001	-2	10074
7599.001	-2	10074
7600.001	4	10079
7601.001	-2	10074
7602.001	-2	10074
7603.001	-2	10073
7604.001	4	10078
7605.001	-1	10075
7606.001	5	10080
7607.001	-9	10068
7608.001	3	10077
7609.001	0	10075
7610.001	-2	10073
7611.001	-1	10073
7612.001	-1	10073
7613.001	-1	10073
7614.001	0	10074
7615.001	0	10074
7616.001	0	10074
7617.001	0	10074
7618.001	0	10074
7619.001	6	10080
7620.001	0	10075
7621.001	-8	10067
7622.001	-2	10071
7623.001	0	10072
7624.001	2	10074
7625.001	1	10074
7626.001	0	10073
7627.001	1	10074
7628.001	0	10074
7629.001	0	10074
7630.001	0	10074
7631.001	-7	10067
7632.001	0	10071
7633.001	2	10073
7634.001	9	10081
7635.001	1	10076
7636.001	-1	10074
7637.001	-1	10074
7638.001	-2	10072
7639.001	-1	10073
7640.001	0	10074
7641.001	0	10074
7642.001	0	10074
7643.001	0	10074
7644.001	0	10074
7645.001	-7	10067
7646.001	-6	10065
7647.001	2	10072
7648.001	4	10074
7649.001	10	10081
7650.001	2	10076
7651.001	-1	10074
7652.001	-8	10067
7653.001	-1	10071
7654.001	-6	10066
7655.001	2	10072
7656.001	3	10074
7657.001	3	10075
7658.001	1	10074
7659.001	1	10074
7660.001	1	10074
7661.001	0	10074
7662.001	0	10074
7663.001	0	10074
7664.001	0	10074
7665.001	0	10074
7666.001	6	10080
7667.001	-6	10069
7668.001	-9	10065
7669.001	0	10071
7670.001	3	10074
7671.001	3	10075
7672.001	1	10074
7673.001	8	10081
7674.001	7	10082
7675.001	-2	10075
7676.001	-4	10073
7677.001	-4	10072
7678.001	-2	10072
7679.001	6	10080
7680.001	-1	10075
7681.001	-2	10073
7682.001	5	10080
7683.001	-1	10075
7684.001	-3	10073
7685.001	-2	10073
7686.001	-2	10072
7687.001	5	10079
7688.001	0	10075
7689.001	-2	10073
7690.001	-8	10067
7691.001	-1	10071
7692.001	1	10073
7693.001	1	10073
7694.001	-5	10068
7695.001	1	10072
7696.001	2	10073
7697.001	2	10074
7698.001	-4	10069
7699.001	0	10071
7700.001	3	10074
7701.001	-5	10067
7702.001	1	10072
7703.001	3	10074
7704.001	9	10081
7705.001	-5	10070
7706.001	-2	10071
7707.001	1	10074
7708.001	1	10074
7709.001	-6	10067
7710.001	0	10071
7711.001	-4	10067
7712.001	2	10072
7713.001	-3	10068
7714.001	-4	10066
7715.001	4	10073
7716.001	4	10074
7717.001	-2	10069
7718.001	2	10073
7719.001	3	10074
7720.001	-4	10068
7721.001	1	10072
7722.001	9	10080
7723.001	-4	10070
7724.001	0	10073
7725.001	-6	10067
7726.001	1	10072
7727.001	-3	10068
7728.001	2	10072
7729.001	-3	10068
7730.001	3	10073
7731.001	-3	10068
7732.001	-4	10066
7733.001	-3	10066
7734.001	11	10079
7735.001	-7	10064
7736.001	3	10072
7737.001	-3	10067
7738.001	-2	10067
7739.001	4	10072
7740.001	-1	10069
7741.001	-3	10066
7742.001	4	10072
7743.001	-1	10069
7744.001	4	10073
7745.001	-2	10069
7746.001	-4	10066
7747.001	10	10079
7748.001	-1	10071
7749.001	1	10072
7750.001	-4	10068
7751.001	2	10073
7752.001	-4	10067
7753.001	3	10073
7754.001	-3	10068
7755.001	-4	10066
7756.001	10	10079
7757.001	-2	10070
7758.001	-4	10067
7759.001	2	10072
7760.001	-3	10068
7761.001	-3	10067
7762.001	4	10073
7763.001	-2	10068
7764.001	4	10073
7765.001	-3	10068
7766.001	10	10080
7767.001	-3	10070
7768.001	1	10073
7769.001	-4	10068
7770.001	1	10072
7771.001	-4	10067
7772.001	2	10072
7773.001	4	10075
7774.001	10	10082
7775.001	-5	10070
7776.001	-1	10072
7777.001	0	10073
7778.001	1	10074
7779.001	-6	10067
7780.001	0	10071
7781.001	2	10073
7782.001	8	10080
7783.001	-5	10069
7784.001	-1	10072
7785.001	1	10074
7786.001	1	10074
7787.001	-6	10067
7788.001	0	10071
7789.001	-4	10067
7790.001	8	10078
7791.001	-3	10070
7792.001	-5	10067
7793.001	-5	10065
7794.001	3	10072
7795.001	-1	10069
7796.001	-3	10066
7797.001	11	10079
7798.001	-2	10070
7799.001	-4	10067
7800.001	-4	10066
7801.001	-3	10066
7802.001	5	10073
7803.001	-1	10068
7804.001	-2	10067
7805.001	4	10072
7806.001	5	10075
7807.001	-2	10069
7808.001	-4	10067
7809.001	-4	10065
7810.001	-2	10066
7811.001	5	10073
7812.001	0	10069
7813.001	4	10073
7814.001	5	10075
7815.001	-3	10069
7816.001	-5	10066
7817.001	-4	10065
7818.001	-2	10066
7819.001	-1	10067
7820.001	0	10067
7821.001	-1	10066
7822.001	0	10067
7823.001	0	10067
7824.001	7	10074
7825.001	0	10069
7826.001	-2	10067
7827.001	-2	10066
7828.001	-1	10067
7829.001	-1	10067
7830.001	0	10067
7831.001	-7	10060
7832.001	0	10065
7833.001	2	10067
7834.001	-4	10062
7835.001	1	10066
7836.001	-4	10061
7837.001	-4	10060
7838.001	3	10065
7839.001	-1	10062
7840.001	10	10073
7841.001	-3	10063
7842.001	-5	10060
7843.001	2	10066
7844.001	-3	10061
7845.001	-3	10060
7846.001	3	10065
7847.001	5	10068
7848.001	-3	10062
7849.001	3	10067
7850.001	-4	10061
7851.001	-4	10060
7852.001	-3	10059
7853.001	5	10067
7854.001	-1	10062
7855.001	-2	10061
7856.001	-2	10060
7857.001	-2	10060
7858.001	-1	10060
7859.001	7	10068
7860.001	0	10063
7861.001	-2	10061
7862.001	-2	10060
7863.001	-2	10060
7864.001	6	10067
7865.001	-1	10062
7866.001	-2	10060
7867.001	-1	10061
7868.001	-8	10054
7869.001	6	10065
7870.001	-5	10056
7871.001	0	10059
7872.001	-6	10053
7873.001	-5	10053
7874.001	10	10066
7875.001	-2	10057
7876.001	-5	10054
7877.001	-4	10053
7878.001	-3	10053
7879.001	5	10060
7880.001	-1	10055
7881.001	-2	10054
7882.001	-2	10054
7883.001	5	10060
7884.001	0	10056
7885.001	-2	10054
7886.001	-2	10054
7887.001	11	10066
7888.001	-1	10058
7889.001	2	10060
7890.001	-4	10055
7891.001	2	10060
7892.001	-3	10055
7893.001	2	10059
7894.001	-3	10055
7895.001	-4	10053
7896.001	4	10060
7897.001	11	10068
7898.001	-2	10058
7899.001	-6	10054
7900.001	-6	10052
7901.001	3	10059
7902.001	11	10068
7903.001	-3	10057
7904.001	0	10059
7905.001	2	10061
7906.001	7	10067
7907.001	1	10063
7908.001	-1	10061
7909.001	-2	10060
7910.001	5	10067
7911.001	-1	10062
7912.001	4	10067
7913.001	-2	10062
7914.001	3	10066
7915.001	-2	10062
7916.001	2	10066
7917.001	4	10068
7918.001	3	10068
7919.001	-5	10061
7920.001	-6	10059
7921.001	9	10072
7922.001	4	10070
7923.001	-5	10062
7924.001	7	10072
7925.001	1	10069
7926.001	0	10068
7927.001	-7	10061
7928.001	5	10071
7929.001	2	10069
7930.001	-7	10061
7931.001	-7	10059
7932.001	8	10072
7933.001	-3	10063
7934.001	1	10066
7935.001	2	10067
7936.001	2	10068
7937.001	-6	10061
7938.001	-6	10059
7939.001	3	10066
7940.001	4	10068
7941.001	-4	10061
7942.001	-4	10060
7943.001	3	10066
7944.001	5	10069
7945.001	-3	10062
7946.001	8	10072
7947.001	-4	10063
7948.001	1	10066
7949.001	-5	10061
7950.001	-5	10059
7951.001	3	10066
7952.001	-2	10062
7953.001	-3	10060
7954.001	-3	10059
7955.001	5	10066
7956.001	-7	10056
7957.001	-1	10060
7958.001	6	10066
7959.001	-6	10056
7960.001	-2	10058
7961.001	-6	10054
7962.001	8	10066
7963.001	3	10063
7964.001	0	10061
7965.001	-1	10060
7966.001	0	10061
7967.001	-7	10054
7968.001	6	10065
7969.001	2	10063
7970.001	-6	10055
7971.001	-1	10058
7972.001	8	10067
7973.001	-5	10057
7974.001	-1	10059
7975.001	7	10067
7976.001	-5	10057
7977.001	-1	10059
7978.001	7	10067
7979.001	0	10062
7980.001	-1	10061
7981.001	-2	10060
7982.001	6	10067
7983.001	-1	10062
7984.001	-2	10061
7985.001	-2	10060
7986.001	11	10073
7987.001	-1	10064
7988.001	-4	10061
7989.001	9	10072
7990.001	-3	10063
7991.001	2	10067
7992.001	-5	10061
7993.001	8	10072
7994.001	-4	10063
7995.001	-6	10059
7996.001	-4	10060
7997.001	10	10072
7998.001	-2	10063
7999.001	-5	10060
8000.001	9	10072
8001.001	-3	10063
8002.001	-5	10060
8003.001	2	10066
8004.001	9	10073
8005.001	-3	10064
8006.001	0	10066
8007.001	1	10067
8008.001	1	10067
8009.001	1	10068
8010.001	7	10074
8011.001	-6	10063
8012.001	-2	10065
8013.001	6	10073
8014.001	0	10068
8015.001	-7	10061
8016.001	5	10071
8017.001	-6	10062
8018.001	-1	10065
8019.001	1	10067
8020.001	2	10068
8021.001	-6	10061
8022.001	7	10072
8023.001	3	10070
8024.001	-7	10061
8025.001	6	10072
8026.001	1	10069
8027.001	-7	10061
8028.001	6	10072
8029.001	-5	10063
8030.001	-7	10059
8031.001	8	10072
8032.001	-3	10063
8033.001	0	10065
8034.001	8	10073
8035.001	-4	10064
8036.001	-1	10066
8037.001	1	10067
8038.001	-6	10061
8039.001	0	10065
8040.001	3	10068
8041.001	2	10068
8042.001	-5	10061
8043.001	7	10072
8044.001	-4	10063
8045.001	-6	10060
8046.001	1	10065
8047.001	-3	10061
8048.001	-4	10059
8049.001	4	10066
8050.001	-2	10061
8051.001	-2	10061
8052.001	11	10073
8053.001	-2	10063
8054.001	2	10067
8055.001	-4	10061
8056.001	-5	10059
8057.001	3	10066
8058.001	-2	10062
8059.001	-3	10060
8060.001	10	10072
8061.001	-1	10064
8062.001	-5	10060
8063.001	3	10066
8064.001	-3	10061
8065.001	-3	10060
8066.001	3	10065
8067.001	-1	10062
8068.001	3	10066
8069.001	-2	10062
8070.001	-3	10060
8071.001	10	10072
8072.001	-2	10063
8073.001	2	10067
8074.001	-4	10061
8075.001	8	10072
8076.001	-4	10063
8077.001	1	10066
8078.001	-5	10061
8079.001	-5	10059
8080.001	3	10066
8081.001	-2	10062
8082.001	10	10073
8083.001	-9	10057
8084.001	-6	10057
8085.001	4	10066
8086.001	-1	10062
8087.001	-2	10060
8088.001	-1	10061
8089.001	-2	10060
8090.001	6	10067
8091.001	-7	10056
8092.001	5	10066
8093.001	0	10062
8094.001	-2	10060
8095.001	-1	10061
8096.001	-1	10060
8097.001	6	10067
8098.001	-7	10056
8099.001	-2	10059
8100.001	6	10066
8101.001	1	10063
8102.001	-1	10061
8103.001	5	10067
8104.001	-1	10062
8105.001	4	10067
8106.001	-9	10055
8107.001	-4	10058
8108.001	6	10066
8109.001	0	10062
8110.001	-1	10061
8111.001	5	10067
8112.001	-8	10055
8113.001	-9	10052
8114.001	6	10064
8115.001	3	10063
8116.001	-6	10055
8117.001	6	10065
8118.001	-4	10057
8119.001	-7	10053
8120.001	1	10059
8121.001	3	10061
8122.001	-4	10055
8123.001	8	10066
8124.001	-3	10057
8125.001	-6	10053
8126.001	8	10065
8127.001	-3	10057
8128.001	7	10066
8129.001	-4	10057
8130.001	0	10060
8131.001	1	10061
8132.001	1	10061
8133.001	-6	10054
8134.001	7	10066
8135.001	-5	10056
8136.001	-6	10053
8137.001	1	10058
8138.001	4	10062
8139.001	-3	10056
8140.001	1	10059
8141.001	3	10061
8142.001	-4	10055
8143.001	8	10066
8144.001	-3	10057
8145.001	0	10059
8146.001	1	10060
8147.001	1	10061
8148.001	1	10061
8149.001	7	10067
8150.001	1	10063
8151.001	-8	10055
8152.001	4	10064
8153.001	0	10062
8154.001	0	10062
8155.001	-1	10061
8156.001	-1	10060
8157.001	-7	10054
8158.001	0	10059
8159.001	2	10061
8160.001	1	10060
8161.001	-5	10055
8162.001	1	10059
8163.001	3	10062
8164.001	-5	10054
8165.001	2	10060
8166.001	-4	10055
8167.001	-4	10053
8168.001	10	10066
8169.001	-2	10057
8170.001	-5	10054
8171.001	2	10059
8172.001	4	10062
8173.001	-4	10055
8174.001	-4	10054
8175.001	9	10065
8176.001	4	10063
8177.001	-4	10056
8178.001	7	10066
8179.001	-5	10056
8180.001	-7	10053
8181.001	1	10059
8182.001	-4	10054
8183.001	10	10067
8184.001	-3	10057
8185.001	-5	10054
8186.001	8	10065
8187.001	-3	10057
8188.001	-6	10053
8189.001	2	10059
8190.001	-2	10056
8191.001	-4	10053
8192.001	10	10066
8193.001	-1	10058
8194.001	-5	10054
8195.001	2	10059
8196.001	-2	10056
8197.001	-4	10053
8198.001	4	10060
8199.001	-2	10055
8200.001	-9	10047
8201.001	11	10065
8202.001	0	10057
8203.001	4	10061
8204.001	-3	10055
8205.001	-4	10053
8206.001	10	10066
8207.001	-2	10057
8208.001	-5	10054
8209.001	2	10059
8210.001	-2	10056
8211.001	3	10060
8212.001	3	10061
8213.001	-3	10056
8214.001	-4	10054
8215.001	2	10059
8216.001	4	10061
8217.001	-3	10056
8218.001	2	10060
8219.001	-3	10055
8220.001	-4	10053
8221.001	3	10059
8222.001	-1	10056
8223.001	-3	10054
8224.001	10	10066
8225.001	-1	10058
8226.001	-5	10054
8227.001	9	10066
8228.001	-3	10057
8229.001	-6	10053
8230.001	2	10059
8231.001	4	10062
8232.001	3	10062
8233.001	2	10062
8234.001	-5	10055
8235.001	0	10059
8236.001	-5	10054
8237.001	2	10059
8238.001	4	10062
8239.001	-4	10055
8240.001	8	10066
8241.001	-4	10056
8242.001	-6	10053
8243.001	8	10065
8244.001	-3	10057
8245.001	1	10060
8246.001	2	10061
8247.001	2	10062
8248.001	7	10067
8249.001	-6	10056
8250.001	-8	10053
8251.001	6	10064
8252.001	3	10063
8253.001	-6	10055
8254.001	6	10065
8255.001	-5	10056
8256.001	0	10059
8257.001	1	10060
8258.001	-5	10055
8259.001	1	10059
8260.001	3	10062
8261.001	-5	10054
8262.001	2	10060
8263.001	2	10061
8264.001	2	10061
8265.001	2	10062
8266.001	1	10061
8267.001	-6	10055
8268.001	7	10066
8269.001	1	10062
8270.001	0	10061
8271.001	0	10061
8272.001	-7	10054
8273.001	5	10064
8274.001	-4	10057
8275.001	6	10065
8276.001	-5	10056
8277.001	-7	10053
8278.001	7	10065
8279.001	-3	10057
8280.001	7	10066
8281.001	-4	10057
8282.001	-7	10053
8283.001	8	10066
8284.001	-4	10056
8285.001	-12	10047
8286.001	2	10057
8287.001	-1	10055
8288.001	5	10061
8289.001	5	10062
8290.001	-3	10056
8291.001	-4	10054
8292.001	10	10066
8293.001	-3	10056
8294.001	1	10060
8295.001	-4	10055
8296.001	-4	10054
8297.001	3	10059
8298.001	-2	10055
8299.001	-3	10054
8300.001	4	10060
8301.001	-2	10055
8302.001	-3	10053
8303.001	-2	10054
8304.001	5	10060
8305.001	-7	10049
8306.001	-8	10046
8307.001	6	10058
8308.001	-4	10050
8309.001	1	10054
8310.001	8	10061
8311.001	-5	10050
8312.001	-1	10053
8313.001	0	10053
8314.001	1	10054
8315.001	8	10062
8316.001	-6	10050
8317.001	-2	10052
8318.001	6	10060
8319.001	-5	10051
8320.001	-2	10052
8321.001	7	10060
8322.001	1	10057
8323.001	-1	10055
8324.001	-2	10054
8325.001	5	10060
8326.001	-1	10055
8327.001	5	10061
8328.001	-2	10056
8329.001	-10	10047
8330.001	-2	10052
8331.001	6	10059
8332.001	-5	10050
8333.001	-8	10046
8334.001	7	10058
8335.001	-3	10050
8336.001	-6	10047
8337.001	2	10053
8338.001	-3	10048
8339.001	-3	10047
8340.001	3	10053
8341.001	-1	10049
8342.001	4	10054
8343.001	-2	10049
8344.001	-4	10047
8345.001	4	10054
8346.001	4	10055
8347.001	-2	10050
8348.001	2	10053
8349.001	3	10055
8350.001	-4	10049
8351.001	1	10053
8352.001	-3	10049
8353.001	-4	10047
8354.001	9	10059
8355.001	-2	10051
8356.001	-4	10048
8357.001	-4	10047
8358.001	3	10053
8359.001	5	10055
8360.001	-3	10049
8361.001	9	10060
8362.001	-3	10051
8363.001	-6	10047
8364.001	2	10053
8365.001	3	10055
8366.001	3	10056
8367.001	1	10054
8368.001	8	10062
8369.001	0	10056
8370.001	-2	10054
8371.001	5	10061
8372.001	-1	10056
8373.001	-3	10054
8374.001	-2	10054
8375.001	5	10060
8376.001	-1	10056
8377.001	-3	10053
8378.001	-8	10048
8379.001	5	10058
8380.001	1	10056
8381.001	0	10055
8382.001	-1	10054
8383.001	-1	10054
8384.001	0	10054
8385.001	-6	10048
8386.001	0	10053
8387.001	1	10054
8388.001	2	10055
8389.001	-5	10048
8390.001	1	10053
8391.001	2	10054
8392.001	9	10062
8393.001	-5	10051
8394.001	-1	10053
8395.001	0	10054
8396.001	7	10061
8397.001	-6	10050
8398.001	-2	10052
8399.001	7	10060
8400.001	1	10057
8401.001	-8	10048
8402.001	12	10065
8403.001	-6	10051
8404.001	-3	10052
8405.001	-1	10053
8406.001	7	10061
8407.001	-6	10050
8408.001	-2	10052
8409.001	6	10060
8410.001	1	10057
8411.001	-8	10048
8412.001	-1	10052
8413.001	1	10054
8414.001	1	10054
8415.001	-6	10048
8416.001	7	10059
8417.001	-4	10050
8418.001	0	10053
8419.001	2	10055
8420.001	1	10054
8421.001	1	10055
8422.001	-6	10048
8423.001	1	10053
8424.001	8	10061
8425.001	-5	10050
8426.001	-7	10046
8427.001	8	10059
8428.001	-4	10050
8429.001	1	10054
8430.001	-5	10048
8431.001	-5	10046
8432.001	10	10060
8433.001	-2	10051
8434.001	-5	10047
8435.001	-5	10046
8436.001	10	10059
8437.001	-1	10051
8438.001	2	10054
8439.001	-4	10049
8440.001	2	10053
8441.001	-4	10048
8442.001	-4	10047
8443.001	-3	10047
8444.001	-1	10048
8445.001	12	10060
8446.001	-1	10051
8447.001	-4	10048
8448.001	3	10053
8449.001	-3	10048
8450.001	-3	10047
8451.001	10	10060
8452.001	5	10058
8453.001	-5	10049
8454.001	1	10054
8455.001	-5	10048
8456.001	-5	10046
8457.001	10	10060
8458.001	-2	10051
8459.001	-5	10047
8460.001	2	10053
8461.001	-3	10048
8462.001	3	10053
8463.001	10	10061
8464.001	3	10057
8465.001	-6	10049
8466.001	-1	10052
8467.001	0	10053
8468.001	-5	10048
8469.001	1	10053
8470.001	3	10055
8471.001	3	10056
8472.001	1	10055
8473.001	-6	10048
8474.001	-6	10046
8475.001	-4	10046
8476.001	-3	10046
8477.001	-1	10047
8478.001	-1	10047
8479.001	0	10048
8480.001	0	10048
8481.001	7	10055
8482.001	0	10050
8483.001	-2	10048
8484.001	-2	10047
8485.001	-1	10048
8486.001	-1	10047
8487.001	0	10048
8488.001	0	10048
8489.001	-1	10047
8490.001	0	10048
8491.001	7	10055
8492.001	6	10056
8493.001	5	10057
8494.001	-4	10049
8495.001	1	10053
8496.001	-4	10048
8497.001	-4	10047
8498.001	3	10053
8499.001	5	10056
8500.001	3	10055
8501.001	-4	10049
8502.001	1	10053
8503.001	-4	10048
8504.001	-4	10047
8505.001	-3	10047
8506.001	-9	10040
8507.001	-1	10045
8508.001	2	10048
8509.001	-5	10042
8510.001	2	10047
8511.001	-4	10042
8512.001	9	10053
8513.001	3	10050
8514.001	-5	10043
8515.001	0	10047
8516.001	1	10048
8517.001	1	10048
8518.001	-5	10042
8519.001	1	10047
8520.001	2	10048
8521.001	2	10049
8522.001	1	10048
8523.001	1	10048
8524.001	0	10048
8525.001	-6	10042
8526.001	1	10047
8527.001	1	10047
8528.001	2	10049
8529.001	2	10049
8530.001	0	10048
8531.001	7	10055
8532.001	-6	10044
8533.001	-2	10046
8534.001	0	10047
8535.001	0	10047
8536.001	1	10048
8537.001	0	10048
8538.001	0	10048
8539.001	7	10055
8540.001	0	10050
8541.001	-2	10048
8542.001	-2	10047
8543.001	5	10054
8544.001	-1	10049
8545.001	4	10054
8546.001	-2	10049
8547.001	-3	10047
8548.001	4	10054
8549.001	-1	10050
8550.001	-3	10047
8551.001	-3	10047
8552.001	11	10060
8553.001	-1	10051
8554.001	-4	10048
8555.001	-3	10047
8556.001	4	10054
8557.001	-2	10049
8558.001	3	10053
8559.001	-2	10049
8560.001	-3	10047
8561.001	-9	10041
8562.001	-1	10046
8563.001	1	10048
8564.001	7	10054
8565.001	1	10050
8566.001	-1	10048
8567.001	-1	10048
8568.001	-7	10042
8569.001	-1	10046
8570.001	8	10054
8571.001	-5	10044
8572.001	-7	10040
8573.001	0	10045
8574.001	-3	10042
8575.001	-4	10040
8576.001	4	10047
8577.001	5	10049
8578.001	4	10050
8579.001	2	10049
8580.001	-5	10042
8581.001	0	10046
8582.001	9	10055
8583.001	-5	10044
8584.001	-1	10046
8585.001	-5	10042
8586.001	1	10046
8587.001	-4	10042
8588.001	9	10053
8589.001	3	10050
8590.001	1	10049
8591.001	-7	10041
8592.001	0	10046
8593.001	-5	10041
8594.001	8	10053
8595.001	3	10050
8596.001	1	10049
8597.001	-6	10042
8598.001	-1	10046
8599.001	2	10048
8600.001	1	10048
8601.001	1	10048
8602.001	1	10048
8603.001	1	10049
8604.001	6	10054
8605.001	-6	10044
8606.001	-2	10046
8607.001	-7	10040
8608.001	0	10045
8609.001	-4	10041
8610.001	3	10047
8611.001	4	10049
8612.001	-4	10042
8613.001	-4	10041
8614.001	2	10046
8615.001	4	10048
8616.001	-2	10044
8617.001	2	10047
8618.001	-4	10042
8619.001	-4	10040
8620.001	10	10053
8621.001	-2	10044
8622.001	2	10048
8623.001	2	10048
8624.001	-5	10042
8625.001	2	10047
8626.001	2	10048
8627.001	8	10055
8628.001	-5	10044
8629.001	-1	10046
8630.001	-6	10041
8631.001	1	10046
8632.001	3	10049
8633.001	-4	10043
8634.001	7	10052
8635.001	3	10050
8636.001	0	10048
8637.001	0	10048
8638.001	6	10054
8639.001	-1	10049
8640.001	-8	10042
8641.001	-2	10045
8642.001	-6	10041
8643.001	1	10046
8644.001	9	10054
8645.001	-3	10045
8646.001	-1	10046
8647.001	-5	10042
8648.001	1	10046
8649.001	9	10055
8650.001	2	10050
8651.001	-7	10042
8652.001	-1	10046
8653.001	8	10055
8654.001	1	10050
8655.001	-8	10041
8656.001	-7	10040
8657.001	1	10046
8658.001	-3	10042
8659.001	9	10053
8660.001	-3	10044
8661.001	-5	10041
8662.001	-5	10039
8663.001	4	10047
8664.001	-2	10042
8665.001	4	10048
8666.001	-2	10043
8667.001	3	10047
8668.001	-2	10043
8669.001	-4	10040
8670.001	4	10047
8671.001	11	10055
8672.001	-3	10045
8673.001	-6	10041
8674.001	-6	10039
8675.001	-4	10039
8676.001	-1	10041
8677.001	-1	10041
8678.001	0	10041
8679.001	0	10041
8680.001	13	10054
8681.001	0	10045
8682.001	-4	10041
8683.001	-4	10040
8684.001	-2	10041
8685.001	5	10047
8686.001	-1	10043
8687.002	-3	10041
8688.001	5	10048
8689.001	5	10049
8690.001	-3	10043
8691.001	-4	10041
8692.001	4	10048
8693.001	-3	10042
8694.001	10	10054
8695.001	-2	10045
8696.001	-6	10040
8697.001	-4	10040
8698.001	-4	10039
8699.001	5	10047
8700.001	13	10057
8701.001	-3	10044
8702.001	-5	10042
8703.001	1	10046
8704.001	3	10048
8705.001	-4	10042
8706.001	8	10053
8707.001	3	10050
8708.001	-6	10042
8709.001	-1	10046
8710.001	2	10048
8711.001	-5	10042
8712.001	1	10046
8713.001	3	10049
8714.001	2	10049
8715.001	1	10048
8716.001	-5	10042
8717.001	0	10046
8718.001	2	10048
8719.001	2	10049
8720.001	-5	10042
8721.001	1	10047
8722.001	-4	10042
8723.001	2	10047
8724.001	9	10054
8725.001	-4	10044
8726.002	0	10047
8727.001	-5	10042
8728.001	1	10046
8729.001	2	10048
8730.001	9	10055
8731.001	-5	10044
8732.001	-1	10046
8733.001	1	10048
8734.001	1	10048
8735.001	-6	10042
8736.001	6	10052
8737.001	2	10050
8738.001	0	10048
8739.002	-6	10042
8740.001	-1	10046
8741.001	1	10047
8742.001	8	10055
8743.001	2	10051
8744.001	-1	10049
8745.001	-2	10047
8746.001	-1	10048
8747.002	5	10053
8748.002	0	10050
8749.002	4	10054
8750.001	-2	10049
8751.002	-3	10047
8752.001	-9	10041
8753.002	5	10052
8754.002	1	10049
8755.001	0	10049
8756.002	-1	10048
8757.001	-7	10041
8758.002	0	10046
8759.002	7	10053
8760.001	2	10050
8761.002	-7	10042
8762.002	-1	10046
8763.001	1	10048
8764.001	-5	10042
8765.001	1	10046
8766.001	9	10055
8767.002	3	10051
8768.002	-7	10042
8769.002	-2	10045
8770.001	-5	10042
8771.002	-5	10040
8772.002	9	10053
8773.002	-9	10037
8774.001	-4	10040
8775.001	-2	10040
8776.002	-7	10035
8777.002	-1	10039
8778.002	9	10048
8779.002	2	10044
8780.001	-7	10036
8781.002	-8	10033
8782.002	-5	10033
8783.002	3	10040
8784.002	5	10043
8785.001	-2	10037
8786.002	-4	10034
8787.002	-4	10033
8788.002	-2	10034
8789.002	6	10041
8790.001	6	10043
8791.002	-2	10037
8792.002	2	10040
8793.002	-3	10036
8794.002	2	10040
8795.001	-3	10036
8796.002	-3	10035
8797.002	3	10040
8798.002	5	10043
8799.002	-3	10036
8800.001	-4	10034
8801.002	-4	10033
8802.002	11	10047
8803.002	-1	10038
8804.002	2	10041
8805.001	-4	10036
8806.002	-4	10034
8807.002	9	10046
8808.002	-2	10038
8809.002	2	10041
8810.001	-4	10036
8811.002	-5	10034
8812.002	9	10046
8813.002	-9	10031
8814.002	-5	10032
8815.001	-2	10034
8816.002	0	10035
8817.002	6	10041
8818.002	0	10037
8819.002	-2	10035
8820.002	-2	10034
8821.002	-1	10035
8822.002	-1	10034
8823.002	13	10048
8824.002	0	10039
8825.001	-4	10035
8826.002	-10	10028
8827.002	3	10038
8828.002	0	10036
8829.002	0	10036
8830.001	-1	10035
8831.002	-7	10028
8832.002	6	10039
8833.002	2	10037
8834.002	0	10036
8835.002	-1	10035
8836.002	0	10035
8837.002	6	10041
8838.002	-1	10036
8839.002	-2	10035
8840.002	-2	10034
8841.002	-1	10035
8842.002	0	10035
8843.002	6	10041
8844.002	6	10043
8845.002	-2	10037
8846.002	-4	10034
8847.002	3	10040
8848.002	4	10042
8849.002	-3	10036
8850.001	2	10040
8851.002	-3	10036
8852.002	-4	10034
8853.002	10	10047
8854.002	-2	10038
8855.001	1	10040
8856.002	-4	10036
8857.002	2	10040
8858.002	3	10042
8859.002	9	10049
8860.002	-5	10038
8861.002	-1	10040
8862.002	-6	10035
8863.002	1	10040
8864.002	-4	10035
8865.002	8	10046
8866.002	-3	10038
8867.002	1	10041
8868.002	2	10042
8869.002	-5	10036
8870.002	7	10046
8871.002	-4	10037
8872.001	1	10041
8873.002	-5	10035
8874.002	1	10040
8875.002	-3	10036
8876.002	2	10040
8877.002	10	10049
8878.002	-4	10038
8879.002	0	10041
8880.002	1	10042
8881.002	-6	10035
8882.002	8	10047
8883.002	-4	10037
8884.002	0	10040
8885.002	1	10041
8886.002	-5	10036
8887.002	7	10046
8888.002	-4	10037
8889.002	1	10041
8890.002	1	10041
8891.002	8	10049
8892.002	-6	10037
8893.002	-1	10040
8894.002	0	10041
8895.002	-6	10035
8896.002	7	10046
8897.002	-4	10037
8898.002	1	10041
8899.002	-5	10035
8900.002	8	10047
8901.002	-4	10037
8902.002	1	10041
8903.002	-5	10035
8904.002	1	10040
8905.001	3	10042
8906.002	2	10042
8907.002	-5	10036
8908.002	-5	10034
8909.002	9	10047
8910.001	-3	10037
8911.002	1	10040
8912.002	3	10043
8913.002	2	10043
8914.002	-6	10035
8915.002	-6	10033
8916.002	2	10040
8917.002	-2	10036
8918.002	-3	10035
8919.002	10	10047
8920.002	-1	10039
8921.002	-5	10034
8922.002	2	10040
8923.001	-2	10036
8924.002	-4	10034
8925.002	4	10041
8926.002	-2	10036
8927.002	4	10041
8928.002	4	10042
8929.002	-3	10037
8930.002	-5	10034
8931.002	3	10040
8932.001	4	10042
8933.002	-3	10036
8934.002	2	10040
8935.002	3	10042
8936.002	-4	10036
8937.001	8	10047
8938.001	-3	10038
8939.001	-6	10034
8940.001	1	10039
8941.002	3	10042
8942.002	-4	10036
8943.001	2	10040
8944.002	3	10042
8945.002	-4	10036
8946.002	8	10047
8947.001	-3	10038
8948.002	0	10040
8949.001	-5	10035
8950.001	-5	10034
8951.002	9	10046
8952.001	4	10044
8953.001	-5	10036
8954.002	7	10047
8955.001	2	10044
8956.002	0	10042
8957.001	-7	10035
8958.001	5	10045
8959.001	1	10043
8960.001	-6	10036
8961.001	-1	10039
8962.001	8	10048
8963.001	-5	10037
8964.001	-7	10034
8965.001	0	10039
8966.001	3	10042
8967.001	3	10043
8968.001	-5	10036
8969.001	-5	10034
8970.001	2	10040
8971.001	4	10042
8972.002	4	10043
8973.002	-4	10037
8974.001	-6	10033
8975.001	9	10047
8976.002	4	10044
8977.002	-5	10036
8978.001	-7	10033
8979.001	-5	10033
8980.002	10	10046
8981.002	-1	10038
8982.002	-4	10035
8983.001	-4	10034
8984.002	10	10047
8985.002	-2	10038
8986.002	-4	10035
8987.002	-4	10034
8988.002	-3	10034
8989.002	5	10041
8990.002	-1	10036
8991.001	-2	10035
8992.001	-1	10035
8993.002	-2	10034
8994.002	-7	10028
8995.002	12	10045
8996.002	2	10039
8997.002	-2	10036
8998.002	-2	10035
8999.002	-2	10034
9000.001	-1	10035
9001.002	12	10047
9002.002	-1	10038
9003.002	-3	10036
9004.002	2	10040
9005.002	-2	10036
9006.002	3	10041
9007.002	10	10049
9008.002	-4	10038
9009.002	0	10041
9010.002	1	10042
9011.002	-6	10035
9012.002	7	10046
9013.002	3	10044
9014.002	0	10042
9015.002	6	10048
9016.002	-7	10037
9017.002	-2	10040
9018.002	-7	10034
9019.002	7	10046
9020.002	-4	10037
9021.002	0	10040
9022.002	2	10042
9023.002	2	10043
9024.002	-6	10035
9025.002	7	10046
9026.002	2	10043
9027.002	-6	10036
9028.002	-1	10039
9029.002	1	10041
9030.002	2	10042
9031.002	-5	10036
9032.002	7	10046
9033.002	2	10043
9034.002	0	10042
9035.002	6	10048
9036.001	-7	10037
9037.002	-2	10040
9038.002	6	10047
9039.002	-6	10037
9040.002	-2	10039
9041.002	1	10042
9042.002	1	10042
9043.002	0	10041
9044.002	1	10042
9045.001	-6	10035
9046.002	6	10046
9047.002	-4	10037
9048.002	0	10040
9049.002	1	10041
9050.002	-5	10036
9051.002	7	10046
9052.002	-4	10037
9053.002	-6	10034
9054.002	8	10046
9055.002	4	10045
9056.002	-6	10036
9057.002	0	10040
9058.002	2	10042
9059.002	1	10042
9060.002	1	10042
9061.002	-6	10035
9062.002	7	10046
9063.002	-4	10037
9064.002	-7	10033
9065.002	2	10040
9066.002	-3	10036
9067.002	2	10040
9068.002	4	10042
9069.002	-3	10037
9070.002	2	10041
9071.002	-4	10035
9072.002	2	10040
9073.002	-3	10036
9074.002	3	10041
9075.002	4	10043
9076.002	-4	10036
9077.002	1	10040
9078.002	3	10042
9079.002	3	10043
9080.002	-5	10036
9081.002	0	10039
9082.002	3	10042
9083.002	2	10042
9084.001	-5	10036
9085.002	0	10039
9086.002	9	10048
9087.002	-4	10038
9088.002	-1	10040
9089.002	1	10042
9090.002	1	10042
9091.002	-6	10035
9092.002	-6	10033
9093.002	2	10040
9094.002	-2	10036
9095.002	-3	10035
9096.002	-3	10034
9097.002	5	10041
9098.002	-7	10030
9099.002	-2	10033
9100.002	6	10041
9101.002	1	10037
9102.002	-1	10036
9103.002	-2	10034
9104.002	5	10041
9105.002	-7	10030
9106.002	-9	10026
9107.002	7	10039
9108.002	3	10038
9109.002	-6	10029
9110.002	6	10040
9111.002	1	10036
9112.002	-7	10029
9113.002	0	10034
9114.002	8	10042
9115.002	-5	10031
9116.002	-1	10034
9117.002	0	10034
9118.002	1	10035
9119.002	-5	10030
9120.002	7	10040
9121.002	2	10037
9122.002	0	10036
9123.002	-1	10035
9124.002	0	10035
9125.002	-7	10028
9126.002	0	10033
9127.002	8	10041
9128.002	-5	10031
9129.002	-7	10027
9130.002	1	10033
9131.002	9	10041
9132.002	-3	10032
9133.002	-7	10027
9134.002	8	10040
9135.002	-4	10031
9136.002	-6	10027
9137.002	-5	10027
9138.002	10	10040
9139.002	-1	10032
9140.002	-4	10029
9141.002	2	10034
9142.002	-3	10029
9143.002	3	10034
9144.002	4	10036
9145.002	-3	10030
9146.002	-5	10027
9147.002	3	10034
9148.002	4	10036
9149.002	-3	10030
9150.002	2	10034
9151.002	-4	10029
9152.002	9	10041
9153.002	-3	10031
9154.002	1	10034
9155.002	2	10036
9156.002	-5	10029
9157.002	7	10040
9158.002	-4	10031
9159.002	-6	10028
9160.002	8	10040
9161.002	-3	10031
9162.002	1	10034
9163.002	-5	10029
9164.002	1	10033
9165.002	-3	10029
9166.002	3	10035
9167.002	-3	10029
9168.002	9	10041
9169.002	-3	10031
9170.002	1	10034
9171.002	-11	10023
9172.002	8	10038
9173.002	-2	10031
9174.002	-10	10022
9175.002	9	10038
9176.002	-7	10025
9177.001	4	10034
9178.002	-2	10029
9179.002	5	10035
9180.002	-2	10030
9181.002	10	10041
9182.002	-3	10031
9183.002	-5	10028
9184.002	1	10033
9185.002	-3	10029
9186.002	3	10034
9187.002	-2	10030
9188.002	-4	10028
9189.002	4	10034
9190.002	-2	10030
9191.002	-3	10028
9192.002	5	10035
9193.002	-2	10030
9194.002	10	10041
9195.002	-2	10032
9196.002	-5	10028
9197.002	1	10033
9198.002	4	10036
9199.002	-4	10029
9200.002	2	10034
9201.002	3	10036
9202.002	2	10036
9203.002	2	10036
9204.002	1	10036
9205.002	-6	10029
9206.002	0	10033
9207.002	-5	10028
9208.002	-5	10027
9209.002	-3	10027
9210.002	-2	10027
9211.002	0	10029
9212.002	6	10035
9213.002	-7	10024
9214.002	-2	10027
9215.002	1	10029
9216.002	0	10028
9217.002	1	10029
9218.002	7	10036
9219.002	0	10031
9220.002	4	10035
9221.002	-2	10030
9222.002	-9	10022
9223.002	10	10039
9224.002	-6	10026
9225.002	-3	10027
9226.002	12	10041
9227.002	0	10032
9228.002	2	10034
9229.002	-4	10029
9230.002	-4	10028
9231.002	10	10041
9232.002	-2	10032
9233.002	1	10034
9234.002	-4	10029
9235.002	2	10034
9236.002	3	10036
9237.002	-4	10030
9238.002	1	10033
9239.002	-4	10029
9240.002	-4	10028
9241.002	10	10040
9242.002	-1	10032
9243.002	8	10041
9244.002	-5	10030
9245.002	-6	10028
9246.002	7	10039
9247.002	-3	10031
9248.002	-6	10027
9249.002	9	10041
9250.002	-3	10031
9251.002	1	10034
9252.002	8	10042
9253.002	-5	10031
9254.002	-1	10034
9255.002	1	10035
9256.002	0	10035
9257.002	-5	10030
9258.002	6	10039
9259.002	2	10037
9260.002	1	10036
9261.002	-7	10029
9262.002	12	10046
9263.002	-5	10032
9264.002	-2	10034
9265.002	-1	10034
9266.002	-6	10029
9267.002	0	10033
9268.002	2	10035
9269.002	-4	10030
9270.002	8	10040
9271.002	-4	10031
9272.002	0	10034
9273.002	2	10036
9274.002	-5	10029
9275.002	1	10034
9276.002	2	10035
9277.002	-4	10030
9278.002	1	10033
9279.002	3	10036
9280.002	-4	10030
9281.002	1	10033
9282.002	3	10036
9283.002	-4	10030
9284.002	-5	10027
9285.002	9	10040
9286.002	-2	10032
9287.002	8	10041
9288.002	-5	10030
9289.002	-7	10027
9290.002	8	10040
9291.002	3	10037
9292.002	1	10036
9293.002	-6	10029
9294.002	6	10040
9295.002	-5	10030
9296.002	0	10034
9297.002	1	10035
9298.002	-5	10029
9299.002	-6	10027
9300.002	9	10040
9301.002	-3	10031
9302.002	-5	10028
9303.002	-4	10027
9304.002	11	10041
9305.002	-2	10031
9306.002	-4	10029
9307.002	-4	10028
9308.002	3	10033
9309.002	-1	10030
9310.002	-3	10028
9311.002	4	10034
9312.002	-1	10030
9313.002	-3	10028
9314.002	-2	10028
9315.002	5	10034
9316.002	-7	10024
9317.002	-2	10027
9318.002	-1	10027
9319.002	7	10035
9320.002	1	10031
9321.002	-1	10029
9322.002	5	10035
9323.002	-2	10030
9324.002	-2	10029
9325.002	4	10034
9326.002	4	10036
9327.002	-2	10031
9328.002	-4	10028
9329.002	9	10040
9330.002	-2	10032
9331.002	1	10034
9332.002	-4	10029
9333.002	1	10033
9334.002	4	10036
9335.002	2	10036
9336.002	-5	10029
9337.002	7	10040
9338.002	-3	10032
9339.002	-7	10027
9340.002	-5	10027
9341.002	10	10040
9342.002	4	10037
9343.002	-4	10031
9344.002	0	10033
9345.002	2	10035
9346.002	-5	10029
9347.002	2	10034
9348.002	-4	10029
9349.002	-5	10027
9350.002	4	10034
9351.002	-2	10030
9352.002	-9	10022
9353.002	-2	10026
9354.002	7	10035
9355.002	1	10031
9356.002	-8	10022
9357.002	-1	10027
9358.002	1	10028
9359.002	8	10036
9360.002	7	10037
9361.002	-8	10024
9362.002	-3	10027
9363.002	5	10034
9364.002	0	10030
9365.002	-1	10029
9366.002	-2	10028
9367.002	11	10040
9368.002	-7	10026
9369.002	-4	10027
9370.002	5	10034
9371.002	-7	10024
9372.002	10	10039
9373.002	0	10032
9374.002	-3	10029
9375.002	-3	10028
9376.002	4	10034
9377.002	-2	10029
9378.002	-2	10029
9379.002	-9	10021
9380.002	5	10032
9381.002	2	10031
9382.002	0	10029
9383.002	-1	10028
9384.002	-1	10028
9385.002	0	10029
9386.002	0	10029
9387.002	0	10029
9388.002	6	10035
9389.002	0	10031
9390.002	-2	10029
9391.002	-2	10028
9392.002	5	10034
9393.002	-7	10024
9394.002	-2	10027
9395.002	-1	10027
9396.002	-6	10022
9397.002	8	10034
9398.002	2	10031
9399.002	-6	10023
9400.002	-1	10026
9401.002	-5	10022
9402.002	9	10035
9403.002	-4	10024
9404.002	1	10028
9405.002	-5	10022
9406.002	1	10027
9407.002	-3	10023
9408.002	9	10034
9409.002	-3	10025
9410.002	0	10027
9411.002	-4	10023
9412.002	-5	10021
9413.002	-3	10021
9414.002	10	10033
9415.002	-1	10025
9416.002	-4	10022
9417.002	-4	10021
9418.002	-2	10022
9419.002	-2	10021
9420.002	6	10029
9421.002	0	10024
9422.002	-3	10021
9423.002	-2	10021
9424.002	-1	10022
9425.002	0	10023
9426.002	0	10023
9427.002	12	10035
9428.002	-7	10019
9429.002	3	10027
9430.002	-2	10023
9431.002	-2	10022
9432.002	4	10028
9433.002	-1	10024
9434.002	-3	10022
9435.002	-2	10022
9436.002	-2	10021
9437.002	6	10029
9438.002	-1	10023
9439.001	5	10029
9440.002	-2	10024
9441.002	3	10028
9442.002	4	10030
9443.002	-4	10023
9444.002	2	10028
9445.002	-4	10022
9446.002	-4	10021
9447.002	10	10034
9448.002	-2	10025
9449.002	2	10028
9450.002	-4	10023
9451.002	-5	10021
9452.002	9	10033
9453.002	-1	10026
9454.002	-5	10022
9455.002	-5	10020
9456.002	10	10034
9457.002	-1	10026
9458.002	2	10028
9459.002	-5	10022
9460.002	2	10028
9461.002	10	10036
9462.002	-4	10025
9463.002	-7	10021
9464.002	-6	10020
9465.002	-3	10021
9466.002	11	10034
9467.002	-1	10025
9468.002	2	10028
9469.002	-3	10024
9470.002	-5	10021
9471.002	9	10033
9472.002	-2	10025
9473.002	2	10028
9474.002	-4	10023
9475.002	2	10028
9476.002	2	10028
9477.002	-4	10023
9478.002	2	10028
9479.002	9	10035
9480.002	-4	10025
9481.002	-7	10021
9482.002	1	10027
9483.002	9	10035
9484.002	3	10032
9485.002	-7	10023
9486.002	-1	10027
9487.002	8	10035
9488.002	-6	10024
9489.002	-1	10027
9490.002	-5	10023
9491.002	7	10033
9492.002	-4	10024
9493.002	1	10028
9494.002	-5	10022
9495.002	-5	10021
9496.002	10	10034
9497.002	-3	10024
9498.001	2	10028
9499.002	-4	10023
9500.002	8	10034
9501.002	-4	10024
9502.002	1	10028
9503.002	-5	10022
9504.002	1	10027
9505.002	3	10029
9506.002	-10	10017
9507.002	-5	10019
9508.002	5	10028
9509.002	0	10024
9510.002	-2	10022
9511.002	-2	10021
9512.002	5	10028
9513.002	0	10024
9514.002	-2	10022
9515.002	-2	10022
9516.002	5	10028
9517.002	-1	10024
9518.002	-2	10022
9519.002	-3	10021
9520.002	-1	10022
9521.002	12	10035
9522.002	0	10026
9523.002	-4	10022
9524.002	3	10028
9525.002	-3	10023
9526.002	3	10028
9527.002	4	10030
9528.002	-4	10023
9529.002	-5	10021
9530.002	3	10027
9531.002	5	10030
9532.002	-3	10024
9533.002	-5	10021
9534.002	3	10027
9535.002	4	10029
9536.002	-2	10024
9537.002	-5	10021
9538.002	3	10027
9539.002	5	10030
9540.002	-4	10023
9541.002	-4	10022
9542.002	-3	10021
9543.002	-8	10015
9544.002	11	10032
9545.002	1	10025
9546.002	-8	10017
9547.002	-2	10020
9548.002	6	10028
9549.002	1	10024
9550.002	-1	10023
9551.002	-8	10015
9552.002	-1	10020
9553.002	1	10022
9554.002	2	10023
9555.002	-6	10016
9556.002	-5	10015
9557.002	8	10026
9558.002	5	10026
9559.001	1	10023
9560.002	-6	10017
9561.001	-1	10020
9562.002	8	10028
9563.002	-4	10019
9564.002	-7	10015
9565.002	-6	10014
9566.002	9	10027
9567.002	-2	10018
9568.002	-4	10016
9569.002	2	10021
9570.002	-2	10017
9571.002	9	10028
9572.002	4	10025
9573.002	-6	10017
9574.002	0	10021
9575.002	-5	10016
9576.002	8	10027
9577.002	-3	10019
9578.002	-6	10015
9579.002	-5	10014
9580.002	4	10021
9581.002	5	10024
9582.002	-3	10017
9583.002	-4	10015
9584.002	-4	10014
9585.002	4	10021
9586.002	6	10024
9587.002	-2	10018
9588.002	2	10021
9589.002	-3	10017
9590.002	-4	10015
9591.002	10	10028
9592.002	-2	10019
9593.002	2	10022
9594.002	-5	10016
9595.002	8	10027
9596.002	-3	10019
9597.002	-6	10015
9598.002	-5	10014
9599.002	10	10027
9600.002	-1	10019
9601.002	-5	10015
9602.002	-4	10015
9603.002	10	10027
9604.002	-1	10019
9605.002	-5	10015
9606.002	2	10021
9607.002	4	10023
9608.002	3	10023
9609.002	-5	10016
9610.002	1	10021
9611.002	-4	10016
9612.002	9	10028
9613.002	-3	10019
9614.002	-6	10015
9615.002	2	10021
9616.002	-3	10017
9617.002	9	10028
9618.002	-3	10018
9619.002	1	10021
9620.002	-4	10017
9621.002	8	10028
9622.002	2	10024
9623.002	-6	10017
9624.002	0	10021
9625.002	8	10029
9626.002	2	10025
9627.002	-1	10023
9628.002	-8	10015
9629.002	-1	10020
9630.002	7	10028
9631.002	-4	10019
9632.002	-1	10021
9633.002	7	10028
9634.002	-5	10018
9635.002	-8	10014
9636.002	-6	10014
9637.002	9	10027
9638.002	5	10025
9639.002	-5	10017
9640.002	1	10021
9641.002	1	10022
9642.002	2	10023
9643.002	-5	10017
9644.002	-6	10014
9645.002	-4	10014
9646.002	4	10021
9647.002	-1	10017
9648.002	-3	10015
9649.002	-2	10015
9650.002	5	10022
9651.002	0	10018
9652.002	-3	10015
9653.002	-2	10015
9654.002	-1	10016
9655.002	6	10022
9656.002	-1	10017
9657.002	-8	10010
9658.002	-2	10013
9659.002	7	10022
9660.002	7	10024
9661.002	-1	10018
9662.002	-3	10016
9663.002	-2	10016
9664.002	4	10021
9665.002	5	10023
9666.002	-2	10018
9667.002	-4	10015
9668.002	-3	10015
9669.002	4	10021
9670.002	5	10023
9671.002	-2	10018
9672.002	-11	10008
9673.002	-3	10013
9674.002	0	10015
9675.002	1	10016
9676.002	7	10022
9677.002	1	10018
9678.002	-8	10010
9679.002	-2	10013
9680.002	0	10015
9681.002	2	10017
9682.002	1	10016
9683.002	0	10016
9684.002	1	10017
9685.002	0	10016
9686.002	0	10016
9687.001	6	10022
9688.002	0	10018
9689.002	-2	10016
9690.002	-1	10016
9691.002	-2	10015
9692.002	6	10022
9693.002	-1	10017
9694.002	-2	10016
9695.002	-2	10015
9696.002	-1	10016
9697.002	-1	10015
9698.002	13	10029
9699.002	0	10020
9700.002	-4	10016
9701.002	-4	10015
9702.002	4	10021
9703.002	5	10024
9704.002	-10	10010
9705.002	3	10020
9706.002	-8	10010
9707.002	-2	10014
9708.002	7	10022
9709.002	7	10024
9710.002	-8	10011
9711.002	-3	10014
9712.002	-1	10015
9713.001	6	10022
9714.002	0	10017
9715.002	-1	10016
9716.002	-2	10015
9717.002	6	10023
9718.002	-1	10017
9719.002	-9	10009
9720.002	-2	10013
9721.002	7	10022
9722.002	1	10018
9723.002	-7	10010
9724.002	5	10020
9725.002	1	10018
9726.002	-1	10016
9727.002	-1	10016
9728.002	6	10022
9729.002	-7	10011
9730.002	4	10020
9731.002	7	10024
9732.002	-2	10017
9733.002	-3	10016
9734.002	4	10022
9735.002	-2	10017
9736.002	3	10021
9737.002	-2	10017
9738.002	-4	10015
9739.002	4	10021
9740.002	5	10024
9741.002	-3	10017
9742.002	9	10028
9743.002	-10	10012
9744.002	-6	10013
9745.002	4	10021
9746.002	-2	10016
9747.002	4	10022
9748.002	5	10024
9749.002	-3	10017
9750.002	-5	10015
9751.002	9	10027
9752.002	-2	10019
9753.002	-5	10015
9754.002	3	10022
9755.002	-3	10017
9756.002	9	10028
9757.002	-3	10018
9758.002	1	10021
9759.002	2	10023
9760.002	-5	10016
9761.002	1	10021
9762.002	3	10023
9763.002	-5	10016
9764.002	-5	10015
9765.002	9	10027
9766.002	-2	10019
9767.002	-5	10015
9768.002	3	10022
9769.002	-3	10017
9770.002	3	10022
9771.002	-3	10017
9772.002	-3	10016
9773.002	3	10021
9774.002	-2	10017
9775.002	4	10022
9776.002	-2	10017
9777.002	-4	10015
9778.002	-2	10015
9779.002	4	10021
9780.002	0	10018
9781.002	4	10022
9782.002	-2	10017
9783.002	3	10022
9784.002	-3	10017
9785.002	-3	10016
9786.002	3	10021
9787.002	5	10024
9788.002	-3	10017
9789.002	-4	10015
9790.002	3	10021
9791.001	4	10023
9792.002	-3	10017
9793.002	2	10021
9794.002	3	10023
9795.002	-4	10017
9796.002	2	10022
9797.002	3	10023
9798.002	2	10023
9799.002	-5	10017
9800.002	7	10027
9801.002	-5	10017
9802.002	7	10028
9803.002	-11	10012
9804.002	5	10025
9805.002	-3	10018
9806.002	-5	10015
9807.002	-5	10014
9808.002	-2	10015
9809.002	11	10028
9810.002	0	10020
9811.002	2	10022
9812.002	-4	10016
9813.002	-4	10015
9814.002	3	10021
9815.002	-2	10017
9816.002	3	10021
9817.002	-2	10017
9818.002	3	10022
9819.002	-3	10017
9820.002	-4	10015
9821.002	4	10021
9822.002	-2	10017
9823.002	4	10022
9824.001	-2	10017
9825.002	3	10022
9826.002	-3	10017
9827.001	3	10022
9828.002	-3	10017
9829.002	3	10022
9830.002	-9	10011
9831.002	3	10020
9832.001	-8	10010
9833.002	5	10020
9834.002	-6	10011
9835.002	6	10021
9836.002	-6	10011
9837.002	6	10021
9838.002	0	10017
9839.002	0	10017
9840.002	-8	10009
9841.002	6	10020
9842.002	-5	10011
9843.002	-1	10014
9844.002	8	10022
9845.002	-5	10012
9846.002	-1	10014
9847.002	-6	10009
9848.002	7	10020
9849.002	-3	10012
9850.002	0	10014
9851.002	-5	10009
9852.002	2	10015
9853.002	-10	10004
9854.002	2	10013
9855.002	-1	10010
9856.002	5	10016
9857.002	-2	10010
9858.002	4	10016
9859.002	-2	10011
9860.002	3	10015
9861.002	-3	10010
9862.002	3	10015
9863.002	-3	10010
9864.002	3	10015
9865.002	-3	10010
9866.002	2	10014
9867.002	4	10017
9868.002	-4	10010
9869.002	2	10015
9870.002	-3	10011
9871.002	2	10015
9872.002	3	10016
9873.002	-10	10004
9874.002	2	10013
9875.001	-2	10010
9876.002	5	10016
9877.002	4	10017
9878.002	-3	10011
9879.002	2	10015
9880.002	3	10017
9881.002	-4	10010
9882.002	2	10015
9883.001	-4	10010
9884.002	2	10015
9885.002	3	10016
9886.002	-3	10011
9887.002	1	10014
9888.002	-3	10011
9889.002	-5	10008
9890.002	4	10015
9891.002	-8	10004
9892.002	3	10013
9893.002	0	10011
9894.002	-8	10003
9895.002	5	10013
9896.002	-5	10005
9897.002	-1	10007
9898.002	1	10009
9899.002	2	10010
9900.002	-6	10003
9901.002	1	10008
9902.002	9	10017
9903.002	-11	9999
9904.002	5	10012
9905.002	9	10017
9906.002	1	10012
9907.002	-8	10003
9908.002	-2	10007
9909.002	7	10015
9910.002	-5	10006
9911.002	5	10014
9912.002	-6	10005
9913.002	-1	10008
9914.002	7	10015
9915.002	-5	10006
9916.002	-1	10008
9917.002	1	10010
9918.002	-6	10003
9919.002	0	10007
9920.002	3	10010
9921.002	-11	9997
9922.002	1	10006
9923.002	5	10010
9924.002	-2	10005
9925.002	3	10009
9926.002	3	10010
9927.002	-3	10005
9928.002	1	10008
9929.002	-4	10003
9930.002	-4	10002
9931.002	-3	10002
9932.002	5	10009
9933.002	6	10011
9934.002	-9	9998
9935.002	2	10007
9936.002	5	10010
9937.002	4	10011
9938.002	-3	10005
9939.002	2	10009
9940.002	-4	10004
9941.002	-5	10001
9942.002	3	10008
9943.002	-1	10005
9944.002	3	10008
9945.002	-2	10004
9946.002	-3	10003
9947.002	3	10008
9948.002	-1	10005
9949.002	-3	10002
9950.002	4	10009
9951.002	-1	10005
9952.002	4	10009
9953.002	-9	9998
9954.002	3	10007
9955.002	-1	10004
9956.002	4	10009
9957.002	-7	9999
9958.002	3	10007
9959.002	0	10005
9960.002	5	10010
9961.002	-8	9998
9962.002	-3	10001
9963.002	6	10009
9964.002	7	10012
9965.002	-2	10005
9966.002	3	10009
9967.002	-3	10004
9968.002	3	10009
9969.002	-3	10004
9970.002	3	10009
9971.002	3	10010
9972.002	2	10010
9973.002	-4	10004
9974.002	7	10014
9975.002	3	10012
9976.002	0	10010
9977.002	-1	10009
9978.002	-7	10003
9979.002	-1	10007
9980.002	2	10010
9981.002	2	10010
9982.002	-11	9998
9983.002	0	10005
9984.002	4	10009
9985.002	4	10011
9986.002	-3	10005
9987.002	-5	10002
9988.002	-4	10001
9989.002	4	10008
9990.002	5	10010
9991.002	4	10011
9992.002	-3	10005
9993.002	-5	10002
9994.002	2	10008
9995.002	4	10010
9996.002	3	10011
9997.002	2	10010
9998.002	-12	9997
9999.002	1	10006
10000.002	4	10010
10001.002	-3	10004
10002.002	3	10009
10003.002	3	10010
10004.002	-10	9998
10005.002	2	10007
10006.002	4	10009
10007.002	4	10011
10008.002	3	10011
10009.002	-11	9998
10010.002	1	10006
10011.002	4	10010
10012.002	3	10010
10013.002	3	10011
10014.002	-11	9998
10015.002	-6	9999
10016.002	4	10008
10017.002	6	10011
10018.002	-2	10005
10019.002	-9	9997
10020.002	-4	9999
10021.002	0	10002
10022.002	1	10003
10023.002	-11	9991
10024.002	0	9999
10025.002	4	10003
10026.002	11	10011
10027.002	2	10006
10028.002	-7	9997
10029.002	-1	10001
10030.002	1	10003
10031.002	8	10010
10032.002	1	10006
10033.002	-8	9997
10034.002	5	10007
10035.002	0	10004
10036.002	0	10004
10037.002	5	10009
10038.002	-7	9998
10039.002	-3	10000
10040.002	7	10009
10041.002	0	10005
10042.002	-8	9997
10043.002	-1	10001
10044.002	8	10010
10045.002	1	10005
10046.002	-8	9997
10047.002	-1	10001
10048.002	7	10009
10049.002	1	10005
10050.002	-1	10003
10051.002	-1	10003
10052.002	-1	10003
10053.002	6	10009
10054.002	0	10005
10055.002	-8	9997
10056.002	-2	10001
10057.002	0	10002
10058.002	1	10003
10059.002	-5	9997
10060.002	0	10001
10061.002	2	10003
10062.002	2	10004
10063.002	-4	9998
10064.002	0	10001
10065.002	3	10004
10066.002	-5	9997
10067.002	2	10002
10068.002	3	10004
10069.002	-5	9997
10070.002	8	10008
10071.002	3	10006
10072.002	0	10004
10073.002	-7	9997
10074.002	0	10002
10075.002	8	10010
10076.002	-5	9999
10077.002	-1	10001
10078.002	0	10002
10079.002	2	10004
10080.002	-6	9997
10081.002	7	10008
10082.002	2	10005
10083.002	-6	9998
10084.002	6	10008
10085.002	1	10005
10086.002	-1	10003
10087.002	-7	9997
10088.002	6	10008
10089.002	1	10004
10090.002	0	10004
10091.002	0	10004
10092.002	-1	10003
10093.002	-7	9996
10094.002	6	10007
10095.002	2	10005
10096.002	-6	9998
10097.002	6	10008
10098.002	1	10005
10099.002	-1	10003
10100.002	0	10004
10101.002	-1	10003
10102.002	6	10009
10103.002	6	10011
10104.002	-8	9999
10105.002	2	10007
10106.002	5	10010
10107.002	-8	9999
10108.002	3	10007
10109.002	5	10010
10110.002	4	10011
10111.002	-3	10005
10112.002	1	10008
10113.002	3	10010
10114.002	-4	10004
10115.002	-5	10002
10116.002	-4	10001
10117.002	4	10008
10118.002	-1	10004
10119.002	-2	10003
10120.002	-2	10003
10121.002	-2	10002
10122.002	6	10009
10123.002	-1	10004
10124.002	5	10010
10125.002	-8	9998
10126.002	-4	10000
10127.002	0	10003
10128.002	-7	9996
10129.002	7	10008
10130.002	3	10006
10131.002	-6	9998
10132.002	-1	10001
10133.002	8	10010
10134.002	1	10005
10135.002	6	10010
10136.002	-8	9998
10137.002	-3	10001
10138.002	6	10009
10139.002	7	10012
10140.002	5	10012
10141.002	3	10011
10142.002	-5	10004
10143.002	0	10008
10144.002	-10	9998
10145.002	1	10006
10146.002	6	10011
10147.002	4	10011
10148.002	3	10011
10149.002	2	10011
10150.002	-6	10003
10151.002	0	10008
10152.002	2	10010
10153.002	2	10010
10154.002	-11	9998
10155.002	1	10006
10156.002	-3	10003
10157.002	4	10009
10158.002	4	10010
10159.002	-2	10005
10160.002	2	10009
10161.002	-10	9997
10162.002	2	10006
10163.002	-1	10004
10164.002	-2	10003
10165.002	5	10009
10166.002	-1	10004
10167.002	-2	10003
10168.002	-2	10003
10169.002	5	10009
10170.002	-1	10004
10171.002	-2	10003
10172.002	4	10009
10173.002	5	10011
10174.002	-3	10004
10175.002	3	10009
10176.002	-10	9997
10177.002	2	10006
10178.002	-1	10004
10179.002	5	10010
10180.002	-2	10004
10181.002	4	10009
10182.002	-3	10004
10183.002	-10	9996
10184.002	-2	10001
10185.002	7	10009
10186.002	1	10005
10187.002	-2	10003
10188.002	-1	10003
10189.002	-1	10003
10190.002	0	10003
10191.002	-7	9996
10192.002	0	10001
10193.002	2	10003
10194.002	1	10003
10195.002	2	10004
10196.002	1	10004
10197.002	6	10009
10198.002	1	10006
10199.002	-9	9996
10200.002	-2	10000
10201.002	1	10003
10202.002	1	10003
10203.002	1	10003
10204.002	7	10010
10205.002	1	10006
10206.002	-2	10003
10207.002	-2	10003
10208.002	5	10009
10209.002	-7	9998
10210.002	-3	10000
10211.002	7	10009
10212.002	0	10005
10213.002	-1	10004
10214.002	-2	10002
10215.002	-1	10003
10216.002	6	10009
10217.002	0	10005
10218.002	-2	10003
10219.002	4	10009
10220.002	-1	10005
10221.002	-3	10002
10222.002	-9	9996
10223.002	12	10014
10224.002	1	10006
10225.002	4	10010
10226.002	-3	10004
10227.002	3	10009
10228.002	-3	10004
10229.002	-4	10002
10230.002	4	10009
10231.002	-2	10004
10232.002	3	10008
10233.002	-2	10004
10234.002	3	10009
10235.002	4	10011
10236.002	-4	10004
10237.002	2	10009
10238.002	3	10010
10239.002	-4	10004
10240.002	-5	10002
10241.002	2	10007
10242.002	-2	10004
10243.002	-3	10002
10244.002	4	10009
10245.002	-1	10005
10246.002	-3	10002
10247.002	-2	10003
10248.002	-2	10002
10249.002	-1	10002
10250.002	0	10003
10251.002	13	10016
10252.002	0	10007
10253.002	3	10010
10254.002	-4	10004
10255.002	-5	10002
10256.002	-3	10002
10257.002	-3	10001
10258.002	6	10009
10259.002	0	10005
10260.002	-3	10002
10261.002	-2	10002
10262.002	6	10010
10263.002	6	10011
10264.002	4	10011
10265.002	-5	10003
10266.002	-5	10002
10267.002	-4	10001
10268.002	-2	10002
10269.002	5	10009
10270.002	0	10005
10271.002	4	10009
10272.002	4	10010
10273.002	-3	10005
10274.002	-4	10003
10275.002	-4	10001
10276.002	-2	10002
10277.002	5	10009
10278.002	0	10005
10279.002	-2	10003
10280.002	-9	9996
10281.002	-8	9994
10282.002	8	10007
10283.002	3	10005
10284.002	-4	9999
10285.002	0	10002
10286.002	1	10003
10287.002	2	10004
10288.002	1	10003
10289.002	-6	9997
10290.002	1	10002
10291.002	2	10003
10292.002	8	10010
10293.002	1	10005
10294.002	-1	10004
10295.002	-8	9996
10296.002	6	10008
10297.002	1	10005
10298.002	-7	9997
10299.002	-1	10001
10300.002	1	10003
10301.002	8	10010
10302.002	-5	9999
10303.002	-1	10002
10304.002	0	10002
10305.002	7	10009
10306.002	-5	10000
10307.002	-2	10001
10308.002	0	10002
10309.002	8	10010
10310.002	0	10005
10311.002	-2	10003
10312.002	-1	10003
10313.002	-1	10003
10314.002	-1	10003
10315.002	-1	10002
10316.002	-6	9997
10317.002	6	10007
10318.002	2	10005
10319.002	-6	9998
10320.002	-7	9995
10321.002	1	10001
10322.002	10	10010
10323.002	3	10006
10324.002	-7	9997
10325.002	0	10002
10326.002	1	10003
10327.002	1	10003
10328.002	-5	9997
10329.002	-6	9995
10330.002	-4	9995
10331.002	10	10008
10332.002	-1	10000
10333.002	-4	9997
10334.002	-4	9995
10335.002	3	10001
10336.002	-1	9998
10337.002	4	10003
10338.002	-2	9998
10339.002	9	10008
10340.002	-3	9999
10341.002	-5	9996
10342.002	-5	9995
10343.002	10	10008
10344.002	-1	10000
10345.002	2	10003
10346.002	2	10004
10347.002	1	10003
10348.002	-5	9997
10349.002	-6	9995
10350.002	9	10008
10351.002	-3	9999
10352.002	-5	9996
10353.002	-4	9995
10354.002	4	10002
10355.002	4	10003
10356.002	-2	9999
10357.002	-4	9996
10358.002	9	10008
10359.002	-2	10000
10360.002	-5	9996
10361.002	9	10008
10362.002	-3	9999
10363.002	-6	9995
10364.002	-4	9995
10365.002	10	10008
10366.002	-2	9999
10367.002	2	10003
10368.002	-4	9997
10369.002	2	10002
10370.002	3	10004
10371.002	-4	9998
10372.002	2	10002
10373.002	3	10004
10374.002	2	10004
10375.002	-5	9997
10376.002	-6	9995
10377.002	9	10008
10378.002	-3	9999
10379.002	-5	9996
10380.002	2	10001
10381.002	4	10004
10382.002	3	10004
10383.002	-5	9997
10384.002	-5	9996
10385.002	-4	9995
10386.002	10	10008
10387.002	-1	10000
10388.002	2	10003
10389.002	-10	9991
10390.002	8	10006
10391.002	-1	10000
10392.002	-4	9996
10393.002	-4	9995
10394.002	4	10002
10395.002	-1	9998
10396.002	-9	9990
10397.002	-2	9994
10398.002	1	9997
10399.002	-6	9990
10400.002	8	10002
10401.002	2	9998
10402.002	-6	9991
10403.002	-7	9988
10404.002	2	9995
10405.002	-3	9991
10406.002	3	9996
10407.002	-3	9991
10408.002	-3	9990
10409.002	-3	9989
10410.002	-1	9990
10411.002	-1	9990
10412.002	0	9990
10413.002	0	9990
10414.002	6	9996
10415.002	-1	9991
10416.002	-1	9991
10417.002	-2	9990
10418.002	-1	9990
10419.002	-1	9990
10420.002	6	9996
10421.002	6	9998
10422.002	-2	9992
10423.002	3	9996
10424.002	-3	9991
10425.002	-4	9989
10426.002	3	9995
10427.002	5	9998
10428.002	3	9998
10429.002	-4	9992
10430.002	-6	9988
10431.002	-4	9989
10432.002	5	9996
10433.002	5	9998
10434.002	-3	9991
10435.002	-4	9989
10436.002	-3	9989
10437.002	5	9996
10438.002	-1	9992
10439.002	-3	9990
10440.002	11	10003
10441.002	-2	9993
10442.002	-4	9990
10443.002	-4	9989
10444.002	-3	9989
10445.002	11	10002
10446.002	-1	9993
10447.002	-4	9990
10448.002	-4	9989
10449.002	4	9996
10450.002	-1	9992
10451.002	-3	9990
10452.002	-2	9990
10453.002	5	9996
10454.002	-1	9992
10455.002	-2	9990
10456.002	5	9997
10457.002	-2	9991
10458.002	4	9997
10459.002	-2	9992
10460.002	3	9996
10461.002	-3	9991
10462.002	-4	9989
10463.002	-3	9989
10464.002	-1	9990
10465.002	11	10002
10466.002	-6	9988
10467.002	3	9995
10468.002	-3	9990
10469.002	-9	9983
10470.002	11	10001
10471.002	-5	9988
10472.002	3	9994
10473.002	-7	9985
10474.002	-2	9988
10475.002	13	10003
10476.002	-6	9987
10477.002	-3	9989
10478.002	-1	9990
10479.002	-1	9989
10480.002	0	9990
10481.002	1	9991
10482.002	6	9996
10483.002	-6	9986
10484.002	-3	9987
10485.002	-6	9984
10486.002	1	9989
10487.002	-4	9984
10488.002	2	9989
10489.002	-3	9984
10490.002	-3	9984
10491.002	10	9996
10492.002	-2	9987
10493.001	-5	9983
10494.002	-4	9983
10495.002	-2	9983
10496.002	-2	9983
10497.002	-1	9983
10498.002	6	9990
10499.002	0	9986
10500.002	-8	9978
10501.002	-1	9982
10502.002	-6	9977
10503.002	1	9982
10504.002	-4	9977
10505.002	9	9989
10506.002	-3	9980
10507.002	1	9983
10508.002	-4	9978
10509.002	1	9982
10510.002	9	9990
10511.002	3	9987
10512.002	0	9985
10513.002	-1	9984
10514.002	-8	9977
10515.002	-14	9968
10516.002	-11	9967
10517.002	-1	9974
10518.002	-3	9972
10519.002	9	9983
10520.002	4	9980
10521.002	1	9979
10522.002	0	9978
10523.002	-7	9971
10524.002	0	9976
10525.002	2	9978
10526.002	2	9978
10527.002	1	9978
10528.002	0	9977
10529.002	0	9977
10530.002	7	9984
10531.002	7	9986
10532.002	-8	9973
10533.002	-4	9975
10534.002	4	9982
10535.002	0	9979
10536.002	5	9984
10537.002	-1	9980
10538.002	-3	9977
10539.002	-10	9969
10540.002	5	9981
10541.002	1	9979
10542.002	0	9978
10543.002	-1	9977
10544.002	-1	9977
10545.002	-6	9972
10546.002	0	9976
10547.002	2	9978
10548.002	8	9984
10549.002	1	9980
10550.002	-2	9977
10551.002	-7	9971
10552.002	-1	9975
10553.002	-25	9951
10554.002	-43	9926
10555.002	-36	9920
10556.002	-29	9916
10557.002	-19	9917
10558.002	10	9940
10559.002	27	9960
10560.002	25	9967
10561.002	30	9979
10562.002	22	9980
10563.002	7	9972
10564.002	0	9967
10565.002	-2	9965
10566.002	4	9970
10567.002	5	9972
10568.002	-9	9960
10569.002	2	9968
10570.002	-8	9959
10571.002	5	9969
10572.002	6	9972
10573.002	-7	9961
10574.002	3	9969
10575.002	6	9972
10576.002	-8	9960
10577.002	3	9969
10578.002	5	9972
10579.002	-8	9960
10580.002	-4	9962
10581.002	-1	9964
10582.002	0	9964
10583.002	7	9971
10584.002	-6	9960
10585.002	4	9969
10586.002	7	9973
10587.002	-8	9960
10588.002	3	9969
10589.002	-7	9959
10590.002	5	9969
10591.002	0	9966
10592.002	6	9972
10593.002	-1	9967
10594.002	-3	9964
10595.002	-9	9957
10596.002	4	9968
10597.002	1	9966
10598.002	0	9965
10599.002	-1	9964
10600.002	0	9965
10601.002	-1	9964
10602.002	0	9965
10603.002	7	9972
10604.002	-7	9960
10605.002	5	9970
10606.002	-7	9959
10607.002	5	9969
10608.002	1	9967
10609.002	6	9972
10610.002	-8	9960
10611.002	-3	9962
10612.002	6	9970
10613.002	0	9966
10614.002	-1	9965
10615.002	-2	9964
10616.002	0	9965
10617.002	5	9970
10618.002	0	9967
10619.002	4	9971
10620.002	-2	9966
10621.002	10	9977
10622.002	-3	9967
10623.002	1	9970
10624.002	-5	9965
10625.002	1	9969
10626.002	3	9972
10627.002	-4	9965
10628.002	8	9976
10629.002	-3	9968
10630.002	-6	9964
10631.002	8	9976
10632.002	-4	9966
10633.002	1	9970
10634.002	2	9971
10635.002	2	9972
10636.002	-5	9966
10637.002	-6	9963
10638.002	8	9975
10639.002	4	9974
10640.002	1	9972
10641.002	-6	9965
10642.002	6	9975
10643.002	2	9973
10644.002	0	9972
10645.002	-1	9971
10646.002	-1	9971
10647.002	0	9971
10648.002	-7	9964
10649.002	6	9975
10650.002	3	9974
10651.002	0	9972
10652.002	-1	9971
10653.002	-1	9971
10654.002	-7	9964
10655.002	7	9976
10656.002	2	9973
10657.002	0	9972
10658.002	-1	9971
10659.002	-1	9971
10660.002	0	9971
10661.002	-1	9970
10662.002	-6	9965
10663.002	7	9976
10664.002	8	9979
10665.002	-7	9967
10666.002	-2	9970
10667.002	-1	9970
10668.002	7	9978
10669.002	0	9973
10670.002	5	9978
10671.002	-8	9966
10672.002	-3	9969
10673.002	-1	9970
10674.002	0	9971
10675.002	-6	9965
10676.002	1	9970
10677.002	8	9977
10678.002	2	9974
10679.002	-6	9966
10680.002	-1	9969
10681.002	0	9970
10682.002	8	9978
10683.002	1	9973
10684.002	-8	9965
10685.002	-2	9968
10686.002	1	9971
10687.002	2	9972
10688.002	7	9978
10689.002	0	9973
10690.002	-1	9972
10691.002	-2	9970
10692.002	-1	9971
10693.002	6	9978
10694.002	5	9978
10695.002	5	9980
10696.002	-4	9972
10697.002	1	9976
10698.002	-4	9971
10699.002	-4	9970
10700.002	3	9976
10701.002	4	9978
10702.002	4	9979
10703.002	-4	9972
10704.002	1	9976
10705.002	-4	9971
10706.002	-4	9970
10707.002	3	9976
10708.002	-2	9972
10709.002	4	9977
10710.002	-3	9972
10711.002	3	9977
10712.002	11	9986
10713.002	-4	9974
10714.002	0	9977
10715.002	-6	9971
10716.002	1	9976
10717.002	-4	9971
10718.002	3	9977
10719.002	3	9978
10720.002	-3	9973
10721.002	1	9976
10722.002	3	9978
10723.002	2	9978
10724.002	2	9979
10725.002	-6	9971
10726.002	1	9976
10727.002	2	9978
10728.002	2	9978
10729.002	1	9978
10730.002	0	9977
10731.002	1	9978
10732.002	0	9978
10733.002	0	9978
10734.002	-7	9971
10735.002	0	9975
10736.002	-4	9971
10737.002	2	9976
10738.002	-3	9972
10739.002	3	9977
10740.002	3	9978
10741.002	3	9979
10742.002	2	9979
10743.001	1	9978
10744.002	0	9978
10745.002	-7	9971
10746.002	0	9975
10747.002	2	9977
10748.002	-4	9972
10749.002	1	9976
10750.002	3	9978
10751.002	-4	9972
10752.002	-11	9964
10753.002	2	9974
10754.002	6	9978
10755.002	-13	9961
10756.002	-10	9960
10757.002	-5	9962
10758.002	4	9970
10759.002	-1	9966
10760.002	11	9977
10761.002	4	9974
10762.002	2	9973
10763.002	-6	9966
10764.001	6	9976
10765.002	1	9973
10766.002	-7	9965
10767.002	6	9976
10768.002	1	9973
10769.002	0	9972
10770.002	5	9977
10771.002	0	9973
10772.002	-3	9970
10773.002	4	9976
10774.002	6	9980
10775.002	-9	9966
10776.002	2	9975
10777.002	-2	9971
10778.002	-2	9971
10779.002	5	9977
10780.002	-1	9973
10781.002	-3	9970
10782.002	4	9976
10783.002	-8	9966
10784.002	4	9975
10785.002	0	9972
10786.002	-1	9971
10787.002	5	9977
10788.002	-1	9973
10789.002	4	9977
10790.002	-9	9966
10791.002	3	9975
10792.002	6	9979
10793.002	-8	9967
10794.002	3	9975
10795.002	5	9978
10796.002	-8	9967
10797.002	3	9975
10798.002	-1	9972
10799.002	-2	9971
10800.002	-2	9970
10801.002	5	9977
10802.002	-13	9960
10803.002	-8	9961
10804.002	-5	9962
10805.002	-2	9963
10806.002	0	9965
10807.002	6	9971
10808.002	0	9966
10809.002	-1	9965
10810.002	-2	9964
10811.002	5	9971
10812.002	5	9972
10813.002	4	9973
10814.002	9	9979
10815.002	8	9980
10816.002	5	9980
10817.002	-10	9966
10818.002	1	9974
10819.002	-8	9966
10820.002	-16	9955
10821.002	-6	9960
10822.002	-2	9963
10823.002	13	9977
10824.002	7	9975
10825.002	-3	9967
10826.002	1	9970
10827.002	8	9977
10828.002	-5	9967
10829.002	6	9976
10830.002	1	9973
10831.002	-8	9964
10832.002	-1	9969
10833.002	1	9971
10834.002	-5	9965
10835.002	7	9976
10836.002	-10	9961
10837.002	7	9975
10838.002	4	9974
10839.002	-5	9966
10840.002	0	9969
10841.002	1	9970
10842.002	-4	9966
10843.002	1	9970
10844.002	2	9971
10845.002	-3	9966
10846.002	1	9970
10847.002	-4	9965
10848.002	2	9970
10849.002	4	9972
10850.002	-4	9965
10851.002	9	9977
10852.002	-4	9967
10853.002	-6	9964
10854.002	1	9969
10855.002	-3	9965
10856.002	3	9970
10857.002	3	9971
10858.002	-3	9966
10859.002	-5	9963
10860.002	-3	9964
10861.002	4	9970
10862.002	5	9972
10863.002	-2	9967
10864.002	3	9971
10865.002	-4	9965
10866.002	3	9971
10867.002	3	9972
10868.002	-4	9965
10869.002	2	9970
10870.002	3	9972
10871.002	-4	9966
10872.002	1	9970
10873.002	-4	9965
10874.002	9	9977
10875.002	3	9973
10876.002	-5	9966
10877.002	6	9976
10878.002	-5	9967
10879.002	6	9976
10880.002	-12	9960
10881.002	-1	9967
10882.002	3	9971
10883.002	-3	9966
10884.002	2	9970
10885.002	-9	9960
10886.002	2	9968
10887.002	5	9971
10888.002	-8	9960
10889.002	3	9969
10890.002	6	9972
10891.002	-2	9966
10892.002	3	9971
10893.002	4	9973
10894.002	-4	9966
10895.002	-5	9964
10896.002	2	9969
10897.002	-2	9966
10898.002	10	9977
10899.002	4	9974
10900.002	1	9972
10901.002	-7	9965
10902.002	0	9969
10903.002	-5	9964
10904.002	2	9970
10905.002	3	9972
10906.002	-4	9965
10907.002	2	9970
10908.002	-10	9959
10909.002	9	9975
10910.002	5	9974
10911.002	-10	9960
10912.002	1	9968
10913.002	4	9971
10914.002	-9	9960
10915.002	2	9968
10916.002	-1	9965
10917.002	5	9971
10918.002	-8	9960
10919.002	4	9969
10920.002	5	9971
10921.002	-1	9967
10922.002	9	9977
10923.002	-9	9961
10924.002	1	9969
10925.002	10	9978
10926.002	-4	9967
10927.002	-12	9958
10928.002	-18	9948
10929.002	5	9966
10930.002	10	9972
10931.002	2	9967
10932.002	0	9966
10933.002	5	9971
10934.002	-1	9966
10935.002	10	9977
10936.002	-2	9968
10937.002	1	9970
10938.002	-5	9965
10939.002	2	9970
10940.002	-10	9959
10941.002	8	9974
10942.002	-7	9961
10943.002	9	9975
10944.002	-1	9968
10945.002	-4	9965
10946.002	2	9969
10947.002	-3	9965
10948.002	4	9971
10949.002	4	9972
10950.002	3	9972
10951.002	-5	9965
10952.002	-12	9957
10953.002	-11	9954
10954.002	6	9968
10955.002	3	9967
10956.002	1	9966
10957.002	6	9971
10958.002	6	9973
10959.002	-2	9967
10960.002	3	9971
10961.002	-3	9966
10962.002	2	9970
10963.002	-3	9966
10964.002	-10	9958
10965.002	3	9968
10966.002	0	9966
10967.002	-1	9965
10968.002	6	9971
10969.002	-1	9966
10970.002	4	9971
10971.002	-2	9966
10972.002	-9	9958
10973.002	3	9968
10974.002	1	9967
10975.002	-1	9965
10976.002	-1	9965
10977.002	-1	9964
10978.002	-1	9964
10979.002	6	9971
10980.002	0	9966
10981.002	-1	9965
10982.002	4	9970
10983.002	-1	9966
10984.002	4	9971
10985.002	-2	9966
10986.002	-11	9957
10987.002	4	9968
10988.002	0	9966
10989.002	-1	9965
10990.002	0	9965
10991.002	-20	9945
10992.002	12	9971
10993.002	19	9982
10994.002	1	9970
10995.002	-4	9965
10996.002	9	9977
10997.002	-3	9967
10998.002	1	9970
10999.002	2	9972
11000.002	-5	9965
11001.002	7	9976
11002.002	2	9973
11003.002	0	9972
11004.002	0	9972
11005.002	-1	9971
11006.002	0	9971
11007.002	0	9971
11008.002	0	9971
11009.002	-1	9970
11010.002	0	9971
11011.002	0	9971
11012.002	1	9972
11013.002	0	9971
11014.002	-1	9970
11015.002	0	9971
11016.002	0	9971
11017.002	1	9972
11018.002	0	9971
11019.002	6	9977
11020.002	-7	9966
11021.002	-1	9970
11022.002	0	9971
11023.002	0	9971
11024.002	1	9972
11025.002	0	9971
11026.002	7	9978
11027.002	0	9973
11028.002	-2	9971
11029.002	-2	9970
11030.002	5	9977
11031.002	-1	9972
11032.002	5	9978
11033.002	-3	9972
11034.002	-3	9971
11035.002	-2	9971
11036.002	4	9976
11037.002	6	9979
11038.002	-3	9972
11039.002	3	9977
11040.002	-3	9972
11041.002	2	9976
11042.002	3	9978
11043.002	3	9979
11044.002	-5	9972
11045.002	-5	9970
11046.002	2	9976
11047.002	-2	9972
11048.002	-10	9964
11049.002	-2	9969
11050.002	-6	9964
11051.002	-6	9962
11052.002	-3	9963
11053.002	4	9970
11054.002	0	9967
11055.002	4	9971
11056.002	-2	9966
11057.002	3	9970
11058.002	-3	9965
11059.002	3	9970
11060.002	4	9972
11061.002	-3	9966
11062.002	1	9970
11063.002	-10	9959
11064.002	2	9968
11065.002	-1	9965
11066.002	-1	9965
11067.002	5	9971
11068.002	-2	9965
11069.002	4	9971
11070.002	-2	9966
11071.002	3	9970
11072.002	-9	9959
11073.002	3	9969
11074.002	-1	9965
11075.002	5	9971
11076.002	5	9973
11077.002	3	9972
11078.002	-4	9966
11079.002	1	9970
11080.002	-4	9965
11081.002	-5	9963
11082.002	4	9970
11083.002	4	9972
11084.002	-3	9966
11085.002	3	9971
11086.002	9	9978
11087.002	-4	9968
11088.002	-1	9969
11089.002	1	9971
11090.002	1	9971
11091.002	-12	9959
11092.002	1	9968
11093.002	-3	9964
11094.002	-2	9964
11095.002	-2	9964
11096.002	-1	9964
11097.002	6	9971
11098.002	-1	9966
11099.002	-8	9958
11100.002	4	9968
11101.002	1	9966
11102.002	6	9972
11103.002	-1	9966
11104.002	4	9971
11105.002	-9	9959
11106.002	3	9969
11107.002	-1	9965
11108.002	-1	9965
11109.002	-2	9964
11110.002	-14	9951
11111.002	-1	9960
11112.002	-2	9959
11113.002	4	9964
11114.002	4	9965
11115.002	-3	9960
11116.002	-4	9958
11117.002	3	9963
11118.002	-2	9959
11119.002	3	9964
11120.002	4	9966
11121.002	3	9966
11122.002	-4	9960
11123.002	-6	9957
11124.002	2	9963
11125.002	-2	9959
11126.002	3	9964
11127.002	4	9966
11128.002	3	9966
11129.002	-10	9954
11130.002	0	9961
11131.002	4	9965
11132.002	4	9966
11133.002	3	9966
11134.002	2	9966
11135.002	-6	9959
11136.002	-6	9957
11137.002	1	9962
11138.002	11	9972
11139.002	3	9968
11140.002	0	9966
11141.002	-1	9965
11142.002	-7	9958
11143.002	-1	9962
11144.002	2	9965
11145.002	2	9965
11146.002	-5	9959
11147.002	0	9963
11148.002	3	9966
11149.002	2	9965
11150.002	-6	9958
11151.002	8	9970
11152.002	2	9967
11153.002	-13	9952
11154.002	0	9961
11155.002	3	9964
11156.002	3	9965
11157.002	-3	9960
11158.002	-5	9957
11159.002	2	9963
11160.002	-2	9959
11161.002	3	9964
11162.002	4	9966
11163.002	3	9966
11164.002	-11	9953
11165.002	1	9961
11166.002	-2	9959
11167.002	-9	9951
11168.002	5	9962
11169.002	1	9960
11170.002	-7	9952
11171.002	5	9962
11172.002	1	9960
11173.002	0	9959
11174.002	-1	9958
11175.002	0	9959
11176.002	-7	9952
11177.002	6	9963
11178.002	2	9960
11179.002	-7	9952
11180.002	0	9957
11181.002	1	9958
11182.002	-5	9952
11183.002	1	9957
11184.002	3	9959
11185.002	-4	9953
11186.002	-5	9951
11187.002	3	9957
11188.002	-2	9953
11189.002	3	9957
11190.002	4	9959
11191.002	-4	9953
11192.002	2	9957
11193.002	3	9959
11194.002	-4	9953
11195.002	1	9957
11196.002	3	9959
11197.002	-4	9953
11198.002	1	9957
11199.002	3	9959
11200.002	-4	9953
11201.002	1	9957
11202.002	-3	9953
11203.002	2	9957
11204.002	10	9966
11205.002	-4	9955
11206.002	-1	9956
11207.002	8	9965
11208.002	-5	9955
11209.002	-2	9956
11210.002	1	9958
11211.002	0	9958
11212.002	1	9959
11213.002	-6	9952
11214.002	0	9956
11215.002	-4	9952
11216.002	-4	9951
11217.002	-3	9951
11218.002	-2	9951
11219.002	-14	9938
11220.002	-1	9947
11221.002	4	9952
11222.002	-9	9940
11223.002	3	9949
11224.002	6	9953
11225.002	-8	9941
11226.002	3	9950
11227.002	-8	9940
11228.002	4	9949
11229.002	7	9953
11230.002	-1	9947
11231.002	4	9952
11232.002	-3	9946
11233.002	-4	9944
11234.002	4	9951
11235.002	-2	9946
11236.002	3	9951
11237.002	-2	9947
11238.002	10	9958
11239.002	3	9954
11240.002	-5	9947
11241.002	0	9951
11242.002	-6	9945
11243.002	8	9957
11244.002	-3	9948
11245.002	1	9951
11246.002	-5	9946
11247.002	2	9951
11248.002	-4	9946
11249.002	2	9950
11250.002	-3	9946
11251.002	10	9958
11252.002	-10	9941
11253.002	8	9956
11254.002	-3	9948
11255.002	1	9951
11256.002	-10	9940
11257.002	2	9949
11258.002	5	9953
11259.002	4	9953
11260.002	-10	9940
11261.002	2	9949
11262.002	-2	9946
11263.002	-2	9945
11264.002	4	9951
11265.002	-1	9947
11266.002	11	9959
11267.002	-2	9949
11268.002	1	9951
11269.002	-5	9946
11270.002	-11	9938
11271.002	9	9955
11272.002	0	9948
11273.002	3	9951
11274.002	-3	9946
11275.002	3	9951
11276.002	-3	9946
11277.002	-11	9937
11278.002	4	9949
11279.002	0	9946
11280.002	6	9952
11281.002	-1	9947
11282.002	4	9952
11283.002	-2	9947
11284.002	-4	9944
11285.002	3	9950
11286.002	-1	9947
11287.002	10	9958
11288.002	-9	9942
11289.002	1	9949
11290.002	-3	9945
11291.002	-2	9946
11292.002	4	9951
11293.002	-8	9940
11294.002	-2	9944
11295.002	-7	9938
11296.002	0	9943
11297.002	-10	9933
11298.002	-4	9936
11299.002	5	9944
11300.002	-6	9934
11301.002	5	9944
11302.002	1	9941
11303.002	-1	9939
11304.002	-1	9939
11305.002	-1	9939
11306.002	-1	9938
11307.002	-7	9932
11308.002	7	9944
11309.002	-4	9935
11310.002	6	9944
11311.002	1	9941
11312.002	-7	9933
11313.002	5	9943
11314.002	1	9940
11315.002	0	9940
11316.002	0	9940
11317.002	-8	9932
11318.002	6	9943
11319.002	-4	9935
11320.002	0	9938
11321.002	7	9945
11322.002	-5	9935
11323.002	5	9944
11324.002	1	9941
11325.002	-1	9939
11326.002	5	9945
11327.002	-7	9935
11328.002	-2	9937
11329.002	12	9951
11330.002	-6	9936
11331.002	-3	9938
11332.002	4	9944
11333.002	0	9941
11334.002	-2	9939
11335.002	4	9944
11336.002	-1	9941
11337.002	11	9952
11338.002	-9	9936
11339.002	-5	9937
11340.002	10	9950
11341.002	-2	9941
11342.002	-4	9939
11343.002	3	9945
11344.002	-2	9940
11345.002	-10	9932
11346.002	-3	9936
11347.002	7	9945
11348.002	1	9941
11349.002	-1	9939
11350.002	5	9945
11351.002	-7	9935
11352.002	-3	9936
11353.002	0	9939
11354.002	7	9946
11355.002	1	9942
11356.002	-8	9933
11357.002	4	9943
11358.002	1	9941
11359.002	-1	9939
11360.002	-1	9939
11361.002	6	9945
11362.002	0	9941
11363.002	-2	9939
11364.002	-3	9938
11365.002	12	9952
11366.002	-1	9942
11367.002	-4	9939
11368.002	-4	9938
11369.002	-3	9938
11370.002	11	9951
11371.002	0	9943
11372.002	-4	9939
11373.002	2	9944
11374.002	10	9952
11375.002	-3	9942
11376.002	-6	9939
11377.002	1	9944
11378.002	9	9952
11379.002	-4	9942
11380.002	0	9945
11381.002	-6	9939
11382.002	8	9951
11383.002	-4	9941
11384.002	0	9944
11385.002	-5	9939
11386.002	8	9950
11387.002	3	9948
11388.002	-5	9941
11389.002	-7	9937
11390.002	8	9950
11391.002	3	9948
11392.002	-5	9940
11393.002	0	9944
11394.002	8	9952
11395.002	-5	9941
11396.002	-1	9944
11397.002	-6	9939
11398.002	8	9951
11399.002	-4	9941
11400.002	0	9944
11401.002	-4	9940
11402.002	8	9951
11403.002	-4	9941
11404.002	0	9944
11405.002	8	9952
11406.002	-4	9942
11407.002	-1	9944
11408.002	-6	9939
11409.002	7	9950
11410.002	-4	9941
11411.002	0	9944
11412.002	-5	9939
11413.002	8	9950
11414.002	-3	9942
11415.002	1	9945
11416.002	1	9945
11417.002	2	9947
11418.002	-6	9939
11419.002	0	9943
11420.002	2	9945
11421.002	-4	9940
11422.002	2	9945
11423.002	9	9952
11424.002	2	9948
11425.002	-7	9940
11426.002	-1	9944
11427.002	1	9945
11428.002	-5	9940
11429.002	1	9944
11430.002	-4	9939
11431.002	-11	9931
11432.002	4	9943
11433.002	7	9947
11434.002	5	9947
11435.002	-3	9941
11436.002	2	9945
11437.002	9	9952
11438.002	2	9948
11439.002	-7	9940
11440.002	-1	9944
11441.002	8	9952
11442.002	7	9954
11443.002	-1	9948
11444.002	-3	9945
11445.002	-3	9945
11446.002	-2	9945
11447.002	-1	9945
11448.002	-1	9945
11449.002	0	9945
11450.002	0	9945
11451.002	0	9945
11452.002	0	9945
11453.002	0	9945
11454.002	0	9945
11455.002	0	9945
11456.002	0	9945
11457.002	-6	9939
11458.002	6	9950
11459.002	-4	9941
11460.002	-26	9918
11461.002	-56	9880
11462.002	-4	9916
11463.002	20	9938
11464.002	8	9932
11465.002	8	9935
11466.002	19	9948
11467.002	3	9938
11468.002	4	9940
11469.002	-3	9934
11470.002	-4	9932
11471.002	-4	9931
11472.002	-2	9932
11473.002	-1	9932
11474.002	6	9939
11475.002	0	9935
11476.002	4	9939
11477.002	-2	9934
11478.002	4	9939
11479.002	4	9940
11480.002	-4	9934
11481.002	1	9937
11482.002	9	9946
11483.002	-4	9935
11484.002	0	9938
11485.002	-6	9932
11486.002	1	9937
11487.002	-4	9933
11488.002	3	9939
11489.002	3	9939
11490.002	-3	9934
11491.002	2	9938
11492.002	-4	9933
11493.002	2	9938
11494.002	9	9945
11495.002	3	9942
11496.002	0	9940
11497.002	-1	9939
11498.002	-1	9939
11499.002	-7	9932
11500.002	0	9937
11501.002	2	9939
11502.002	1	9939
11503.002	2	9940
11504.002	0	9939
11505.002	-6	9933
11506.002	1	9938
11507.002	-5	9932
11508.002	8	9944
11509.002	4	9942
11510.002	-6	9933
11511.002	-6	9932
11512.002	1	9937
11513.002	3	9939
11514.002	3	9940
11515.002	2	9940
11516.002	-5	9934
11517.002	-6	9931
11518.002	2	9937
11519.002	-2	9934
11520.002	9	9944
11521.002	-2	9936
11522.002	-6	9931
11523.002	2	9938
11524.002	-3	9933
11525.002	10	9945
11526.002	-3	9935
11527.002	-5	9932
11528.002	2	9938
11529.002	3	9939
11530.002	-4	9933
11531.002	-5	9931
11532.002	-3	9932
11533.002	4	9938
11534.002	6	9941
11535.002	-2	9935
11536.002	-4	9932
11537.002	-10	9925
11538.001	4	9936
11539.002	1	9934
11540.002	-1	9932
11541.002	-13	9920
11542.001	-1	9928
11543.002	-16	9913
11544.002	-66	9858
11545.002	-30	9874
11546.002	-3	9892
11547.002	-2	9892
11548.002	0	9894
11549.002	14	9908
11550.002	0	9898
11551.002	22	9920
11552.002	22	9927
11553.002	28	9939
11554.002	15	9935
11555.002	26	9950
11556.002	2	9934
11557.002	1	9934
11558.002	6	9939
11559.002	-6	9929
11560.002	-2	9931
11561.002	6	9938
11562.002	-6	9928
11563.002	-1	9931
11564.002	0	9932
11565.002	1	9933
11566.002	-6	9926
11567.002	1	9931
11568.002	2	9933
11569.002	-4	9927
11570.002	7	9937
11571.002	-3	9929
11572.002	6	9937
11573.002	-5	9928
11574.002	0	9932
11575.002	-5	9927
11576.002	1	9931
11577.001	2	9932
11578.002	-4	9927
11579.002	2	9932
11580.002	-4	9926
11581.002	-4	9925
11582.002	-3	9925
11583.002	5	9932
11584.002	-1	9928
11585.002	-2	9926
11586.002	-2	9926
11587.002	-8	9919
11588.002	-1	9924
11589.002	-5	9919
11590.002	8	9931
11591.002	4	9929
11592.002	-6	9921
11593.002	7	9932
11594.002	1	9928
11595.002	-7	9920
11596.002	-1	9924
11597.002	8	9933
11598.002	-5	9922
11599.002	-1	9925
11600.002	1	9926
11601.001	-6	9920
11602.002	1	9925
11603.001	9	9933
11604.002	-11	9916
11605.002	6	9930
11606.002	3	9928
11607.001	-6	9920
11608.002	1	9925
11609.001	2	9927
11610.002	-5	9920
11611.002	-6	9918
11612.002	3	9925
11613.002	4	9927
11614.002	-3	9921
11615.002	-11	9912
11616.002	3	9923
11617.002	7	9928
11618.002	-1	9922
11619.002	-10	9913
11620.002	4	9924
11621.002	0	9921
11622.002	6	9927
11623.001	-8	9915
11624.002	-2	9918
11625.001	-1	9919
11626.002	-6	9913
11627.002	7	9925
11628.002	2	9922
11629.002	1	9921
11630.002	-7	9914
11631.002	6	9924
11632.002	1	9921
11633.002	6	9927
11634.002	0	9922
11635.002	-9	9913
11636.002	4	9924
11637.001	0	9921
11638.002	6	9927
11639.002	-8	9915
11640.002	4	9924
11641.001	0	9921
11642.002	4	9925
11643.002	-8	9915
11644.002	4	9924
11645.002	6	9927
11646.002	5	9928
11647.002	-4	9921
11648.001	-4	9920
11649.002	2	9924
11650.002	-2	9921
11651.002	3	9925
11652.002	-2	9921
11653.002	-3	9920
11654.002	3	9925
11655.002	5	9928
11656.002	-3	9921
11657.002	-4	9919
11658.002	-4	9918
11659.002	5	9926
11660.002	5	9927
11661.002	4	9928
11662.002	-4	9921
11663.001	-5	9919
11664.002	-4	9918
11665.002	4	9925
11666.002	-1	9921
11667.002	4	9926
11668.002	4	9927
11669.002	-3	9921
11670.002	2	9926
11671.002	-10	9914
11672.002	2	9923
11673.002	5	9927
11674.002	-2	9921
11675.002	3	9926
11676.002	4	9928
11677.002	-4	9921
11678.002	2	9926
11679.002	3	9927
11680.002	2	9927
11681.002	1	9927
11682.002	-12	9914
11683.002	0	9922
11684.002	4	9926
11685.002	4	9928
11686.002	3	9928
11687.002	2	9928
11688.002	0	9926
11689.002	-6	9920
11690.002	0	9924
11691.002	2	9926
11692.002	2	9927
11693.002	-6	9920
11694.002	1	9925
11695.002	3	9927
11696.002	-5	9920
11697.002	-5	9919
11698.002	-3	9919
11699.002	-3	9918
11700.002	-1	9919
11701.002	0	9920
11702.002	6	9926
11703.002	0	9922
11704.002	-1	9921
11705.002	4	9925
11706.002	-2	9921
11707.002	-2	9920
11708.002	-2	9919
11709.002	-2	9919
11710.002	6	9926
11711.002	-1	9921
11712.002	-2	9920
11713.002	-2	9919
11714.002	-1	9920
11715.002	-1	9919
11716.002	0	9920
11717.002	0	9920
11718.002	7	9927
11719.002	-1	9921
11720.002	-2	9920
11721.002	-2	9919
11722.002	5	9926
11723.002	0	9922
11724.002	4	9926
11725.002	-2	9921
11726.002	3	9926
11727.002	-3	9921
11728.002	3	9926
11729.002	-3	9921
11730.002	3	9926
11731.002	-3	9921
11732.002	3	9926
11733.002	-3	9921
11734.002	3	9926
11735.002	-3	9921
11736.002	3	9926
11737.002	-3	9921
11738.002	-3	9920
11739.002	3	9925
11740.002	5	9928
11741.002	-3	9921
11742.002	2	9925
11743.002	4	9928
11744.002	2	9927
11745.002	1	9927
11746.002	-6	9920
11747.002	1	9925
11748.002	2	9926
11749.002	-5	9920
11750.002	2	9926
11751.002	-4	9920
11752.002	2	9925
11753.002	4	9928
11754.002	-4	9921
11755.002	2	9926
11756.002	2	9926
11757.002	-4	9921
11758.002	2	9926
11759.002	2	9926
11760.002	3	9928
11761.002	1	9927
11762.002	-5	9921
11763.002	0	9924
11764.002	8	9932
11765.002	2	9929
11766.002	-7	9920
11767.002	-1	9924
11768.002	1	9926
11769.002	-5	9920
11770.002	1	9925
11771.002	-4	9920
11772.002	2	9925
11773.002	-3	9921
11774.002	3	9926
11775.002	10	9934
11776.002	3	9930
11777.002	-7	9920
11778.002	-1	9924
11779.002	1	9926
11780.002	1	9926
11781.002	1	9927
11782.002	-6	9920
11783.002	1	9925
11784.002	-4	9920
11785.002	8	9931
11786.002	3	9929
11787.002	0	9927
11788.002	-6	9921
11789.002	0	9925
11790.002	1	9926
11791.002	2	9927
11792.002	1	9927
11793.002	7	9933
11794.002	-6	9922
11795.002	-2	9924
11796.002	0	9926
11797.002	1	9927
11798.002	-6	9920
11799.002	7	9931
11800.002	-4	9922
11801.002	0	9925
11802.002	-5	9920
11803.002	1	9925
11804.002	-4	9920
11805.002	9	9932
11806.002	4	9929
11807.002	-5	9922
11808.002	-1	9924
11809.002	2	9927
11810.002	-5	9920
11811.002	7	9931
11812.002	3	9929
11813.002	-6	9921
11814.002	-1	9924
11815.002	1	9926
11816.002	-5	9920
11817.002	8	9932
11818.002	-4	9922
11819.002	-6	9919
11820.002	2	9925
11821.002	-3	9921
11822.002	9	9932
11823.002	-3	9922
11824.002	-12	9912
11825.002	-4	9917
11826.002	12	9932
11827.002	-6	9917
11828.002	-4	9917
11829.002	-1	9919
11830.002	0	9920
11831.002	12	9932
11832.002	0	9924
11833.002	-3	9921
11834.002	-10	9913
11835.002	3	9923
11836.002	1	9922
11837.002	-1	9920
11838.002	-7	9914
11839.002	5	9923
11840.002	-5	9915
11841.002	0	9918
11842.002	-5	9913
11843.002	8	9925
11844.002	-3	9916
11845.002	0	9918
11846.002	2	9920
11847.002	1	9920
11848.002	1	9920
11849.002	1	9921
11850.002	0	9920
11851.002	7	9927
11852.002	0	9922
11853.002	-3	9919
11854.002	5	9926
11855.002	-2	9921
11856.002	-2	9920
11857.002	4	9925
11858.002	-8	9915
11859.002	-3	9917
11860.002	6	9925
11861.002	7	9928
11862.002	-1	9922
11863.002	3	9926
11864.002	-9	9915
11865.002	2	9923
11866.002	-1	9921
11867.002	-8	9913
11868.002	5	9924
11869.002	0	9921
11870.002	0	9921
11871.002	-1	9920
11872.002	-7	9913
11873.002	6	9924
11874.002	2	9922
11875.002	-7	9914
11876.002	6	9924
11877.002	2	9922
11878.002	6	9927
11879.002	-7	9916
11880.002	-10	9911
11881.002	0	9918
11882.002	-4	9914
11883.002	8	9924
11884.002	-2	9917
11885.002	-12	9906
11886.002	2	9917
11887.002	-1	9914
11888.002	4	9919
11889.002	-7	9909
11890.002	-3	9911
11891.002	0	9913
11892.002	0	9913
11893.002	0	9913
11894.002	-12	9901
11895.002	-6	9903
11896.002	4	9912
11897.002	-7	9902
11898.002	-1	9906
11899.002	6	9912
11900.002	-5	9903
11901.002	-1	9906
11902.002	-7	9899
11903.002	8	9912
11904.002	-4	9903
11905.002	-6	9900
11906.002	-5	9899
11907.002	3	9905
11908.002	-7	9896
11909.002	-3	9898
11910.002	0	9900
11911.002	-6	9894
11912.002	-6	9892
11913.002	-4	9893
11914.002	-2	9893
11915.002	-7	9888
11916.002	5	9898
11917.002	2	9896
11918.002	-13	9882
11919.002	0	9891
11920.002	-3	9888
11921.002	3	9893
11922.002	5	9896
11923.002	-3	9889
11924.002	-4	9887
11925.002	-4	9886
11926.002	-2	9887
11927.002	5	9893
11928.002	-7	9883
11929.002	-2	9886
11930.002	-6	9881
11931.002	0	9885
11932.002	3	9888
11933.002	-4	9882
11934.002	-5	9880
11935.002	3	9887
11936.002	-9	9876
11937.002	4	9886
11938.002	-7	9876
11939.002	-2	9879
11940.002	7	9887
11941.002	-11	9871
11942.002	-1	9878
11943.002	2	9881
11944.002	-4	9875
11945.002	-4	9874
11946.002	-3	9874
11947.002	4	9880
11948.002	-1	9876
11949.002	-8	9869
11950.002	4	9879
11951.002	-6	9870
11952.002	-1	9873
11953.002	8	9882
11954.002	-5	9871
11955.002	-1	9874
11956.002	-6	9868
11957.002	1	9874
11958.002	2	9875
11959.002	-4	9869
11960.002	2	9874
11961.002	-4	9869
11962.002	2	9874
11963.002	4	9876
11964.002	-10	9863
11965.002	2	9872
11966.002	-9	9862
11967.002	5	9873
11968.002	6	9876
11969.002	-7	9865
11970.002	3	9873
11971.002	-7	9863
11972.002	5	9873
11973.002	0	9870
11974.002	-1	9869
11975.002	-1	9869
11976.002	-7	9862
11977.002	5	9872
11978.002	2	9871
11979.002	-6	9863
11980.002	6	9873
11981.002	-5	9864
11982.002	-1	9867
11983.002	-6	9861
11984.002	2	9868
11985.002	-4	9862
11986.002	3	9868
11987.002	-3	9863
11988.002	3	9868
11989.002	10	9876
11990.002	-10	9859
11991.002	6	9872
11992.002	-4	9864
11993.002	2	9869
11994.002	-5	9862
11995.002	2	9868
11996.002	3	9869
11997.002	-4	9863
11998.002	1	9867
11999.002	-3	9863
12000.002	2	9867
12001.002	-3	9863
12002.002	3	9868
12003.002	4	9870
12004.002	-10	9857
12005.002	8	9872
12006.002	-9	9858
12007.002	3	9867
12008.002	-8	9857
12009.002	-3	9859
12010.002	-6	9855
12011.002	7	9867
12012.002	3	9865
12013.002	-6	9857
12014.002	-1	9860
12015.002	-5	9856
12016.002	2	9861
12017.002	-3	9857
12018.002	3	9862
12019.002	3	9863
12020.002	-3	9858
12021.002	1	9861
12022.002	-3	9857
12023.002	-4	9855
12024.002	-3	9855
12025.002	4	9861
12026.002	-1	9857
12027.002	-3	9855
12028.002	5	9862
12029.002	-1	9857
12030.002	-3	9855
12031.002	-8	9849
12032.002	5	9860
12033.002	-6	9850
12034.002	0	9855
12035.002	1	9856
12036.002	2	9857
12037.002	-5	9850
12038.002	-6	9848
12039.002	2	9854
12040.002	-3	9850
12041.002	3	9855
12042.002	-9	9844
12043.002	3	9853
12044.002	0	9851
12045.002	5	9856
12046.002	-8	9844
12047.002	3	9853
12048.002	-6	9845
12049.002	5	9854
12050.002	0	9851
12051.002	-1	9850
12052.002	-1	9849
12053.002	-1	9849
12054.002	6	9856
12055.002	0	9852
12056.002	4	9856
12057.002	-8	9845
12058.002	3	9853
12059.002	5	9856
12060.002	-2	9851
12061.002	4	9856
12062.002	-9	9844
12063.002	2	9853
12064.002	-1	9850
12065.002	5	9856
12066.002	-8	9844
12067.002	3	9853
12068.002	-7	9844
12069.002	5	9854
12070.002	-5	9845
12071.002	-1	9848
12072.002	-6	9843
12073.002	7	9854
12074.002	-10	9839
12075.002	7	9853
12076.002	-9	9839
12077.002	2	9847
12078.002	-2	9844
12079.002	3	9848
12080.002	-2	9844
12081.002	-3	9843
12082.002	4	9849
12083.002	-8	9838
12084.002	4	9847
12085.002	-7	9838
12086.002	5	9848
12087.002	-6	9838
12088.002	6	9848
12089.002	1	9845
12090.002	-1	9843
12091.002	-2	9842
12092.002	-1	9842
12093.002	0	9843
12094.002	0	9843
12095.002	-6	9837
12096.002	6	9847
12097.002	2	9845
12098.002	0	9844
12099.002	-1	9843
12100.002	0	9843
12101.002	-1	9842
12102.002	-6	9837
12103.002	-1	9840
12104.002	-4	9837
12105.002	2	9842
12106.002	-3	9837
12107.002	2	9842
12108.002	4	9844
12109.002	-4	9837
12110.002	2	9842
12111.002	-3	9838
12112.002	9	9849
12113.002	3	9846
12114.002	0	9843
12115.002	-6	9837
12116.002	-1	9841
12117.002	-5	9836
12118.002	9	9849
12119.002	-4	9839
12120.002	1	9842
12121.002	2	9844
12122.002	1	9843
12123.002	1	9844
12124.002	-6	9837
12125.002	7	9848
12126.002	-4	9839
12127.002	0	9842
12128.002	-6	9836
12129.002	2	9842
12130.002	-4	9837
12131.002	3	9843
12132.002	-3	9837
12133.002	2	9842
12134.002	4	9844
12135.002	-10	9831
12136.002	2	9840
12137.002	-2	9837
12138.002	4	9842
12139.002	-1	9839
12140.002	3	9842
12141.002	-9	9831
12142.002	3	9840
12143.002	0	9838
12144.002	4	9842
12145.002	-8	9832
12146.002	4	9841
12147.002	-1	9837
12148.002	-1	9837
12149.002	-2	9836
12150.002	-7	9830
12151.002	6	9841
12152.002	-5	9832
12153.002	0	9835
12154.002	-5	9830
12155.002	2	9836
12156.002	2	9836
12157.002	3	9838
12158.002	-5	9831
12159.002	1	9835
12160.002	-5	9830
12161.002	9	9842
12162.002	3	9839
12163.002	-5	9832
12164.002	-1	9834
12165.002	-4	9831
12166.002	1	9835
12167.002	-3	9831
12168.002	2	9835
12169.002	-3	9831
12170.002	-3	9830
12171.002	-3	9829
12172.002	5	9836
12173.002	-7	9826
12174.002	4	9835
12175.002	-7	9825
12176.002	-1	9829
12177.002	0	9829
12178.002	1	9830
12179.002	1	9831
12180.002	1	9831
12181.002	-6	9824
12182.002	6	9834
12183.002	2	9832
12184.002	-6	9825
12185.002	6	9835
12186.002	-5	9826
12187.002	5	9834
12188.002	-5	9826
12189.002	0	9829
12190.002	0	9829
12191.002	2	9831
12192.002	-6	9824
12193.002	7	9835
12194.002	-4	9826
12195.002	0	9829
12196.002	-5	9824
12197.002	7	9835
12198.002	3	9833
12199.002	-6	9825
12200.002	0	9829
12201.002	-5	9824
12202.002	2	9829
12203.002	-3	9825
12204.002	2	9829
12205.002	-3	9825
12206.002	3	9830
12207.002	-3	9825
12208.002	3	9830
12209.002	-3	9825
12210.002	3	9830
12211.002	-9	9819
12212.002	3	9828
12213.002	5	9831
12214.002	-8	9819
12215.002	3	9828
12216.002	-8	9818
12217.002	-1	9822
12218.002	-6	9817
12219.002	1	9822
12220.002	-11	9811
12221.002	3	9821
12222.002	-7	9812
12223.002	4	9821
12224.002	1	9819
12225.002	-1	9818
12226.002	-7	9811
12227.002	6	9822
12228.002	-5	9813
12229.002	6	9822
12230.002	0	9818
12231.002	-7	9811
12232.002	6	9822
12233.002	-5	9813
12234.002	0	9816
12235.002	0	9816
12236.002	2	9818
12237.002	1	9818
12238.002	0	9817
12239.002	7	9824
12240.002	-7	9812
12241.002	5	9822
12242.002	-6	9813
12243.002	5	9822
12244.002	-6	9813
12245.002	5	9822
12246.002	7	9825
12247.002	-7	9813
12248.002	4	9822
12249.002	-7	9812
12250.002	4	9821
12251.002	0	9819
12252.002	-7	9812
12253.002	5	9821
12254.002	-5	9813
12255.002	6	9822
12256.002	1	9819
12257.002	-7	9812
12258.002	5	9821
12259.002	-5	9813
12260.002	6	9822
12261.002	1	9819
12262.002	-1	9818
12263.002	-1	9817
12264.002	-1	9817
12265.002	6	9824
12266.002	0	9819
12267.002	5	9824
12268.002	10	9831
12269.002	-3	9821
12270.002	0	9823
12271.002	-6	9817
12272.002	1	9822
12273.002	-4	9818
12274.002	3	9823
12275.002	-3	9818
12276.002	9	9829
12277.002	4	9827
12278.002	-6	9818
12279.002	0	9822
12280.002	1	9823
12281.002	2	9825
12282.002	-5	9818
12283.002	0	9822
12284.002	2	9824
12285.002	-4	9818
12286.002	2	9823
12287.002	-11	9811
12288.002	2	9821
12289.002	-1	9818
12290.002	5	9824
12291.002	-1	9819
12292.002	-3	9817
12293.002	4	9823
12294.002	-8	9812
12295.002	3	9821
12296.002	-7	9812
12297.002	6	9823
12298.002	-6	9813
12299.002	5	9822
12300.002	-5	9813
12301.002	5	9822
12302.002	7	9825
12303.002	-7	9813
12304.002	4	9822
12305.002	-7	9812
12306.002	4	9821
12307.002	0	9819
12308.002	6	9825
12309.002	-8	9812
12310.002	4	9822
12311.002	-1	9818
12312.002	5	9824
12313.002	5	9825
12314.002	-9	9813
12315.002	2	9821
12316.002	5	9825
12317.002	-2	9819
12318.002	2	9823
12319.002	-9	9812
12320.002	2	9821
12321.002	6	9825
12322.002	-8	9813
12323.002	3	9822
12324.002	5	9824
12325.002	5	9826
12326.002	-10	9812
12327.002	1	9820
12328.002	-2	9818
12329.002	-2	9817
12330.002	5	9824
12331.002	-1	9819
12332.002	-3	9817
12333.002	-2	9817
12334.002	-1	9817
12335.002	-8	9810
12336.002	6	9822
12337.002	2	9819
12338.002	1	9819
12339.002	-7	9811
12340.002	-1	9815
12341.002	8	9824
12342.002	-5	9813
12343.002	-1	9816
12344.002	1	9817
12345.002	-5	9812
12346.002	1	9816
12347.002	2	9818
12348.002	2	9818
12349.002	-5	9812
12350.002	1	9816
12351.002	-5	9811
12352.002	-4	9810
12353.002	4	9817
12354.002	4	9818
12355.002	-3	9812
12356.002	-4	9810
12357.002	3	9816
12358.002	-2	9812
12359.002	-3	9810
12360.002	4	9817
12361.002	-8	9806
12362.002	-2	9809
12363.002	6	9817
12364.002	0	9813
12365.002	-1	9812
12366.002	-1	9811
12367.002	5	9817
12368.002	-8	9805
12369.002	5	9816
12370.002	0	9813
12371.002	5	9818
12372.002	-8	9806
12373.002	3	9815
12374.002	6	9819
12375.002	5	9819
12376.002	-3	9813
12377.002	-5	9810
12378.002	3	9816
12379.002	4	9818
12380.002	-10	9806
12381.002	2	9815
12382.002	-1	9812
12383.002	-2	9811
12384.002	-2	9810
12385.002	-1	9811
12386.002	6	9817
12387.002	-7	9806
12388.002	-2	9809
12389.002	0	9810
12390.002	1	9811
12391.002	-6	9805
12392.002	1	9810
12393.002	1	9810
12394.002	2	9812
12395.002	2	9812
12396.002	1	9812
12397.002	0	9811
12398.002	7	9818
12399.002	-7	9806
12400.002	5	9816
12401.002	0	9813
12402.002	5	9818
12403.002	-8	9806
12404.002	-3	9809
12405.002	0	9811
12406.002	-13	9798
12407.002	0	9807
12408.002	5	9812
12409.002	-2	9806
12410.002	2	9810
12411.002	4	9812
12412.002	-4	9806
12413.002	2	9810
12414.002	2	9811
12415.002	3	9813
12416.002	-12	9798
12417.002	1	9808
12418.002	4	9811
12419.002	-9	9799
12420.002	3	9809
12421.002	-1	9806
12422.002	5	9811
12423.002	-8	9800
12424.002	3	9808
12425.002	-1	9805
12426.002	-7	9799
12427.002	-2	9802
12428.002	8	9811
12429.002	1	9807
12430.002	-7	9799
12431.002	5	9809
12432.002	1	9806
12433.002	-7	9799
12434.001	5	9809
12435.002	1	9806
12436.002	-6	9799
12437.002	5	9809
12438.002	2	9807
12439.002	-1	9805
12440.002	-7	9798
12441.002	6	9809
12442.002	1	9806
12443.002	-7	9798
12444.002	0	9803
12445.002	8	9811
12446.002	-12	9794
12447.002	6	9808
12448.002	2	9806
12449.002	-5	9799
12450.002	0	9803
12451.002	-4	9799
12452.002	-5	9797
12453.002	3	9803
12454.002	4	9805
12455.002	-9	9793
12456.002	2	9802
12457.002	-1	9799
12458.002	-2	9798
12459.002	-2	9797
12460.002	-1	9798
12461.002	-7	9791
12462.002	7	9803
12463.002	2	9800
12464.002	-7	9792
12465.002	0	9797
12466.002	1	9798
12467.002	1	9798
12468.001	-5	9793
12469.002	1	9797
12470.002	2	9798
12471.002	-4	9793
12472.002	7	9803
12473.002	3	9801
12474.002	-6	9793
12475.002	0	9797
12476.002	1	9798
12477.002	-5	9792
12478.002	1	9797
12479.002	9	9805
12480.002	-4	9795
12481.002	-1	9797
12482.002	-5	9792
12483.002	-5	9791
12484.002	2	9796
12485.002	4	9799
12486.002	3	9799
12487.002	-4	9793
12488.002	2	9798
12489.002	-4	9792
12490.002	-5	9790
12491.002	4	9798
12492.002	-2	9793
12493.002	-3	9791
12494.002	4	9797
12495.002	5	9800
12496.001	-9	9787
12497.002	2	9795
12498.002	5	9799
12499.001	4	9799
12500.002	-10	9787
12501.001	2	9796
12502.001	-2	9792
12503.002	-2	9792
12504.002	-2	9791
12505.002	6	9798
12506.001	-1	9793
12507.002	-9	9785
12508.002	5	9796
12509.002	1	9794
12510.002	-8	9785
12511.002	6	9797
12512.002	1	9793
12513.001	-7	9786
12514.002	-1	9790
12515.001	1	9791
12516.002	8	9799
12517.002	-5	9788
12518.002	-1	9791
12519.002	0	9791
12520.002	7	9798
12521.002	-5	9788
12522.002	5	9797
12523.002	0	9793
12524.001	-8	9785
12525.002	5	9796
12526.002	7	9799
12527.002	0	9795
12528.002	-3	9792
12529.002	4	9798
12530.002	4	9799
12531.002	4	9800
12532.001	-11	9786
12533.001	1	9795
12534.002	5	9799
12535.001	-9	9787
12536.002	3	9796
12537.002	5	9799
12538.002	4	9799
12539.001	-10	9787
12540.001	2	9796
12541.002	5	9799
12542.002	-9	9787
12543.002	2	9795
12544.002	6	9800
12545.002	-8	9787
12546.002	2	9795
12547.002	6	9800
12548.002	-8	9787
12549.002	3	9796
12550.002	-2	9792
12551.002	5	9798
12552.002	-8	9787
12553.002	-3	9789
12554.002	6	9798
12555.002	-6	9787
12556.002	5	9797
12557.002	0	9793
12558.002	5	9798
12559.002	-7	9788
12560.002	-3	9789
12561.002	6	9798
12562.002	-6	9787
12563.001	-1	9791
12564.002	6	9797
12565.002	1	9794
12566.002	-7	9786
12567.001	5	9796
12568.002	6	9799
12569.002	-7	9788
12570.002	-2	9790
12571.001	5	9797
12572.001	-6	9787
12573.002	5	9797
12574.002	0	9793
12575.002	-7	9786
12576.002	5	9796
12577.002	1	9793
12578.002	-7	9786
12579.002	0	9791
12580.002	-6	9785
12581.002	-5	9784
12582.002	3	9790
12583.002	5	9793
12584.002	-3	9787
12585.002	2	9791
12586.002	3	9792
12587.002	-4	9786
12588.002	2	9791
12589.002	9	9799
12590.002	-4	9788
12591.002	-1	9790
12592.002	1	9792
12593.002	1	9792
12594.002	-6	9786
12595.001	1	9791
12596.002	2	9792
12597.002	-11	9780
12598.002	1	9788
12599.002	5	9793
12600.002	4	9793
12601.002	-4	9786
12602.002	2	9791
12603.002	-4	9786
12604.002	3	9792
12605.002	3	9792
12606.002	-10	9780
12607.002	1	9788
12608.002	-1	9787
12609.002	4	9791
12610.002	4	9793
12611.002	-9	9781
12612.002	2	9789
12613.002	-8	9780
12614.002	-2	9783
12615.002	-13	9772
12616.002	-5	9776
12617.002	-8	9771
12618.002	-19	9758
12619.002	-5	9766
12620.002	-11	9759
12621.002	3	9769
12622.002	13	9780
12623.002	18	9789
12624.002	15	9792
12625.002	8	9789
12626.002	-2	9781
12627.002	9	9792
12628.002	3	9789
12629.002	0	9786
12630.002	-8	9778
12631.002	6	9790
12632.002	-5	9781
12633.002	-1	9783
12634.002	-5	9779
12635.002	2	9785
12636.002	9	9792
12637.002	-4	9782
12638.002	-7	9778
12639.002	1	9784
12640.002	-3	9780
12641.002	-4	9778
12642.002	10	9791
12643.002	-2	9782
12644.002	-4	9779
12645.002	-4	9778
12646.002	3	9784
12647.002	-2	9780
12648.002	4	9785
12649.002	5	9787
12650.002	-3	9781
12651.002	-5	9778
12652.002	9	9790
12653.002	-2	9782
12654.002	-5	9778
12655.001	2	9784
12656.002	-3	9780
12657.002	3	9785
12658.002	-9	9774
12659.002	-10	9770
12660.002	6	9783
12661.002	-4	9775
12662.002	7	9784
12663.002	-5	9775
12664.002	-7	9771
12665.002	1	9777
12666.002	-3	9773
12667.002	3	9778
12668.002	-2	9774
12669.002	9	9785
12670.002	-3	9775
12671.002	1	9778
12672.002	-5	9773
12673.002	1	9777
12674.002	-3	9774
12675.002	2	9778
12676.002	-3	9773
12677.002	3	9778
12678.002	-2	9774
12679.002	3	9779
12680.002	3	9780
12681.002	-4	9773
12682.002	2	9778
12683.002	-10	9767
12684.002	2	9776
12685.002	-1	9773
12686.002	5	9779
12687.002	-2	9774
12688.002	4	9779
12689.002	-9	9767
12690.002	3	9777
12691.002	5	9779
12692.002	-1	9775
12693.002	3	9779
12694.002	-3	9774
12695.002	-4	9772
12696.002	-3	9771
12697.002	5	9779
12698.002	5	9780
12699.001	-8	9769
12700.002	-4	9770
12701.002	-2	9771
12702.002	0	9772
12703.002	0	9772
12704.002	1	9773
12705.002	7	9780
12706.002	-7	9768
12707.002	-2	9771
12708.002	7	9779
12709.002	0	9774
12710.002	-8	9766
12711.002	-20	9752
12712.002	-6	9760
12713.002	-6	9758
12714.002	3	9765
12715.002	4	9767
12716.002	10	9774
12717.002	2	9769
12718.002	-1	9767
12719.002	-1	9767
12720.002	-2	9765
12721.002	-7	9760
12722.002	6	9771
12723.002	2	9768
12724.002	6	9773
12725.002	-7	9762
12726.002	4	9771
12727.002	-7	9761
12728.002	12	9778
12729.002	7	9776
12730.002	9	9780
12731.002	-5	9769
12732.002	5	9778
12733.002	0	9774
12734.002	5	9779
12735.002	-8	9768
12736.002	-3	9770
12737.002	6	9778
12738.002	1	9775
12739.002	-2	9772
12740.002	-1	9773
12741.002	5	9779
12742.002	-1	9774
12743.002	-9	9766
12744.002	-2	9770
12745.002	7	9778
12746.002	2	9776
12747.002	-8	9766
12748.002	5	9777
12749.002	1	9774
12750.002	6	9780
12751.002	-1	9774
12752.002	-9	9766
12753.002	-2	9770
12754.002	7	9779
12755.002	1	9775
12756.002	-1	9773
12757.002	-2	9772
12758.002	-1	9772
12759.002	6	9779
12760.002	0	9775
12761.002	-2	9773
12762.002	-9	9765
12763.002	5	9776
12764.002	1	9774
12765.002	7	9780
12766.002	-1	9774
12767.002	4	9779
12768.002	-2	9774
12769.002	2	9778
12770.002	-3	9773
12771.002	3	9778
12772.002	4	9780
12773.002	-10	9767
12774.002	-4	9770
12775.002	4	9777
12776.002	0	9774
12777.002	4	9778
12778.002	-1	9775
12779.002	3	9778
12780.002	-3	9773
12781.002	3	9778
12782.002	4	9780
12783.002	-3	9774
12784.002	1	9778
12785.002	3	9780
12786.002	-4	9774
12787.002	-5	9772
12788.002	2	9777
12789.002	-2	9774
12790.002	-3	9772
12791.002	10	9784
12792.002	-1	9776
12793.002	2	9779
12794.002	-4	9773
12795.002	-5	9771
12796.002	-3	9772
12797.002	4	9778
12798.002	-1	9774
12799.002	-3	9772
12800.002	5	9779
12801.002	-1	9774
12802.002	4	9779
12803.002	4	9780
12804.002	2	9779
12805.002	2	9780
12806.002	-5	9774
12807.002	0	9777
12808.002	2	9779
12809.002	8	9786
12810.002	2	9782
12811.002	-1	9780
12812.002	-2	9778
12813.002	-1	9779
12814.002	-1	9779
12815.002	6	9785
12816.002	0	9781
12817.002	-2	9779
12818.002	-2	9778
12819.001	-1	9779
12820.002	5	9785
12821.002	0	9781
12822.002	-2	9779
12823.002	5	9785
12824.002	-2	9780
12825.002	-3	9778
12826.002	-8	9772
12827.002	11	9789
12828.002	1	9782
12829.002	-2	9780
12830.002	4	9785
12831.002	5	9787
12832.002	-4	9780
12833.002	2	9785
12834.002	3	9786
12835.002	-4	9780
12836.002	8	9791
12837.002	-4	9781
12838.002	7	9791
12839.002	1	9787
12840.002	-7	9779
12841.002	6	9790
12842.002	1	9787
12843.002	6	9792
12844.002	-1	9787
12845.002	3	9791
12846.002	-2	9787
12847.002	3	9791
12848.002	-3	9786
12849.002	3	9791
12850.002	-3	9786
12851.002	-10	9778
12852.002	4	9789
12853.002	0	9786
12854.002	6	9792
12855.002	-8	9780
12856.002	4	9790
12857.002	-7	9780
12858.002	5	9790
12859.002	-6	9780
12860.002	6	9791
12861.002	-6	9780
12862.002	-7	9778
12863.002	1	9784
12864.002	3	9786
12865.002	2	9786
12866.002	2	9786
12867.002	1	9786
12868.002	1	9786
12869.002	0	9786
12870.002	0	9786
12871.002	0	9786
12872.002	0	9786
12873.002	0	9786
12874.002	0	9786
12875.002	-6	9780
12876.002	6	9790
12877.001	-4	9782
12878.002	6	9790
12879.002	-5	9781
12880.002	-1	9784
12881.002	-5	9779
12882.002	7	9790
12883.002	-4	9781
12884.002	7	9791
12885.002	-4	9782
12886.002	-1	9784
12887.002	8	9792
12888.002	-6	9781
12889.002	6	9791
12890.002	-6	9781
12891.002	-1	9784
12892.002	0	9785
12893.002	1	9786
12894.002	1	9786
12895.002	7	9792
12896.002	0	9787
12897.002	-8	9779
12898.002	4	9789
12899.002	-5	9781
12900.002	5	9790
12901.002	-5	9781
12902.002	6	9791
12903.002	0	9786
12904.002	-7	9779
12905.002	6	9790
12906.002	1	9787
12907.002	-7	9779
12908.002	5	9789
12909.002	-12	9774
12910.002	6	9788
12911.002	4	9788
12912.002	-5	9780
12913.002	6	9790
12914.002	-4	9782
12915.002	6	9790
12916.001	2	9788
12917.002	-8	9779
12918.002	6	9790
12919.002	1	9787
12920.002	-7	9779
12921.002	-1	9783
12922.002	1	9785
12923.002	2	9786
12924.002	1	9786
12925.002	0	9785
12926.002	-6	9779
12927.002	0	9783
12928.002	9	9792
12929.002	-4	9782
12930.002	-1	9784
12931.002	-6	9779
12932.002	1	9784
12933.002	3	9786
12934.002	-5	9779
12935.002	2	9785
12936.002	3	9786
12937.002	9	9793
12938.002	-5	9782
12939.002	5	9790
12940.002	0	9787
12941.002	-8	9779
12942.002	6	9790
12943.002	7	9793
12944.002	6	9794
12945.002	-9	9781
12946.002	2	9789
12947.002	11	9799
12948.001	4	9795
12949.002	0	9792
12950.002	-7	9785
12951.002	0	9790
12952.002	8	9798
12953.002	2	9795
12954.002	-8	9785
12955.002	5	9796
12956.002	7	9799
12957.002	0	9795
12958.002	-9	9786
12959.002	4	9796
12960.002	0	9793
12961.002	5	9798
12962.002	-1	9794
12963.002	-9	9785
12964.002	4	9796
12965.002	0	9793
12966.002	0	9793
12967.002	-1	9792
12968.002	-1	9791
12969.002	6	9798
12970.002	6	9800
12971.002	4	9800
12972.002	-3	9794
12973.002	-5	9791
12974.002	-5	9790
12975.002	4	9797
12976.002	-1	9793
12977.002	-2	9792
12978.002	-2	9791
12979.002	-2	9791
12980.002	-7	9785
12981.002	0	9790
12982.002	2	9792
12983.002	2	9793
12984.002	1	9792
12985.002	-6	9786
12986.002	7	9797
12987.002	-11	9781
12988.002	0	9789
12989.002	4	9793
12990.002	3	9793
12991.002	2	9793
12992.002	1	9792
12993.002	1	9793
12994.002	0	9792
12995.002	-6	9786
12996.002	6	9796
12997.002	2	9794
12998.002	0	9792
12999.002	6	9798
13000.002	0	9794
13001.002	-2	9792
13002.002	-9	9785
13003.002	-2	9789
13004.002	1	9791
13005.002	2	9793
13006.002	1	9792
13007.002	0	9792
13008.002	1	9793
13009.002	-13	9779
13010.002	1	9789
13011.001	4	9792
13012.002	-3	9786
13013.002	2	9791
13014.002	4	9793
13015.002	-4	9786
13016.001	2	9791
13017.002	2	9792
13018.002	-10	9780
13019.002	1	9788
13020.002	5	9793
13021.002	4	9793
13022.002	3	9793
13023.002	-5	9786
13024.002	1	9791
13025.002	2	9792
13026.002	2	9793
13027.002	-5	9786
13028.002	-6	9784
13029.002	2	9790
13030.002	-2	9787
13031.002	-3	9785
13032.002	-3	9784
13033.002	5	9791
13034.002	-7	9781
13035.001	4	9790
13036.002	-6	9781
13037.002	-1	9784
13038.002	0	9785
13039.002	1	9786
13040.002	1	9786
13041.002	1	9786
13042.002	0	9786
13043.002	0	9786
13044.002	0	9786
13045.002	0	9786
13046.002	0	9786
13047.002	6	9792
13048.002	0	9787
13049.002	-2	9785
13050.002	5	9792
13051.002	-1	9787
13052.002	3	9791
13053.002	4	9793
13054.002	-3	9787
13055.002	-5	9784
13056.002	-3	9785
13057.002	4	9791
13058.002	-1	9787
13059.002	-3	9785
13060.002	5	9792
13061.002	5	9793
13062.002	-3	9787
13063.002	2	9791
13064.002	-3	9786
13065.002	-4	9785
13066.002	3	9790
13067.002	5	9793
13068.002	-3	9787
13069.002	2	9791
13070.002	-3	9786
13071.002	2	9791
13072.002	-3	9786
13073.002	-3	9785
13074.002	3	9790
13075.002	5	9793
13076.002	-3	9787
13077.002	-4	9785
13078.002	3	9791
13079.002	4	9793
13080.002	-3	9787
13081.002	2	9791
13082.002	3	9792
13083.002	3	9793
13084.002	-5	9786
13085.002	1	9791
13086.002	-4	9786
13087.002	2	9791
13088.002	9	9798
13089.002	2	9794
13090.002	-6	9787
13091.002	-1	9790
13092.002	-6	9785
13093.002	2	9791
13094.002	3	9792
13095.002	2	9792
13096.002	2	9793
13097.002	-5	9787
13098.002	0	9790
13099.002	-5	9785
13100.002	2	9791
13101.002	-3	9786
13102.002	-3	9785
13103.002	3	9790
13104.001	-2	9786
13105.002	-2	9786
13106.002	-3	9784
13107.002	-1	9785
13108.002	-1	9785
13109.002	13	9799
13110.002	6	9795
13111.002	-4	9787
13112.002	-6	9784
13113.002	-4	9784
13114.002	-3	9784
13115.002	5	9791
13116.002	6	9794
13117.002	-2	9787
13118.002	-4	9785
13119.002	3	9791
13120.002	-2	9787
13121.002	-3	9785
13122.002	4	9791
13123.002	5	9793
13124.002	-3	9787
13125.002	-5	9784
13126.002	-3	9784
13127.002	-2	9784
13128.002	-1	9785
13129.002	7	9793
13130.002	-1	9787
13131.002	-2	9785
13132.002	-8	9779
13133.002	-1	9783
13134.002	-6	9778
13135.002	2	9784
13136.002	3	9786
13137.002	3	9787
13138.002	-5	9780
13139.002	1	9784
13140.002	-4	9779
13141.002	9	9791
13142.002	3	9788
13143.002	0	9786
13144.002	-6	9780
13145.002	-1	9783
13146.002	2	9786
13147.002	8	9792
13148.002	-5	9782
13149.002	-1	9784
13150.002	0	9785
13151.002	-6	9779
13152.002	1	9784
13153.002	8	9791
13154.002	-4	9782
13155.002	6	9791
13156.002	-6	9780
13157.002	0	9785
13158.002	0	9785
13159.002	14	9799
13160.002	-5	9784
13161.001	3	9790
13162.002	-9	9779
13163.002	-2	9784
13164.002	0	9785
13165.002	7	9792
13166.001	0	9787
13167.002	-1	9786
13168.002	-8	9779
13169.002	5	9789
13170.002	1	9787
13171.002	0	9786
13172.002	6	9792
13173.002	-1	9787
13174.002	-3	9785
13175.002	-2	9785
13176.002	6	9792
13177.002	5	9793
13178.002	4	9793
13179.002	-4	9787
13180.002	-5	9784
13181.002	3	9791
13182.002	4	9793
13183.002	3	9793
13184.002	-5	9786
13185.002	8	9797
13186.002	-4	9788
13187.002	6	9797
13188.002	-5	9787
13189.002	-7	9784
13190.002	7	9796
13191.002	-3	9788
13192.001	1	9791
13193.001	8	9798
13194.002	-5	9788
13195.002	0	9791
13196.002	7	9798
13197.002	-6	9787
13198.002	-2	9790
13199.001	7	9798
13200.002	-5	9788
13201.002	-1	9791
13202.002	0	9791
13203.002	-6	9785
13204.002	7	9796
13205.002	3	9795
13206.002	0	9792
13207.002	6	9798
13208.002	0	9794
13209.002	4	9798
13210.002	-3	9792
13211.002	-3	9792
13212.002	-3	9791
13213.002	-1	9792
13214.002	-8	9784
13215.002	6	9796
13216.002	2	9794
13217.002	-6	9786
13218.002	6	9797
13219.002	-12	9780
13220.002	6	9795
13221.002	-4	9787
13222.002	2	9791
13223.002	2	9792
13224.002	-4	9787
13225.002	-5	9784
13226.002	9	9797
13227.002	-3	9788
13228.002	-5	9785
13229.002	2	9790
13230.002	-3	9786
13231.002	3	9791
13232.002	-8	9781
13233.002	-4	9782
13234.002	12	9797
13235.002	0	9789
13236.002	-3	9786
13237.002	3	9791
13238.002	-2	9787
13239.002	-4	9784
13240.002	4	9791
13241.002	-1	9787
13242.002	-3	9785
13243.002	4	9791
13244.002	-2	9786
13245.002	4	9792
13246.002	-2	9787
13247.002	-10	9778
13248.002	4	9789
13249.002	0	9786
13250.002	-1	9785
13251.002	-1	9785
13252.001	-7	9779
13253.002	6	9790
13254.002	2	9788
13255.002	0	9786
13256.002	-1	9785
13257.002	-1	9785
13258.002	7	9793
13259.002	0	9788
13260.002	4	9792
13261.002	-2	9787
13262.002	3	9791
13263.002	-3	9786
13264.002	-4	9784
13265.002	4	9791
13266.002	-8	9780
13267.002	4	9790
13268.002	-1	9786
13269.002	-1	9786
13270.002	5	9791
13271.002	-1	9787
13272.002	4	9792
13273.002	-8	9781
13274.002	-4	9782
13275.002	6	9791
13276.002	0	9787
13277.001	-8	9779
13278.002	5	9790
13279.002	1	9787
13280.002	6	9792
13281.002	-1	9787
13282.001	3	9791
13283.002	-2	9787
13284.002	-10	9778
13285.002	10	9795
13286.002	-6	9782
13287.001	4	9790
13288.002	-1	9787
13289.002	4	9791
13290.002	-2	9787
13291.001	-3	9785
13292.001	4	9791
13293.002	-1	9787
13294.002	3	9791
13295.002	-2	9787
13296.002	-3	9785
13297.001	3	9790
13298.002	-1	9787
13299.002	3	9791
13300.001	-2	9787
13301.001	3	9791
13302.001	-9	9780
13303.002	2	9788
13304.002	-1	9786
13305.002	5	9792
13306.002	-7	9781
13307.001	3	9789
13308.002	0	9787
13309.002	5	9792
13310.002	-8	9781
13311.002	3	9789
13312.001	-1	9786
13313.002	-1	9786
13314.002	5	9791
13315.002	-7	9781
13316.002	4	9790
13317.002	-7	9780
13318.002	5	9790
13319.001	0	9786
13320.002	6	9792
13321.002	-7	9781
13322.001	3	9789
13323.002	-7	9780
13324.002	5	9790
13325.002	1	9787
13326.002	5	9792
13327.001	-1	9787
13328.002	3	9791
13329.002	-2	9787
13330.002	3	9791
13331.002	-3	9786
13332.001	3	9791
13333.002	-3	9786
13334.002	3	9791
13335.002	-3	9786
13336.002	-3	9785
13337.001	10	9797
13338.002	-2	9788
13339.002	1	9791
13340.002	-4	9786
13341.002	8	9797
13342.001	-3	9788
13343.002	1	9791
13344.002	1	9792
13345.002	2	9793
13346.002	-6	9786
13347.001	1	9791
13348.002	-4	9786
13349.002	1	9790
13350.002	4	9793
13351.002	2	9792
13352.001	2	9793
13353.001	-12	9780
13354.002	0	9788
13355.002	-2	9786
13356.002	4	9791
13357.001	-8	9781
13358.002	3	9789
13359.002	-1	9786
13360.002	5	9792
13361.002	5	9793
13362.002	-9	9781
13363.002	2	9789
13364.002	-7	9781
13365.002	4	9790
13366.002	-7	9780
13367.002	5	9790
13368.002	-5	9781
13369.002	-1	9784
13370.002	1	9785
13371.002	1	9786
13372.001	1	9786
13373.002	1	9786
13374.001	-6	9780
13375.002	6	9790
13376.001	-5	9781
13377.002	0	9784
13378.002	8	9792
13379.002	-5	9781
13380.001	-1	9784
13381.002	-6	9779
13382.001	8	9791
13383.001	-4	9781
13384.001	0	9784
13385.002	-5	9779
13386.002	2	9785
13387.002	9	9792
13388.002	-4	9782
13389.001	0	9785
13390.001	-6	9779
13391.001	1	9784
13392.001	-4	9779
13393.001	3	9785
13394.001	-3	9780
13395.001	2	9784
13396.001	-2	9781
13397.001	3	9785
13398.001	3	9786
13399.001	-3	9781
13400.001	1	9784
13401.001	-3	9780
13402.001	-4	9778
13403.001	-4	9777
13404.002	5	9785
13405.001	-1	9780
13406.001	4	9785
13407.001	-2	9780
13408.002	3	9785
13409.001	-2	9781
13410.002	3	9785
13411.002	4	9787
13412.001	2	9786
13413.002	2	9787
13414.002	-6	9779
13415.001	7	9790
13416.002	-5	9781
13417.001	7	9791
13418.001	1	9787
13419.001	-7	9779
13420.001	6	9790
13421.002	-6	9780
13422.001	0	9784
13423.001	8	9792
13424.002	1	9788
13425.001	-2	9785
13426.001	-1	9785
13427.001	-1	9785
13428.001	-7	9779
13429.001	6	9790
13430.001	8	9794
13431.001	-6	9782
13432.001	4	9790
13433.001	-1	9786
13434.002	-2	9785
13435.002	-8	9778
13436.001	6	9790
13437.001	-5	9781
13438.002	6	9790
13439.001	1	9787
13440.001	-1	9785
13441.001	0	9786
13442.001	-1	9785
13443.001	-1	9785
13444.001	0	9786
13445.001	0	9786
13446.002	0	9786
13447.001	0	9786
13448.002	0	9786
13449.002	0	9786
13450.001	0	9786
13451.001	6	9792
13452.001	-6	9781
13453.001	4	9790
13454.001	7	9794
13455.001	-8	9781
13456.002	-3	9783
13457.001	-8	9778
13458.001	7	9790
13459.002	2	9787
13460.001	-6	9780
13461.001	6	9790
13462.001	2	9788
13463.001	-7	9779
13464.002	5	9789
13465.001	1	9787
13466.001	0	9786
13467.001	-1	9785
13468.001	0	9786
13469.001	-7	9779
13470.001	6	9790
13471.001	2	9788
13472.001	-7	9779
13473.001	6	9790
13474.002	-5	9781
13475.001	0	9784
13476.001	7	9791
13477.001	-5	9781
13478.001	-1	9784
13479.001	1	9786
13480.001	1	9786
13481.001	-6	9779
13482.001	7	9790
13483.001	2	9788
13484.001	-7	9779
13485.001	0	9784
13486.001	-5	9779
13487.001	7	9790
13488.001	4	9789
13489.001	-6	9780
13490.001	0	9784
13491.001	-5	9779
13492.001	1	9784
13493.001	9	9792
13494.001	-3	9783
13495.001	0	9785
13496.001	1	9786
13497.001	0	9785
13498.001	7	9792
13499.001	1	9788
13500.001	-1	9786
13501.001	4	9791
13502.001	-2	9786
13503.001	4	9792
13504.001	-8	9781
13505.001	3	9789
13506.001	5	9792
13507.001	-8	9781
13508.001	10	9796
13509.001	-1	9788
13510.001	2	9791
13511.001	3	9793
13512.001	-4	9787
13513.001	1	9790
13514.001	-10	9780
13515.001	8	9795
13516.001	-1	9788
13517.001	-4	9785
13518.001	3	9791
13519.001	5	9794
13520.001	-10	9780
13521.001	-4	9783
13522.001	-2	9784
13523.001	0	9785
13524.001	6	9791
13525.001	-6	9781
13526.001	5	9790
13527.001	0	9787
13528.001	-7	9780
13529.001	-1	9784
13530.001	-6	9778
13531.001	1	9784
13532.001	-3	9780
13533.001	2	9784
13534.001	4	9787
13535.001	-3	9781
13536.001	1	9784
13537.001	-3	9780
13538.001	2	9784
13539.001	3	9786
13540.001	-4	9780
13541.001	2	9785
13542.001	-10	9773
13543.001	3	9783
13544.001	5	9786
13545.001	-2	9781
13546.001	3	9785
13547.001	4	9787
13548.001	-10	9774
13549.001	1	9782
13550.001	5	9786
13551.001	4	9787
13552.001	-10	9774
13553.001	1	9782
13554.001	5	9786
13555.001	4	9787
13556.001	-4	9780
13557.001	2	9785
13558.001	2	9785
13559.001	2	9786
13560.001	-4	9781
13561.001	0	9783
13562.001	2	9785
13563.001	2	9786
13564.001	-4	9781
13565.001	0	9783
13566.001	3	9786
13567.001	1	9785
13568.001	-5	9780
13569.001	1	9784
13570.001	3	9786
13571.001	-5	9779
13572.001	1	9784
13573.001	3	9786
13574.001	2	9786
13575.001	-4	9781
13576.001	0	9783
13577.001	2	9785
13578.001	2	9786
13579.001	-4	9781
13580.001	0	9783
13581.001	2	9785
13582.001	3	9787
13583.001	-5	9780
13584.001	0	9783
13585.001	2	9785
13586.001	2	9786
13587.001	2	9787
13588.001	1	9786
13589.001	-7	9779
13590.001	1	9784
13591.001	2	9786
13592.001	1	9785
13593.001	2	9787
13594.001	-12	9773
13595.001	0	9782
13596.001	4	9786
13597.001	-3	9780
13598.001	3	9785
13599.001	4	9787
13600.001	2	9786
13601.001	-11	9774
13602.001	1	9782
13603.001	4	9786
13604.001	-3	9780
13605.001	3	9785
13606.001	-3	9780
13607.001	3	9785
13608.001	4	9787
13609.001	-4	9780
13610.001	-5	9778
13611.001	2	9783
13612.001	5	9787
13613.001	3	9786
13614.001	2	9786
13615.001	-5	9780
13616.001	-6	9777
13617.001	2	9784
13618.001	4	9786
13619.001	3	9786
13620.001	2	9786
13621.001	-5	9780
13622.001	1	9784
13623.001	2	9786
13624.001	-5	9779
13625.001	2	9785
13626.001	2	9785
13627.001	2	9786
13628.001	2	9787
13629.001	-12	9773
13630.001	6	9788
13631.001	4	9787
13632.001	2	9787
13633.001	-5	9780
13634.001	0	9784
13635.001	-11	9773
13636.001	2	9782
13637.001	5	9786
13638.001	5	9788
13639.001	2	9786
13640.001	2	9787
13641.001	-6	9779
13642.001	-6	9777
13643.001	-4	9778
13644.001	4	9784
13645.001	5	9787
13646.001	4	9787
13647.001	2	9786
13648.001	-11	9774
13649.001	0	9782
13650.001	4	9786
13651.001	4	9787
13652.001	2	9786
13653.001	-4	9781
13654.001	1	9784
13655.001	2	9786
13656.001	1	9785
13657.001	2	9787
13658.001	-6	9779
13659.001	0	9783
13660.001	-4	9779
13661.001	2	9784
13662.001	-3	9780
13663.001	-4	9778
13664.001	-3	9778
13665.001	5	9785
13666.001	-1	9780
13667.001	4	9785
13668.001	-2	9780
13669.001	-3	9779
13670.001	4	9785
13671.001	5	9787
13672.001	-9	9774
13673.001	2	9783
13674.001	5	9786
13675.001	4	9787
13676.001	-4	9780
13677.001	1	9784
13678.001	3	9786
13679.001	2	9786
13680.001	-4	9781
13681.001	0	9783
13682.001	3	9786
13683.001	-5	9779
13684.001	1	9784
13685.001	-3	9780
13686.001	-5	9777
13687.001	4	9785
13688.001	5	9787
13689.001	-10	9773
13690.001	2	9782
13691.001	5	9786
13692.001	-1	9782
13693.001	-4	9778
13694.001	-3	9778
13695.001	-2	9778
13696.001	6	9786
13697.001	5	9786
13698.001	-8	9775
13699.001	-4	9776
13700.001	5	9784
13701.001	0	9781
13702.001	-2	9779
13703.001	-1	9779
13704.001	5	9785
13705.001	0	9781
13706.001	-3	9778
13707.001	-2	9778
13708.001	5	9785
13709.001	-7	9774
13710.001	4	9783
13711.001	6	9786
13712.001	-1	9781
13713.001	3	9785
13714.001	-2	9781
13715.001	2	9784
13716.001	-3	9780
13717.001	-4	9778
13718.001	4	9785
13719.001	-2	9780
13720.001	4	9785
13721.001	-2	9781
13722.001	-4	9778
13723.001	4	9785
13724.001	-2	9780
13725.001	-3	9778
13726.001	-2	9778
13727.001	5	9785
13728.001	-1	9780
13729.001	-2	9779
13730.001	-2	9778
13731.001	5	9785
13732.001	0	9781
13733.001	-3	9778
13734.001	4	9784
13735.001	6	9788
13736.001	4	9787
13737.001	-5	9780
13738.001	1	9784
13739.001	-4	9779
13740.001	2	9784
13741.001	-3	9780
13742.001	3	9785
13743.001	-10	9773
13744.001	-3	9777
13745.001	5	9784
13746.001	1	9781
13747.001	5	9786
13748.001	-8	9774
13749.001	3	9783
13750.001	-1	9780
13751.001	5	9785
13752.001	-1	9781
13753.001	-3	9779
13754.001	4	9785
13755.001	5	9787
13756.001	-4	9779
13757.001	9	9791
13758.001	-3	9782
13759.001	-6	9778
13760.001	8	9790
13761.001	3	9788
13762.001	-5	9781
13763.001	0	9784
13764.001	1	9785
13765.001	1	9785
13766.001	2	9787
13767.001	0	9785
13768.001	-6	9779
13769.001	1	9784
13770.001	2	9786
13771.001	-5	9779
13772.001	1	9784
13773.001	-3	9780
13774.001	2	9784
13775.001	3	9786
13776.001	3	9787
13777.001	2	9787
13778.001	1	9786
13779.001	-6	9780
13780.001	-1	9783
13781.001	2	9785
13782.001	2	9786
13783.001	2	9787
13784.001	-6	9779
13785.001	0	9783
13786.001	3	9786
13787.001	-11	9773
13788.001	1	9782
13789.001	4	9785
13790.001	4	9787
13791.001	-3	9781
13792.001	-11	9772
13793.001	3	9783
13794.001	6	9786
13795.001	-2	9780
13796.001	-3	9779
13797.001	-9	9772
13798.001	5	9783
13799.001	1	9781
13800.001	-7	9773
13801.001	-1	9777
13802.001	2	9779
13803.001	8	9786
13804.001	-12	9768
13805.001	-1	9776
13806.001	2	9779
13807.001	3	9780
13808.001	-5	9773
13809.001	1	9778
13810.001	3	9780
13811.001	-4	9774
13812.001	-5	9772
13813.001	2	9777
13814.001	4	9780
13815.001	4	9781
13816.001	-11	9767
13817.001	1	9776
13818.001	5	9780
13819.001	4	9781
13820.001	-11	9767
13821.001	2	9776
13822.001	5	9780
13823.001	4	9781
13824.001	-4	9774
13825.001	-5	9772
13826.001	2	9777
13827.001	4	9780
13828.001	-9	9768
13829.001	2	9776
13830.001	-1	9774
13831.001	4	9778
13832.001	-2	9774
13833.001	-9	9766
13834.001	-2	9770
13835.001	7	9779
13836.001	-6	9768
13837.001	-1	9771
13838.001	7	9779
13839.001	1	9775
13840.001	-1	9773
13841.001	-1	9773
13842.001	5	9779
13843.001	6	9781
13844.001	4	9781
13845.001	-11	9767
13846.001	1	9776
13847.001	-2	9773
13848.001	4	9778
13849.001	-8	9768
13850.001	-3	9770
13851.001	6	9778
13852.001	7	9781
13853.001	-2	9774
13854.001	-3	9773
13855.001	3	9778
13856.001	11	9787
13857.001	4	9783
13858.001	-7	9773
13859.001	-1	9777
13860.001	8	9786
13861.001	-5	9775
13862.001	5	9784
13863.001	7	9787
13864.001	-1	9781
13865.001	-3	9779
13866.001	3	9784
13867.001	5	9787
13868.001	-3	9780
13869.001	2	9785
13870.001	3	9786
13871.001	-4	9780
13872.001	1	9784
13873.001	3	9786
13874.001	-4	9780
13875.001	1	9784
13876.001	9	9792
13877.001	3	9789
13878.001	-7	9780
13879.001	-1	9784
13880.001	1	9785
13881.001	-6	9779
13882.001	1	9784
13883.001	3	9786
13884.001	2	9786
13885.001	-5	9780
13886.001	1	9784
13887.001	9	9792
13888.001	2	9788
13889.001	-13	9774
13890.001	-2	9781
13891.001	-3	9779
13892.001	3	9784
13893.001	-2	9780
13894.001	3	9785
13895.001	-9	9774
13896.001	3	9783
13897.001	6	9787
13898.001	-8	9775
13899.001	3	9783
13900.001	5	9786
13901.001	-2	9781
13902.001	3	9785
13903.001	4	9787
13904.001	-4	9780
13905.001	1	9784
13906.001	9	9792
13907.001	-4	9782
13908.001	0	9785
13909.001	1	9786
13910.001	7	9792
13911.001	-6	9781
13912.001	-1	9784
13913.001	0	9785
13914.001	1	9786
13915.001	0	9785
13916.001	1	9786
13917.001	0	9786
13918.001	0	9786
13919.001	-7	9779
13920.001	1	9784
13921.001	8	9792
13922.001	2	9788
13923.001	-7	9780
13924.001	5	9790
13925.001	7	9793
13926.001	-7	9781
13927.001	4	9790
13928.001	-1	9786
13929.001	5	9792
13930.001	-2	9787
13931.001	-3	9785
13932.001	4	9791
13933.001	-8	9780
13934.001	-3	9783
13935.001	6	9791
13936.001	-5	9782
13937.001	-2	9783
13938.001	1	9786
13939.001	-6	9779
13940.001	-6	9777
13941.001	3	9784
13942.001	-3	9779
13943.001	4	9785
13944.001	4	9787
13945.001	3	9787
13946.001	-5	9780
13947.001	1	9784
13948.001	2	9785
13949.001	-4	9780
13950.001	2	9785
13951.001	2	9785
13952.001	2	9786
13953.001	-5	9780
13954.001	-5	9778
13955.001	2	9784
13956.001	-2	9780
13957.001	3	9785
13958.001	4	9787
13959.001	3	9787
13960.001	-5	9780
13961.001	1	9784
13962.001	2	9785
13963.001	-4	9780
13964.001	1	9784
13965.001	9	9792
13966.001	3	9789
13967.001	-7	9780
13968.001	-1	9784
13969.001	1	9785
13970.001	1	9786
13971.001	-6	9779
13972.001	7	9790
13973.001	3	9788
13974.001	0	9786
13975.001	-7	9779
13976.001	-1	9783
13977.001	8	9792
13978.001	-5	9781
13979.001	6	9791
13980.001	-5	9781
13981.001	5	9790
13982.001	7	9793
13983.001	-1	9788
13984.001	-3	9785
13985.001	-3	9784
13986.001	5	9791
13987.001	-1	9787
13988.001	-2	9786
13989.001	10	9797
13990.001	-8	9782
13991.001	2	9790
13992.001	4	9792
13993.001	4	9793
13994.001	-4	9787
13995.001	2	9791
13996.001	-4	9786
13997.001	-5	9784
13998.001	3	9790
13999.001	-2	9786
14000.001	4	9792
14001.001	-8	9781
14002.001	3	9789
14003.001	-1	9786
14004.001	-2	9785
14005.001	-2	9784
14006.001	6	9792
14007.001	-7	9781
14008.001	4	9790
14009.001	0	9787
14010.001	-1	9786
14011.001	5	9791
14012.001	-1	9787
14013.001	4	9792
14014.001	-8	9781
14015.001	3	9789
14016.001	-1	9786
14017.001	-8	9779
14018.001	5	9790
14019.001	0	9786
14020.001	6	9792
14021.001	0	9788
14022.001	4	9792
14023.001	-9	9780
14024.001	3	9789
14025.001	5	9792
14026.001	5	9794
14027.001	-4	9786
14028.001	2	9791
14029.001	3	9793
14030.001	-11	9780
14031.001	1	9788
14032.001	5	9793
14033.001	4	9793
14034.001	3	9793
14035.001	2	9793
14036.001	0	9792
14037.001	-6	9786
14038.001	0	9790
14039.001	2	9792
14040.001	-5	9786
14041.001	2	9791
14042.001	2	9792
14043.001	-4	9786
14044.001	2	9791
14045.001	2	9792
14046.001	3	9793
14047.001	-5	9786
14048.001	0	9790
14049.001	3	9793
14050.001	-5	9786
14051.001	2	9791
14052.001	3	9793
14053.001	-5	9786
14054.001	1	9790
14055.001	-10	9779
14056.001	3	9789
14057.001	5	9792
14058.001	-8	9781
14059.001	3	9789
14060.001	-1	9786
14061.001	-1	9786
14062.001	-2	9785
14063.001	-1	9785
14064.001	-1	9785
14065.001	6	9792
14066.001	7	9794
14067.001	-9	9780
14068.001	3	9790
14069.001	-1	9787
14070.001	4	9791
14071.001	4	9793
14072.001	-3	9787
14073.001	2	9791
14074.001	3	9792
14075.001	3	9793
14076.001	2	9793
14077.001	-6	9786
14078.001	0	9790
14079.001	2	9792
14080.001	-5	9786
14081.001	2	9791
14082.001	-4	9786
14083.001	-4	9785
14084.001	3	9790
14085.001	-2	9786
14086.001	-2	9786
14087.001	-3	9784
14088.001	-1	9785
14089.001	6	9792
14090.001	-7	9781
14091.001	-2	9784
14092.001	0	9785
14093.001	-6	9779
14094.001	0	9783
14095.001	-4	9779
14096.001	3	9785
14097.001	3	9786
14098.001	-3	9781
14099.001	1	9784
14100.001	-10	9773
14101.001	3	9783
14102.001	-1	9780
14103.001	4	9785
14104.001	-1	9781
14105.001	-3	9779
14106.001	4	9785
14107.001	-9	9773
14108.001	4	9783
14109.001	0	9780
14110.001	-1	9779
14111.001	-2	9778
14112.001	-1	9779
14113.001	6	9785
14114.001	0	9781
14115.001	5	9786
14116.001	-2	9781
14117.001	3	9785
14118.001	-10	9773
14119.001	3	9783
14120.001	6	9787
14121.001	-2	9781
14122.001	3	9785
14123.001	-3	9780
14124.001	3	9785
14125.001	3	9786
14126.001	3	9787
14127.001	-4	9781
14128.001	0	9783
14129.001	-4	9779
14130.001	2	9784
14131.001	3	9786
14132.001	-4	9780
14133.001	2	9785
14134.001	-3	9780
14135.001	2	9784
14136.001	-3	9780
14137.001	9	9791
14138.001	10	9795
14139.001	-5	9783
14140.001	-3	9783
14141.001	-6	9779
14142.001	6	9789
14143.001	2	9787
14144.001	-6	9780
14145.001	0	9784
14146.001	-5	9779
14147.001	8	9791
14148.001	3	9788
14149.001	-6	9780
14150.001	0	9784
14151.001	-5	9779
14152.001	1	9784
14153.001	9	9792
14154.001	-3	9783
14155.001	6	9791
14156.001	-5	9781
14157.001	5	9790
14158.001	0	9786
14159.001	-1	9785
14160.001	6	9792
14161.001	-1	9787
14162.001	-2	9786
14163.001	-2	9785
14164.001	-2	9784
14165.001	-1	9785
14166.001	0	9786
14167.001	0	9786
14168.001	0	9786
14169.001	0	9786
14170.001	-6	9780
14171.001	6	9790
14172.001	2	9788
14173.001	0	9786
14174.001	12	9798
14175.001	-7	9783
14176.001	8	9796
14177.001	-8	9782
14178.001	2	9790
14179.001	-2	9786
14180.001	3	9791
14181.001	-2	9787
14182.001	3	9791
14183.001	-2	9787
14184.001	3	9791
14185.001	-3	9786
14186.001	3	9791
14187.001	-9	9780
14188.001	3	9789
14189.001	5	9792
14190.001	-8	9781
14191.001	3	9789
14192.001	-8	9779
14193.001	5	9790
14194.001	1	9787
14195.001	5	9792
14196.001	-7	9781
14197.001	3	9789
14198.001	-1	9786
14199.001	-1	9786
14200.001	-1	9785
14201.001	-1	9785
14202.001	-7	9779
14203.001	6	9790
14204.001	-5	9781
14205.001	0	9784
14206.001	-5	9779
14207.001	8	9791
14208.001	-3	9782
14209.001	0	9784
14210.001	-5	9779
14211.001	8	9791
14212.001	-3	9782
14213.001	0	9784
14214.001	-5	9779
14215.001	8	9791
14216.001	-3	9782
14217.001	0	9784
14218.001	-5	9779
14219.001	2	9785
14220.001	-4	9779
14221.001	3	9785
14222.001	-3	9780
14223.001	3	9785
14224.001	-3	9780
14225.001	3	9785
14226.001	-3	9780
14227.001	-4	9778
14228.001	4	9785
14229.001	-9	9773
14230.001	4	9783
14231.001	0	9780
14232.001	5	9785
14233.001	-1	9781
14234.001	3	9785
14235.001	-2	9781
14236.001	3	9785
14237.001	-3	9780
14238.001	9	9791
14239.001	-3	9782
14240.001	1	9785
14241.001	-5	9779
14242.001	-5	9778
14243.001	3	9784
14244.001	-2	9780
14245.001	4	9785
14246.001	-2	9781
14247.001	3	9785
14248.001	-3	9780
14249.001	3	9785
14250.001	-3	9780
14251.001	2	9784
14252.001	4	9787
14253.001	3	9787
14254.001	2	9787
14255.001	-6	9779
14256.001	7	9790
14257.001	-11	9775
14258.001	0	9782
14259.001	10	9792
14260.001	3	9788
14261.001	0	9786
14262.001	-7	9779
14263.001	6	9790
14264.001	-5	9781
14265.001	6	9790
14266.001	-5	9781
14267.001	6	9791
14268.001	1	9787
14269.001	-8	9779
14270.001	-1	9783
14271.001	-5	9779
14272.001	1	9784
14273.001	3	9786
14274.001	-3	9781
14275.001	-5	9778
14276.001	-4	9777
14277.001	4	9784
14278.001	-1	9780
14279.001	4	9785
14280.001	-1	9781
14281.001	-3	9779
14282.001	-4	9777
14283.001	-8	9772
14284.001	-1	9776
14285.001	2	9779
14286.001	2	9780
14287.001	2	9780
14288.001	0	9779
14289.001	7	9786
14290.001	0	9781
14291.001	-2	9779
14292.001	-2	9778
14293.001	-7	9773
14294.001	5	9783
14295.001	8	9787
14296.001	0	9782
14297.001	-3	9779
14298.001	-2	9779
14299.001	4	9784
14300.001	-7	9774
14301.001	4	9783
14302.001	6	9786
14303.001	-1	9781
14304.001	3	9785
14305.001	-3	9780
14306.001	9	9791
14307.001	4	9789
14308.001	-6	9780
14309.001	0	9784
14310.001	8	9792
14311.001	-5	9781
14312.001	-1	9784
14313.001	-6	9779
14314.001	8	9791
14315.001	-4	9781
14316.001	0	9784
14317.001	2	9786
14318.001	-5	9780
14319.001	-6	9777
14320.001	-4	9777
14321.001	4	9784
14322.001	-1	9780
14323.001	4	9785
14324.001	-2	9780
14325.001	4	9786
14326.001	-3	9780
14327.001	3	9785
14328.001	-3	9780
14329.001	-10	9772
14330.001	3	9782
14331.001	1	9781
14332.001	-1	9779
14333.001	-1	9779
14334.001	-1	9779
14335.001	-6	9773
14336.001	6	9783
14337.001	1	9780
14338.001	0	9780
14339.001	6	9786
14340.001	-7	9774
14341.001	5	9784
14342.001	6	9787
14343.001	-2	9781
14344.001	10	9792
14345.001	-3	9782
14346.001	0	9784
14347.001	2	9786
14348.001	1	9786
14349.001	8	9793
14350.001	-6	9781
14351.001	-2	9784
14352.001	0	9785
14353.001	-6	9779
14354.001	7	9790
14355.001	-4	9781
14356.001	0	9784
14357.001	2	9786
14358.001	-5	9780
14359.001	1	9784
14360.001	-4	9779
14361.001	1	9783
14362.001	4	9787
14363.001	-10	9774
14364.001	8	9789
14365.001	-8	9775
14366.001	2	9783
14367.001	5	9786
14368.001	-2	9781
14369.001	3	9785
14370.001	-10	9773
14371.001	3	9783
14372.001	5	9786
14373.001	-8	9775
14374.001	3	9783
14375.001	-1	9780
14376.001	4	9785
14377.001	-1	9781
14378.001	-3	9779
14379.001	10	9791
14380.001	-8	9776
14381.001	8	9789
14382.001	4	9788
14383.001	-4	9781
14384.001	0	9784
14385.001	-5	9779
14386.001	2	9784
14387.001	-3	9780
14388.001	3	9785
14389.001	-9	9774
14390.001	2	9782
14391.001	-1	9780
14392.001	-2	9778
14393.001	-1	9779
14394.001	-1	9779
14395.001	6	9785
14396.001	0	9781
14397.001	-2	9779
14398.001	5	9785
14399.001	-1	9781
14400.001	3	9785
14401.001	-2	9781
14402.001	-4	9778
14403.001	4	9785
14404.001	4	9786
14405.001	-9	9774
14406.001	3	9783
14407.001	-8	9773
14408.001	4	9783
14409.001	0	9780
14410.001	-7	9773
14411.001	5	9783
14412.001	1	9781
14413.001	-7	9773
14414.001	6	9784
14415.001	1	9781
14416.001	-7	9773
14417.001	6	9784
14418.001	-5	9775
14419.001	0	9778
14420.001	7	9785
14421.001	-5	9775
14422.001	-1	9778
14423.001	0	9778
14424.001	-6	9772
14425.001	1	9778
14426.001	-4	9773
14427.001	9	9785
14428.001	3	9781
14429.001	-5	9774
14430.001	6	9784
14431.001	2	9782
14432.001	-7	9773
14433.001	-1	9777
14434.001	7	9785
14435.001	-5	9775
14436.001	6	9784
14437.001	1	9781
14438.001	-2	9778
14439.001	-1	9779
14440.001	-1	9779
14441.001	0	9779
14442.001	0	9779
14443.001	-7	9772
14444.001	7	9784
14445.001	2	9781
14446.001	-7	9773
14447.001	-1	9777
14448.001	2	9779
14449.001	-5	9773
14450.001	1	9778
14451.001	3	9780
14452.001	-11	9767
14453.001	1	9775
14454.001	5	9780
14455.001	-2	9774
14456.001	-4	9772
14457.001	10	9784
14458.001	-8	9769
14459.001	2	9777
14460.001	-2	9774
14461.001	3	9778
14462.001	4	9780
14463.001	-3	9774
14464.001	2	9778
14465.001	3	9780
14466.001	-4	9774
14467.001	1	9778
14468.001	2	9779
14469.001	-3	9774
14470.001	1	9778
14471.001	3	9780
14472.001	-4	9774
14473.001	1	9778
14474.001	3	9780
14475.001	2	9780
14476.001	-5	9773
14477.001	-6	9771
14478.001	2	9777
14479.001	-2	9774
14480.001	4	9779
14481.001	4	9780
14482.001	3	9780
14483.001	-5	9773
14484.001	1	9778
14485.001	2	9779
14486.001	-5	9773
14487.001	2	9778
14488.001	3	9780
14489.001	-11	9767
14490.001	2	9776
14491.001	11	9786
14492.001	-9	9769
14493.001	0	9776
14494.001	4	9780
14495.001	10	9787
14496.001	-4	9776
14497.001	-1	9778
14498.001	0	9778
14499.001	-11	9767
14500.001	0	9775
14501.001	5	9780
14502.001	-3	9774
14503.001	9	9785
14504.001	4	9782
14505.001	0	9780
14506.001	-6	9774
14507.001	-1	9777
14508.001	8	9785
14509.001	-11	9769
14510.001	5	9782
14511.001	3	9781
14512.001	1	9780
14513.001	-6	9773
14514.001	0	9777
14515.001	2	9779
14516.001	-5	9773
14517.001	1	9778
14518.001	2	9779
14519.001	-4	9773
14520.001	2	9778
14521.001	3	9780
14522.001	2	9780
14523.001	-5	9773
14524.001	1	9778
14525.001	-5	9772
14526.001	-4	9772
14527.001	4	9778
14528.001	4	9780
14529.001	-9	9768
14530.001	2	9776
14531.001	5	9780
14532.001	-2	9774
14533.001	3	9779
14534.001	3	9780
14535.001	3	9780
14536.001	2	9780
14537.001	0	9779
14538.001	1	9780
14539.001	0	9779
14540.001	-7	9772
14541.001	7	9784
14542.001	1	9780
14543.001	-6	9774
14544.001	-1	9777
14545.001	8	9785
14546.001	2	9782
14547.001	-7	9773
14548.001	-1	9777
14549.001	7	9785
14550.001	1	9781
14551.001	-8	9772
14552.001	-1	9777
14553.001	7	9785
14554.001	-5	9775
14555.001	0	9778
14556.001	0	9778
14557.001	-5	9773
14558.001	1	9778
14559.001	2	9779
14560.001	-5	9773
14561.001	-5	9771
14562.001	3	9778
14563.001	5	9781
14564.001	-3	9774
14565.001	-5	9771
14566.001	3	9778
14567.001	-8	9768
14568.001	3	9776
14569.001	6	9780
14570.001	-8	9768
14571.001	3	9777
14572.001	6	9780
14573.001	-2	9774
14574.001	3	9779
14575.001	-3	9774
14576.001	3	9779
14577.001	-3	9774
14578.001	2	9778
14579.001	-3	9773
14580.001	-3	9772
14581.001	4	9778
14582.001	-2	9774
14583.001	-3	9772
14584.001	-2	9772
14585.001	5	9779
14586.001	-8	9767
14587.001	4	9777
14588.001	7	9781
14589.001	-1	9775
14590.001	3	9779
14591.001	3	9780
14592.001	3	9780
14593.001	-5	9773
14594.001	1	9778
14595.001	2	9779
14596.001	9	9787
14597.001	-12	9768
14598.001	-1	9776
14599.001	2	9779
14600.001	-10	9767
14601.001	2	9776
14602.001	-1	9774
14603.001	4	9778
14604.001	-8	9768
14605.001	3	9776
14606.001	0	9774
14607.001	-2	9772
14608.001	-1	9773
14609.001	-1	9772
14610.001	-1	9772
14611.001	0	9773
14612.001	0	9773
14613.001	0	9773
14614.001	0	9773
14615.001	-12	9761
14616.001	0	9769
14617.001	3	9772
14618.001	4	9774
14619.001	-4	9767
14620.001	2	9772
14621.001	-4	9767
14622.001	3	9772
14623.001	-3	9767
14624.001	2	9771
14625.001	10	9780
14626.001	3	9776
14627.001	-1	9773
14628.001	-7	9767
14629.001	5	9776
14630.001	8	9781
14631.001	0	9775
14632.001	-3	9772
14633.001	4	9778
14634.001	-2	9774
14635.001	4	9779
14636.001	4	9780
14637.001	-10	9767
14638.001	2	9776
14639.001	4	9779
14640.001	-2	9774
14641.001	3	9779
14642.001	-10	9767
14643.001	3	9777
14644.001	6	9780
14645.001	-2	9774
14646.001	3	9779
14647.001	-10	9767
14648.001	3	9777
14649.001	6	9780
14650.001	-2	9774
14651.001	3	9779
14652.001	-10	9767
14653.001	3	9777
14654.001	-1	9773
14655.001	-2	9772
14656.001	5	9779
14657.001	-7	9768
14658.001	-2	9771
14659.001	6	9778
14660.001	0	9774
14661.001	-1	9773
14662.001	-2	9772
14663.001	-1	9772
14664.001	6	9779
14665.001	0	9775
14666.001	4	9779
14667.001	-8	9768
14668.001	3	9777
14669.001	5	9779
14670.001	5	9781
14671.001	3	9780
14672.001	-4	9774
14673.001	0	9777
14674.001	2	9779
14675.001	9	9787
14676.001	1	9781
14677.001	-8	9773
14678.001	-1	9777
14679.001	7	9785
14680.001	1	9781
14681.001	-1	9779
14682.001	-2	9778
14683.001	-1	9779
14684.001	6	9785
14685.001	0	9781
14686.001	-8	9773
14687.001	-2	9777
14688.001	1	9779
14689.001	1	9779
14690.001	-6	9773
14691.001	7	9784
14692.001	2	9781
14693.001	-6	9774
14694.001	-1	9777
14695.001	2	9779
14696.001	-5	9773
14697.001	1	9778
14698.001	3	9780
14699.001	2	9780
14700.001	-5	9773
14701.001	1	9778
14702.001	2	9779
14703.001	2	9780
14704.001	-5	9773
14705.001	-6	9771
14706.001	2	9777
14707.001	4	9780
14708.001	-2	9775
14709.001	-4	9772
14710.001	-4	9771
14711.001	4	9778
14712.001	-1	9774
14713.001	4	9779
14714.001	-9	9767
14715.001	-3	9770
14716.001	6	9778
14717.001	0	9774
14718.001	-1	9773
14719.001	-8	9766
14720.001	-1	9770
14721.001	8	9779
14722.001	1	9775
14723.001	0	9774
14724.001	-2	9772
14725.001	-7	9766
14726.001	-1	9770
14727.001	8	9779
14728.001	2	9775
14729.001	-7	9767
14730.001	6	9778
14731.001	0	9774
14732.001	6	9780
14733.001	-7	9768
14734.001	-3	9770
14735.001	6	9778
14736.001	1	9775
14737.001	-8	9766
14738.001	-2	9770
14739.001	1	9772
14740.001	7	9779
14741.001	-11	9763
14742.001	5	9776
14743.001	2	9774
14744.001	1	9774
14745.001	-7	9766
14746.001	6	9777
14747.001	2	9775
14748.001	7	9780
14749.001	-7	9768
14750.001	4	9777
14751.001	5	9779
14752.001	5	9781
14753.001	-10	9767
14754.001	2	9776
14755.001	-2	9773
14756.001	4	9778
14757.001	-1	9775
14758.001	3	9778
14759.001	4	9780
14760.001	3	9780
14761.001	-11	9767
14762.001	0	9775
14763.001	4	9779
14764.001	-2	9774
14765.001	-3	9773
14766.001	-3	9772
14767.001	4	9778
14768.001	-1	9774
14769.001	-2	9773
14770.001	-3	9771
14771.001	5	9778
14772.001	0	9775
14773.001	-8	9767
14774.001	4	9776
14775.001	7	9781
14776.001	5	9781
14777.001	-9	9768
14778.001	2	9776
14779.001	-2	9773
14780.001	4	9778
14781.001	-2	9774
14782.001	-3	9772
14783.001	5	9779
14784.001	5	9781
14785.001	-3	9774
14786.001	-11	9765
14787.001	3	9776
14788.001	6	9780
14789.001	-1	9775
14790.001	10	9785
14791.001	-10	9768
14792.001	1	9776
14793.001	4	9780
14794.001	4	9781
14795.001	-11	9767
14796.001	1	9776
14797.001	4	9779
14798.001	5	9781
14799.001	2	9780
14800.001	-5	9773
14801.001	-5	9772
14802.001	-5	9770
14803.001	4	9778
14804.001	6	9781
14805.001	-3	9774
14806.001	3	9779
14807.001	-4	9773
14808.001	-4	9772
14809.001	4	9778
14810.001	4	9780
14811.001	-3	9774
14812.001	-4	9772
14813.001	-3	9772
14814.001	4	9778
14815.001	-1	9774
14816.001	-2	9773
14817.001	-2	9772
14818.001	5	9779
14819.001	-1	9774
14820.001	4	9779
14821.001	-8	9768
14822.001	-4	9770
14823.001	6	9778
14824.001	7	9781
14825.001	-2	9774
14826.001	-3	9773
14827.001	-3	9772
14828.001	4	9778
14829.001	5	9780
14830.001	-2	9775
14831.001	-4	9772
14832.001	3	9778
14833.001	-1	9775
14834.001	3	9778
14835.001	-3	9773
14836.001	3	9778
14837.001	-2	9774
14838.001	2	9778
14839.001	4	9780
14840.001	-4	9773
14841.001	-4	9772
14842.001	2	9777
14843.001	4	9780
14844.001	-9	9768
14845.001	3	9777
14846.001	4	9779
14847.001	-2	9774
14848.001	-3	9773
14849.001	3	9778
14850.001	-2	9774
14851.001	4	9779
14852.001	-3	9773
14853.001	3	9778
14854.001	4	9780
14855.001	3	9780
14856.001	1	9779
14857.001	-12	9767
14858.001	7	9782
14859.001	4	9781
14860.001	2	9780
14861.001	-12	9767
14862.001	0	9775
14863.001	10	9785
14864.001	4	9782
14865.001	-5	9775
14866.001	-1	9777
14867.001	1	9779
14868.001	2	9780
14869.001	1	9780
14870.001	-13	9766
14871.001	1	9776
14872.001	4	9779
14873.001	4	9781
14874.001	-4	9774
14875.001	-5	9772
14876.001	2	9777
14877.001	-2	9774
14878.001	-9	9766
14879.001	3	9775
14880.001	1	9774
14881.001	6	9780
14882.001	-7	9768
14883.001	-3	9770
14884.001	-1	9771
14885.001	1	9773
14886.001	7	9779
14887.001	-6	9768
14888.001	-8	9765
14889.001	0	9770
14890.001	-4	9766
14891.001	9	9778
14892.001	3	9775
14893.001	1	9774
14894.001	-6	9767
14895.001	6	9777
14896.001	2	9775
14897.001	-7	9767
14898.001	-1	9770
14899.001	8	9779
14900.001	2	9776
14901.001	-1	9773
14902.001	-2	9772
14903.001	5	9778
14904.001	0	9775
14905.001	4	9779
14906.001	-2	9774
14907.001	3	9778
14908.001	-2	9774
14909.001	-4	9772
14910.001	-2	9772
14911.001	4	9778
14912.001	-7	9768
14913.001	4	9777
14914.001	-1	9773
14915.001	5	9779
14916.001	-7	9768
14917.001	-3	9770
14918.001	6	9778
14919.001	-6	9768
14920.001	5	9777
14921.001	0	9774
14922.001	-1	9773
14923.001	-1	9773
14924.001	6	9779
14925.001	-1	9774
14926.001	4	9779
14927.001	5	9781
14928.001	-4	9773
14929.001	-4	9772
14930.001	2	9777
14931.001	-2	9774
14932.001	3	9778
14933.001	5	9781
14934.001	3	9780
14935.001	-5	9773
14936.001	1	9778
14937.001	2	9779
14938.001	-4	9774
14939.001	1	9778
14940.001	3	9780
14941.001	-4	9774
14942.001	1	9778
14943.001	-4	9773
14944.001	9	9785
14945.001	-9	9769
14946.001	7	9783
14947.001	-3	9775
14948.001	-5	9772
14949.001	2	9777
14950.001	4	9780
14951.001	3	9780
14952.001	-5	9773
14953.001	2	9779
14954.001	-4	9773
14955.001	-5	9771
14956.001	3	9777
14957.001	5	9780
14958.001	-3	9774
14959.001	3	9779
14960.001	-4	9773
14961.001	3	9779
14962.001	3	9780
14963.001	3	9780
14964.001	-5	9773
14965.001	1	9778
14966.001	2	9779
14967.001	-4	9774
14968.001	1	9778
14969.001	3	9780
14970.001	-5	9773
14971.001	2	9778
14972.001	3	9780
14973.001	-11	9767
14974.001	1	9775
14975.001	5	9780
14976.001	-2	9774
14977.001	-3	9773
14978.001	3	9778
14979.001	-2	9774
14980.001	4	9779
14981.001	-3	9773
14982.001	-3	9772
14983.001	4	9778
14984.001	4	9780
14985.001	-3	9774
14986.001	9	9785
14987.001	3	9782
14988.001	-6	9774
14989.001	0	9778
14990.001	1	9779
14991.001	-5	9773
14992.001	1	9778
14993.001	3	9780
14994.001	-4	9774
14995.001	1	9778
14996.001	-4	9773
14997.001	2	9778
14998.001	4	9780
14999.001	-4	9773
15000.001	2	9778
15001.001	9	9786
15002.001	-4	9776
15003.001	0	9778
15004.001	0	9778
15005.001	-12	9766
15006.001	1	9776
15007.001	-2	9773
15008.001	4	9778
15009.001	-2	9774
15010.001	-3	9772
15011.001	5	9779
15012.001	-8	9768
15013.001	10	9783
15014.001	-7	9769
15015.001	3	9777
15016.001	5	9780
15017.001	-3	9774
15018.001	3	9779
15019.001	-3	9774
15020.001	2	9778
15021.001	4	9780
15022.001	-4	9773
15023.001	2	9778
15024.001	-4	9773
15025.001	3	9779
15026.001	9	9786
15027.001	-3	9776
15028.001	0	9778
15029.001	7	9785
15030.001	1	9781
15031.001	-2	9779
15032.001	-8	9772
15033.001	6	9784
15034.001	-6	9774
15035.001	0	9778
15036.001	-5	9773
15037.001	2	9778
15038.001	-4	9773
15039.001	-4	9772
15040.001	3	9777
15041.001	-1	9774
15042.001	3	9778
15043.001	-8	9768
15044.001	3	9777
15045.001	-1	9773
15046.001	5	9779
15047.001	-8	9768
15048.001	3	9776
15049.001	6	9780
15050.001	-1	9775
15051.001	3	9779
15052.001	-3	9774
15053.001	3	9779
15054.001	-10	9767
15055.001	3	9777
15056.001	-1	9773
15057.001	5	9779
15058.001	5	9781
15059.001	-10	9767
15060.001	2	9776
15061.001	-1	9774
15062.001	4	9778
15063.001	-1	9775
15064.001	-3	9772
15065.001	3	9777
15066.001	-8	9767
15067.001	4	9777
15068.001	-7	9767
15069.001	5	9777
15070.001	7	9781
15071.001	-7	9769
15072.001	4	9778
15073.001	-1	9774
15074.001	-2	9772
15075.001	-2	9772
15076.001	-1	9772
15077.001	-1	9772
15078.001	6	9779
15079.001	-6	9768
15080.001	-2	9771
15081.001	7	9779
15082.001	-6	9768
15083.001	-1	9771
15084.001	7	9779
15085.001	-6	9768
15086.001	-2	9770
15087.001	1	9773
15088.001	-6	9766
15089.001	1	9771
15090.001	3	9774
15091.001	-5	9766
15092.001	8	9778
15093.001	-3	9769
15094.001	6	9777
15095.001	2	9775
15096.001	-1	9773
15097.001	5	9779
15098.001	-7	9768
15099.001	4	9777
15100.001	6	9780
15101.001	-8	9768
15102.001	3	9777
15103.001	6	9780
15104.001	-8	9768
15105.001	9	9783
15106.001	6	9783
15107.001	-4	9774
15108.001	-6	9771
15109.001	8	9783
15110.001	-2	9776
15111.001	-5	9772
15112.001	8	9784
15113.001	-9	9769
15114.001	1	9776
15115.001	-3	9773
15116.001	10	9785
15117.001	4	9782
15118.001	-5	9774
15119.001	1	9778
15120.001	1	9779
15121.001	-5	9773
15122.001	1	9778
15123.001	3	9780
15124.001	2	9780
15125.001	8	9786
15126.001	-12	9769
15127.001	-2	9775
15128.001	-4	9773
15129.001	2	9777
15130.001	4	9780
15131.001	-3	9774
15132.001	-4	9772
15133.001	2	9777
15134.001	-2	9774
15135.001	-3	9772
15136.001	-2	9772
15137.001	5	9779
15138.001	5	9780
15139.001	-9	9768
15140.001	3	9777
15141.001	-1	9774
15142.001	4	9778
15143.001	-8	9768
15144.001	3	9776
15145.001	0	9774
15146.001	-1	9773
15147.001	-2	9772
15148.001	-1	9772
15149.001	6	9779
15150.001	-7	9768
15151.001	4	9777
15152.001	7	9781
15153.001	-7	9769
15154.001	3	9777
15155.001	-1	9774
15156.001	4	9778
15157.001	-2	9774
15158.001	-3	9772
15159.001	4	9778
15160.001	5	9780
15161.001	-2	9775
15162.001	2	9778
15163.001	-4	9773
15164.001	3	9779
15165.001	3	9780
15166.001	-4	9773
15167.001	2	9778
15168.001	-10	9767
15169.001	2	9776
15170.001	6	9780
15171.001	-2	9774
15172.001	-4	9772
15173.001	4	9778
15174.001	-2	9774
15175.001	4	9779
15176.001	10	9786
15177.001	-10	9769
15178.001	0	9776
15179.001	-4	9772
15180.001	3	9778
15181.001	4	9780
15182.001	-3	9774
15183.001	2	9778
15184.001	-3	9774
15185.001	2	9778
15186.001	-3	9774
15187.001	-4	9772
15188.001	3	9777
15189.001	-1	9774
15190.001	3	9778
15191.001	4	9780
15192.001	3	9780
15193.001	-4	9774
15194.001	1	9778
15195.001	2	9779
15196.001	-4	9774
15197.001	1	9778
15198.001	3	9780
15199.001	2	9780
15200.001	-5	9773
15201.001	1	9778
15202.001	2	9779
15203.001	-4	9774
15204.001	1	9778
15205.001	9	9786
15206.001	-4	9776
15207.001	0	9778
15208.001	1	9779
15209.001	0	9779
15210.001	1	9780
15211.001	0	9779
15212.001	7	9786
15213.001	-6	9775
15214.001	-3	9776
15215.001	7	9785
15216.001	-6	9774
15217.001	-1	9778
15218.001	0	9778
15219.001	-5	9773
15220.001	0	9777
15221.001	2	9779
15222.001	-3	9774
15223.001	-5	9772
15224.001	-4	9771
15225.001	4	9778
15226.001	-8	9767
15227.001	4	9777
15228.001	7	9781
15229.001	-7	9769
15230.001	2	9776
15231.001	0	9774
15232.001	-9	9765
15233.001	5	9777
15234.001	7	9780
15235.001	0	9775
15236.001	4	9779
15237.001	3	9780
15238.001	-10	9767
15239.001	2	9776
15240.001	4	9779
15241.001	5	9781
15242.001	-4	9774
15243.001	1	9778
15244.001	3	9780
15245.001	-11	9767
15246.001	2	9776
15247.001	5	9780
15248.001	-3	9774
15249.001	-4	9772
15250.001	-3	9771
15251.001	5	9779
15252.001	-7	9768
15253.001	4	9777
15254.001	0	9774
15255.001	-2	9772
15256.001	-1	9773
15257.001	-1	9772
15258.001	6	9779
15259.001	-7	9768
15260.001	-2	9771
15261.001	7	9779
15262.001	-6	9768
15263.001	-2	9770
15264.001	1	9773
15265.001	-6	9766
15266.001	8	9778
15267.001	2	9775
15268.001	-6	9767
15269.001	6	9777
15270.001	1	9774
15271.001	-1	9773
15272.001	-1	9772
15273.001	0	9773
15274.001	0	9773
15275.001	-1	9772
15276.001	0	9773
15277.001	-6	9767
15278.001	0	9771
15279.001	2	9773
15280.001	2	9773
15281.001	1	9773
15282.001	7	9779
15283.001	-6	9768
15284.001	5	9778
15285.001	0	9774
15286.001	-8	9766
15287.001	-2	9770
15288.001	-5	9766
15289.001	8	9778
15290.001	3	9775
15291.001	1	9774
15292.001	0	9773
15293.001	-1	9772
15294.001	-1	9772
15295.001	0	9773
15296.001	-6	9767
15297.001	6	9777
15298.001	8	9781
15299.001	-6	9769
15300.001	4	9777
15301.001	6	9780
15302.001	-8	9768
15303.001	3	9777
15304.001	5	9780
15305.001	-2	9774
15306.001	3	9779
15307.001	3	9780
15308.001	-10	9767
15309.001	2	9776
15310.001	-2	9773
15311.001	-2	9772
15312.001	4	9778
15313.001	-1	9774
15314.001	-2	9773
15315.001	-2	9772
15316.001	5	9779
15317.001	5	9780
15318.001	-8	9769
15319.001	2	9776
15320.001	-1	9774
15321.001	-2	9772
15322.001	-2	9772
15323.001	5	9778
15324.001	0	9775
15325.001	-2	9773
15326.001	-2	9772
15327.001	5	9779
15328.001	-1	9774
15329.001	-2	9773
15330.001	4	9778
15331.001	-1	9774
15332.001	4	9779
15333.001	4	9780
15334.001	-10	9767
15335.001	1	9775
15336.001	5	9780
15337.001	-2	9774
15338.001	3	9779
15339.001	3	9780
15340.001	-10	9767
15341.001	2	9776
15342.001	4	9779
15343.001	-9	9767
15344.001	3	9777
15345.001	-1	9773
15346.001	-1	9773
15347.001	-2	9772
15348.001	-1	9772
15349.001	0	9773
15350.001	-1	9772
15351.001	-6	9767
15352.001	6	9777
15353.001	-4	9769
15354.001	0	9771
15355.001	1	9772
15356.001	-5	9767
15357.001	1	9771
15358.001	-4	9767
15359.001	9	9778
15360.001	3	9775
15361.001	-6	9767
15362.001	0	9771
15363.001	-5	9766
15364.001	2	9772
15365.001	9	9779
15366.001	-4	9769
15367.001	0	9772
15368.001	-5	9767
15369.001	7	9777
15370.001	2	9774
15371.001	-5	9768
15372.001	-1	9770
15373.001	1	9772
15374.001	-4	9767
15375.001	1	9771
15376.001	-4	9767
15377.001	2	9771
15378.001	4	9774
15379.001	-4	9767
15380.001	2	9772
15381.001	-4	9767
15382.001	2	9771
15383.001	4	9774
15384.001	-4	9767
15385.001	8	9778
15386.001	-4	9768
15387.001	-6	9765
15388.001	2	9771
15389.001	-3	9767
15390.001	2	9771
15391.001	4	9774
15392.001	-3	9768
15393.001	2	9772
15394.001	-10	9761
15395.001	2	9770
15396.001	5	9773
15397.001	-2	9768
15398.001	3	9772
15399.001	-3	9767
15400.001	-3	9766
15401.001	4	9772
15402.001	-2	9767
15403.001	9	9778
15404.001	4	9775
15405.001	-5	9768
15406.001	0	9771
15407.001	2	9773
15408.001	2	9774
15409.001	-6	9766
15410.001	0	9771
15411.001	9	9780
15412.001	2	9775
15413.001	0	9774
15414.001	-1	9773
15415.001	5	9779
15416.001	-7	9768
15417.001	4	9777
15418.001	6	9780
15419.001	-8	9768
15420.001	-3	9771
15421.001	5	9778
15422.001	7	9781
15423.001	-8	9768
15424.001	3	9777
15425.001	-8	9767
15426.001	-2	9770
15427.001	7	9779
15428.001	-5	9769
15429.001	-2	9770
15430.001	-6	9766
15431.001	1	9771
15432.001	-3	9767
15433.001	9	9778
15434.001	-3	9769
15435.001	0	9771
15436.001	2	9773
15437.001	-5	9767
15438.001	7	9777
15439.001	-4	9768
15440.001	1	9772
15441.001	-5	9766
15442.001	1	9771
15443.001	9	9779
15444.001	-4	9769
15445.001	0	9772
15446.001	1	9773
15447.001	8	9780
15448.001	-6	9768
15449.001	4	9777
15450.001	-6	9768
15451.001	6	9778
15452.001	0	9774
15453.001	-8	9766
15454.001	-1	9770
15455.001	2	9773
15456.001	1	9773
15457.001	1	9773
15458.001	1	9773
15459.001	-6	9767
15460.001	6	9777
15461.001	2	9775
15462.001	-6	9767
15463.001	6	9777
15464.001	-6	9767
15465.001	0	9771
15466.001	1	9772
15467.001	2	9774
15468.001	7	9779
15469.001	-6	9768
15470.001	5	9778
15471.001	0	9774
15472.001	5	9779
15473.001	-2	9774
15474.001	-3	9772
15475.001	4	9778
15476.001	-1	9774
15477.001	4	9779
15478.001	-3	9773
15479.001	3	9778
15480.001	-3	9773
15481.001	3	9778
15482.001	4	9780
15483.001	-3	9774
15484.001	1	9778
15485.001	-3	9774
15486.001	8	9784
15487.001	3	9781
15488.001	-5	9774
15489.001	0	9778
15490.001	1	9779
15491.001	-5	9773
15492.001	7	9784
15493.001	-3	9776
15494.001	0	9778
15495.001	1	9779
15496.001	-5	9773
15497.001	1	9778
15498.001	3	9780
15499.001	2	9780
15500.001	-5	9773
15501.001	1	9778
15502.001	2	9779
15503.001	2	9780
15504.001	-5	9773
15505.001	7	9784
15506.001	-4	9775
15507.001	0	9778
15508.001	8	9786
15509.001	-5	9775
15510.001	-1	9778
15511.001	0	9778
15512.001	1	9779
15513.001	-5	9774
15514.001	0	9777
15515.001	-4	9773
15516.001	2	9778
15517.001	-4	9773
15518.001	3	9778
15519.001	-9	9767
15520.001	3	9777
15521.001	-1	9773
15522.001	-2	9772
15523.001	-1	9773
15524.001	-1	9772
15525.001	-1	9772
15526.001	0	9773
15527.001	7	9780
15528.001	-7	9768
15529.001	5	9778
15530.001	0	9774
15531.001	-8	9766
15532.001	5	9777
15533.001	-6	9767
15534.001	6	9777
15535.001	1	9774
15536.001	6	9780
15537.001	-1	9774
15538.001	4	9779
15539.001	4	9780
15540.001	-3	9774
15541.001	2	9779
15542.001	-4	9773
15543.001	8	9784
15544.001	-10	9768
15545.001	1	9776
15546.001	-2	9774
15547.001	3	9778
15548.001	-2	9774
15549.001	3	9778
15550.001	-9	9767
15551.001	3	9777
15552.001	5	9779
15553.001	-2	9774
15554.001	4	9779
15555.001	-9	9768
15556.001	9	9783
15557.001	-2	9775
15558.001	10	9786
15559.001	-4	9775
15560.001	1	9779
15561.001	1	9779
15562.001	-5	9773
15563.001	7	9784
15564.001	-5	9774
15565.001	1	9778
15566.001	-5	9773
15567.001	8	9784
15568.001	-4	9775
15569.001	1	9778
15570.001	-5	9773
15571.001	8	9784
15572.001	-4	9775
15573.001	1	9778
15574.001	-5	9773
15575.001	8	9784
15576.001	3	9782
15577.001	0	9780
15578.001	0	9780
15579.001	-1	9779
15580.001	6	9785
15581.001	0	9781
15582.001	-8	9773
15583.001	4	9783
15584.001	-6	9774
15585.001	0	9778
15586.001	1	9779
15587.001	1	9779
15588.001	7	9786
15589.001	-6	9775
15590.001	5	9784
15591.001	-6	9774
15592.001	5	9784
15593.001	-6	9774
15594.001	-1	9777
15595.001	7	9785
15596.001	-6	9774
15597.001	-1	9777
15598.001	1	9779
15599.001	1	9779
15600.001	1	9780
15601.001	0	9779
15602.001	-6	9773
15603.001	7	9784
15604.001	2	9781
15605.001	-7	9773
15606.001	6	9784
15607.001	-5	9775
15608.001	6	9784
15609.001	-6	9774
15610.001	6	9784
15611.001	1	9781
15612.001	-1	9779
15613.001	-1	9779
15614.001	0	9780
15615.001	6	9786
15616.001	-7	9774
15617.001	4	9783
15618.001	-7	9773
15619.001	6	9784
15620.001	-6	9774
15621.001	5	9783
15622.001	1	9781
15623.001	-1	9779
15624.001	6	9786
15625.001	-8	9774
15626.001	4	9783
15627.001	-6	9774
15628.001	5	9784
15629.001	0	9780
15630.001	-1	9779
15631.001	-7	9773
15632.001	6	9784
15633.001	1	9781
15634.001	-1	9779
15635.001	0	9780
15636.001	-1	9779
15637.001	-6	9773
15638.001	6	9783
15639.001	-5	9774
15640.001	6	9784
15641.001	2	9782
15642.001	-7	9773
15643.001	5	9783
15644.001	1	9781
15645.001	0	9780
15646.001	-1	9779
15647.001	-1	9779
15648.001	-6	9773
15649.001	6	9783
15650.001	-5	9774
15651.001	0	9778
15652.001	-5	9773
15653.001	8	9784
15654.001	-4	9775
15655.001	1	9778
15656.001	-5	9773
15657.001	1	9777
15658.001	-3	9774
15659.001	2	9778
15660.001	4	9780
15661.001	3	9780
15662.001	-5	9773
15663.001	7	9784
15664.001	-4	9775
15665.001	0	9778
15666.001	2	9780
15667.001	1	9779
15668.001	-6	9773
15669.001	1	9778
15670.001	-4	9773
15671.001	2	9778
15672.001	-4	9773
15673.001	9	9784
15674.001	-2	9776
15675.001	1	9778
15676.001	-5	9773
15677.001	1	9777
15678.001	-3	9774
15679.001	2	9778
15680.001	-3	9773
15681.001	10	9785
15682.001	-9	9769
15683.001	0	9776
15684.001	-3	9773
15685.001	4	9779
15686.001	-2	9774
15687.001	3	9778
15688.001	-9	9767
15689.001	9	9783
15690.001	0	9776
15691.001	2	9778
15692.001	-3	9774
15693.001	9	9785
15694.001	-4	9775
15695.001	1	9778
15696.001	-5	9773
15697.001	1	9777
15698.001	-3	9774
15699.001	3	9779
15700.001	-3	9774
15701.001	2	9778
15702.001	-3	9773
15703.001	3	9778
15704.001	-2	9774
15705.001	-4	9772
15706.001	3	9777
15707.001	-1	9774
15708.001	4	9779
15709.001	-3	9773
15710.001	3	9778
15711.001	-3	9773
15712.001	3	9778
15713.001	-8	9768
15714.001	2	9776
15715.001	-7	9767
15716.001	4	9776
15717.001	1	9775
15718.001	5	9779
15719.001	-1	9774
15720.001	4	9779
15721.001	4	9780
15722.001	-10	9767
15723.001	2	9776
15724.001	-8	9767
15725.001	4	9777
15726.001	-7	9767
15727.001	6	9778
15728.001	1	9775
15729.001	-1	9773
15730.001	-1	9773
15731.001	5	9778
15732.001	0	9775
15733.001	4	9779
15734.001	4	9780
15735.001	-3	9774
15736.001	2	9778
15737.001	-3	9774
15738.001	2	9778
15739.001	-10	9767
15740.001	3	9777
15741.001	-1	9773
15742.001	5	9779
15743.001	5	9781
15744.001	-10	9767
15745.001	2	9776
15746.001	-8	9767
15747.001	5	9777
15748.001	-6	9768
15749.001	-1	9771
15750.001	-6	9766
15751.001	7	9777
15752.001	-3	9769
15753.001	0	9771
15754.001	-4	9767
15755.001	1	9771
15756.001	-4	9766
15757.001	3	9772
15758.001	4	9774
15759.001	-4	9767
15760.001	2	9772
15761.001	-4	9767
15762.001	2	9771
15763.001	-3	9767
15764.001	3	9772
15765.001	3	9773
15766.001	-3	9768
15767.001	2	9772
15768.001	-4	9767
15769.001	2	9771
15770.001	-2	9768
15771.001	8	9777
15772.001	4	9776
15773.001	-6	9767
15774.001	7	9778
15775.001	1	9774
15776.001	0	9774
15777.001	-1	9773
15778.001	5	9778
15779.001	0	9775
15780.001	-2	9773
15781.001	4	9778
15782.001	-8	9767
15783.001	-2	9771
15784.001	0	9772
15785.001	6	9778
15786.001	7	9781
15787.001	-8	9768
15788.001	3	9777
15789.001	-1	9774
15790.001	-2	9772
15791.001	-2	9772
15792.001	5	9778
15793.001	0	9775
15794.001	-2	9773
15795.001	4	9778
15796.001	-1	9774
15797.001	4	9779
15798.001	-3	9773
15799.001	3	9778
15800.001	4	9780
15801.001	-10	9767
15802.001	2	9776
15803.001	-8	9767
15804.001	4	9777
15805.001	0	9774
15806.001	-8	9766
15807.001	5	9776
15808.001	2	9775
15809.001	-7	9767
15810.001	6	9777
15811.001	-5	9768
15812.001	5	9777
15813.001	1	9774
15814.001	0	9774
15815.001	5	9779
15816.001	-7	9768
15817.001	4	9777
15818.001	6	9780
15819.001	-8	9768
15820.001	10	9784
15821.001	6	9783
15822.001	-11	9767
15823.001	8	9783
15824.001	-3	9774
15825.001	-4	9773
15826.001	2	9777
15827.001	-9	9767
15828.001	3	9776
15829.001	6	9780
15830.001	-1	9775
15831.001	3	9779
15832.001	-3	9774
15833.001	2	9778
15834.001	-3	9773
15835.001	3	9778
15836.001	4	9780
15837.001	-3	9774
15838.001	1	9778
15839.001	-4	9773
15840.001	3	9779
15841.001	-3	9774
15842.001	-4	9772
15843.001	10	9784
15844.001	-8	9769
15845.001	1	9776
15846.001	-2	9773
15847.001	4	9779
15848.001	-2	9774
15849.001	3	9778
15850.001	-3	9773
15851.001	3	9778
15852.001	-2	9774
15853.001	2	9778
15854.001	-9	9767
15855.001	3	9777
15856.001	-7	9767
15857.001	4	9776
15858.001	-6	9768
15859.001	6	9778
15860.001	-5	9769
15861.001	-1	9771
15862.001	-6	9766
15863.001	7	9777
15864.001	-3	9769
15865.001	0	9771
15866.001	8	9779
15867.001	-4	9770
15868.001	-1	9771
15869.001	0	9772
15870.001	1	9773
15871.001	-6	9766
15872.001	7	9778
15873.001	-5	9768
15874.001	7	9778
15875.001	-5	9768
15876.001	6	9778
15877.001	7	9781
15878.001	-1	9775
15879.001	4	9779
15880.001	-3	9774
15881.001	3	9779
15882.001	-3	9774
15883.001	2	9778
15884.001	-3	9773
15885.001	3	9778
15886.001	-2	9774
15887.001	9	9785
15888.001	4	9782
15889.001	-6	9774
15890.001	0	9778
15891.001	-5	9773
15892.001	1	9777
15893.001	-4	9773
15894.001	9	9784
15895.001	-2	9776
15896.001	1	9778
15897.001	-5	9773
15898.001	8	9784
15899.001	3	9782
15900.001	-6	9774
15901.001	-1	9777
15902.001	2	9779
15903.001	1	9779
15904.001	-5	9773
15905.001	1	9778
15906.001	-5	9772
15907.001	3	9779
15908.001	-3	9774
15909.001	2	9778
15910.001	4	9780
15911.001	3	9780
15912.001	-5	9773
15913.001	7	9784
15914.001	-4	9775
15915.001	0	9778
15916.001	-5	9773
15917.001	8	9784
15918.001	-4	9775
15919.001	1	9778
15920.001	-5	9773
15921.001	1	9777
15922.001	-9	9768
15923.001	2	9776
15924.001	-1	9773
15925.001	4	9778
15926.001	-7	9768
15927.001	4	9777
15928.001	-1	9773
15929.001	-2	9772
15930.001	5	9779
15931.001	-1	9774
15932.001	4	9779
15933.001	-2	9774
15934.001	4	9779
15935.001	-9	9768
15936.001	2	9776
15937.001	-1	9773
15938.001	5	9779
15939.001	-2	9774
15940.001	4	9779
15941.001	-2	9774
15942.001	9	9785
15943.001	-3	9775
15944.001	1	9778
15945.001	1	9779
15946.001	-5	9773
15947.001	1	9778
15948.001	-4	9773
15949.001	-4	9772
15950.001	-3	9771
15951.001	5	9779
15952.001	6	9781
15953.001	-3	9774
15954.001	3	9779
15955.001	-4	9773
15956.001	3	9779
15957.001	-3	9774
15958.001	-4	9772
15959.001	3	9777
15960.001	5	9780
15961.001	-3	9774
15962.001	3	9779
15963.001	3	9780
15964.001	2	9780
15965.001	1	9779
15966.001	-5	9774
15967.001	0	9777
15968.001	9	9786
15969.001	-5	9775
15970.001	-1	9777
15971.001	1	9779
15972.001	-5	9773
15973.001	1	9778
15974.001	-11	9766
15975.001	2	9776
15976.001	5	9779
15977.001	-2	9774
15978.001	4	9779
15979.001	-10	9767
15980.001	3	9777
15981.001	6	9780
15982.001	-8	9768
15983.001	2	9776
15984.001	6	9780
15985.001	-8	9768
15986.001	2	9776
15987.001	6	9780
15988.001	-2	9774
15989.001	-4	9772
15990.001	-2	9772
15991.001	4	9778
15992.001	6	9781
15993.001	-3	9774
15994.001	2	9778
15995.001	3	9780
15996.001	-10	9767
15997.001	2	9776
15998.001	-8	9767
15999.001	4	9777
16000.001	6	9780
16001.001	-7	9769
16002.001	3	9777
16003.001	6	9780
16004.001	-8	9768
16005.001	-4	9770
16006.001	-1	9772
16007.001	0	9772
16008.001	7	9779
16009.001	-6	9768
16010.001	-2	9771
16011.001	0	9772
16012.001	-5	9767
16013.001	7	9778
16014.001	2	9775
16015.001	0	9773
16016.001	-1	9772
16017.001	-7	9766
16018.001	7	9778
16019.001	8	9781
16020.001	-7	9768
16021.001	4	9777
16022.001	-7	9767
16023.001	5	9777
16024.001	0	9774
16025.001	-8	9766
16026.001	6	9777
16027.001	7	9780
16028.001	-7	9768
16029.001	4	9777
16030.001	6	9780
16031.001	-8	9768
16032.001	3	9777
16033.001	-1	9774
16034.001	-2	9772
16035.001	4	9778
16036.001	-1	9774
16037.001	-2	9773
16038.001	-2	9772
16039.001	-8	9766
16040.001	5	9776
16041.001	-4	9769
16042.001	0	9771
16043.001	7	9778
16044.001	-5	9769
16045.001	-1	9771
16046.001	1	9773
16047.001	1	9773
16048.001	7	9779
16049.001	0	9774
16050.001	-8	9766
16051.001	5	9777
16052.001	1	9775
16053.001	-8	9766
16054.001	-1	9770
16055.001	-5	9766
16056.001	2	9772
16057.001	3	9773
16058.001	-4	9767
16059.001	1	9771
16060.001	-3	9767
16061.001	2	9771
16062.001	10	9780
16063.001	-3	9770
16064.001	-1	9771
16065.001	-6	9766
16066.001	2	9772
16067.001	2	9773
16068.001	-4	9767
16069.001	2	9772
16070.001	3	9774
16071.001	-5	9766
16072.001	2	9772
16073.001	-4	9767
16074.001	2	9771
16075.001	10	9780
16076.001	-10	9763
16077.001	6	9776
16078.001	3	9775
16079.001	-6	9767
16080.001	7	9778
16081.001	2	9775
16082.001	-1	9773
16083.001	6	9779
16084.001	-7	9768
16085.001	-2	9771
16086.001	0	9772
16087.001	-7	9765
16088.001	1	9771
16089.001	-4	9767
16090.001	2	9771
16091.001	10	9780
16092.001	-4	9769
16093.001	0	9772
16094.001	-5	9767
16095.001	7	9777
16096.001	-4	9768
16097.001	7	9778
16098.001	-5	9768
16099.001	6	9778
16100.001	1	9775
16101.001	-1	9773
16102.001	-1	9773
16103.001	-1	9772
16104.001	-1	9772
16105.001	0	9773
16106.001	0	9773
16107.001	7	9780
16108.001	-7	9768
16109.001	5	9778
16110.001	0	9774
16111.001	-2	9772
16112.001	-7	9767
16113.001	5	9776
16114.001	1	9774
16115.001	-6	9767
16116.001	6	9777
16117.001	-5	9768
16118.001	5	9777
16119.001	1	9774
16120.001	0	9774
16121.001	5	9779
16122.001	0	9775
16123.001	4	9779
16124.001	-3	9773
16125.001	3	9778
16126.001	4	9780
16127.001	-10	9767
16128.001	2	9776
16129.001	-2	9773
16130.001	4	9778
16131.001	5	9781
16132.001	-3	9774
16133.001	2	9778
16134.001	-4	9773
16135.001	2	9778
16136.001	-3	9773
16137.001	3	9778
16138.001	4	9780
16139.001	-3	9774
16140.001	1	9778
16141.001	-10	9767
16142.001	2	9776
16143.001	-1	9773
16144.001	-2	9772
16145.001	-1	9773
16146.001	5	9778
16147.001	-6	9769
16148.001	4	9777
16149.001	0	9774
16150.001	5	9779
16151.001	-8	9768
16152.001	3	9776
16153.001	-6	9768
16154.001	5	9777
16155.001	-7	9767
16156.001	6	9778
16157.001	-6	9768
16158.001	0	9772
16159.001	-6	9766
16160.001	1	9771
16161.001	-4	9766
16162.001	3	9772
16163.001	4	9774
16164.001	2	9773
16165.001	-11	9761
16166.001	7	9775
16167.001	-8	9763
16168.001	2	9770
16169.001	-2	9767
16170.001	4	9772
16171.001	-2	9767
16172.001	4	9773
16173.001	-3	9767
16174.001	3	9772
16175.001	-3	9767
16176.001	3	9772
16177.001	4	9774
16178.001	2	9773
16179.001	-4	9768
16180.001	1	9772
16181.001	-5	9766
16182.001	2	9771
16183.001	-3	9767
16184.001	3	9772
16185.001	-3	9767
16186.001	3	9772
16187.001	-3	9767
16188.001	3	9772
16189.001	-3	9767
16190.001	3	9772
16191.001	-3	9767
16192.001	10	9779
16193.001	-3	9769
16194.001	0	9771
16195.001	-5	9766
16196.001	8	9778
16197.001	-3	9769
16198.001	1	9772
16199.001	1	9772
16200.001	8	9780
16201.001	1	9775
16202.001	-2	9772
16203.001	-1	9773
16204.001	-1	9773
16205.001	-1	9772
16206.001	-7	9766
16207.001	-1	9770
16208.001	-4	9767
16209.001	2	9771
16210.001	3	9773
16211.001	3	9774
16212.001	-4	9768
16213.001	1	9772
16214.001	-11	9760
16215.001	8	9776
16216.001	-7	9763
16217.001	2	9770
16218.001	12	9780
16219.001	-2	9770
16220.001	0	9771
16221.001	-11	9760
16222.001	1	9769
16223.001	-2	9766
16224.001	5	9773
16225.001	-8	9761
16226.001	3	9770
16227.001	-1	9767
16228.001	5	9773
16229.001	-1	9768
16230.001	4	9773
16231.001	-3	9767
16232.001	3	9772
16233.001	-3	9767
16234.001	-3	9766
16235.001	3	9771
16236.001	-8	9761
16237.001	4	9771
16238.001	6	9774
16239.001	-8	9762
16240.001	-4	9763
16241.001	0	9766
16242.001	0	9766
16243.001	0	9766
16244.001	0	9766
16245.001	7	9773
16246.001	-6	9762
16247.001	-2	9764
16248.001	-6	9760
16249.001	6	9770
16250.001	-4	9762
16251.001	8	9773
16252.001	8	9775
16253.001	-1	9768
16254.001	-3	9766
16255.001	-3	9765
16256.001	5	9772
16257.001	-8	9761
16258.001	4	9770
16259.001	0	9768
16260.001	6	9774
16261.001	5	9774
16262.001	-3	9768
16263.001	2	9772
16264.001	-4	9767
16265.001	2	9771
16266.001	4	9774
16267.001	2	9773
16268.001	2	9774
16269.001	1	9773
16270.001	-6	9767
16271.001	6	9777
16272.001	2	9775
16273.001	7	9780
16274.001	-1	9774
16275.001	-3	9772
16276.001	-2	9772
16277.001	-1	9773
16278.001	-1	9772
16279.001	-1	9772
16280.001	6	9779
16281.001	-6	9768
16282.001	5	9778
16283.001	-7	9767
16284.001	6	9778
16285.001	0	9774
16286.001	-1	9773
16287.001	-1	9773
16288.001	5	9778
16289.001	0	9775
16290.001	-2	9773
16291.001	-2	9772
16292.001	-2	9772
16293.001	6	9779
16294.001	-7	9768
16295.001	5	9778
16296.001	6	9780
16297.001	-8	9768
16298.001	3	9777
16299.001	-7	9767
16300.001	5	9777
16301.001	0	9774
16302.001	5	9779
16303.001	-7	9768
16304.001	4	9777
16305.001	-7	9767
16306.001	4	9776
16307.001	1	9775
16308.001	-1	9773
16309.001	5	9779
16310.001	-7	9768
16311.001	11	9784
16312.001	-7	9769
16313.001	3	9777
16314.001	-8	9767
16315.001	4	9777
16316.001	-6	9768
16317.001	5	9777
16318.001	1	9775
16319.001	5	9779
16320.001	6	9781
16321.001	-3	9774
16322.001	-5	9771
16323.001	-3	9772
16324.001	4	9778
16325.001	-7	9768
16326.001	4	9777
16327.001	-1	9773
16328.001	-1	9773
16329.001	5	9779
16330.001	-7	9768
16331.001	4	9777
16332.001	0	9774
16333.001	5	9779
16334.001	-8	9768
16335.001	3	9776
16336.001	0	9774
16337.001	-1	9773
16338.001	-2	9772
16339.001	-1	9772
16340.001	6	9779
16341.001	-7	9768
16342.001	4	9777
16343.001	-6	9768
16344.001	5	9777
16345.001	-5	9769
16346.001	5	9777
16347.001	-6	9768
16348.001	6	9778
16349.001	7	9781
16350.001	0	9776
16351.001	3	9779
16352.001	-9	9768
16353.001	2	9776
16354.001	-7	9767
16355.001	4	9776
16356.001	7	9781
16357.001	-7	9769
16358.001	-3	9771
16359.001	-1	9772
16360.001	7	9779
16361.001	0	9774
16362.001	-2	9772
16363.001	-2	9772
16364.001	-1	9772
16365.001	0	9773
16366.001	0	9773
16367.001	-1	9772
16368.001	0	9773
16369.001	0	9773
16370.001	0	9773
16371.001	7	9780
16372.001	-7	9768
16373.001	-2	9771
16374.001	1	9773
16375.001	6	9778
16376.001	-5	9769
16377.001	5	9778
16378.001	6	9780
16379.001	-8	9768
16380.001	3	9777
16381.001	-7	9767
16382.001	5	9777
16383.001	0	9774
16384.001	-8	9766
16385.001	6	9777
16386.001	-5	9768
16387.001	5	9777
16388.001	-5	9768
16389.001	-1	9771
16390.001	8	9779
16391.001	-5	9769
16392.001	-2	9770
16393.001	-6	9766
16394.001	8	9778
16395.001	-4	9768
16396.001	1	9772
16397.001	1	9772
16398.001	-5	9767
16399.001	1	9771
16400.001	-4	9767
16401.001	2	9771
16402.001	10	9780
16403.001	-4	9769
16404.001	0	9772
16405.001	-5	9767
16406.001	1	9771
16407.001	9	9780
16408.001	-5	9768
16409.001	0	9772
16410.001	1	9773
16411.001	7	9779
16412.001	-6	9768
16413.001	5	9777
16414.001	1	9775
16415.001	-1	9773
16416.001	4	9778
16417.001	-7	9768
16418.001	4	9777
16419.001	-7	9767
16420.001	5	9777
16421.001	1	9775
16422.001	-7	9767
16423.001	5	9777
16424.001	-5	9768
16425.001	-1	9771
16426.001	1	9772
16427.001	1	9773
16428.001	1	9773
16429.001	-5	9767
16430.001	0	9771
16431.001	-11	9760
16432.001	8	9776
16433.001	-1	9769
16434.001	3	9773
16435.001	-3	9768
16436.001	2	9772
16437.001	9	9779
16438.001	-4	9769
16439.001	7	9779
16440.001	1	9775
16441.001	-2	9772
16442.001	-1	9773
16443.001	-1	9772
16444.001	6	9779
16445.001	-7	9768
16446.001	5	9778
16447.001	-7	9767
16448.001	-1	9771
16449.001	-6	9766
16450.001	8	9778
16451.001	-4	9768
16452.001	0	9771
16453.001	8	9779
16454.001	-5	9769
16455.001	6	9778
16456.001	-6	9768
16457.001	-1	9771
16458.001	1	9773
16459.001	1	9773
16460.001	-6	9766
16461.001	0	9771
16462.001	9	9780
16463.001	-4	9769
16464.001	-7	9765
16465.001	-6	9764
16466.001	3	9771
16467.001	-2	9767
16468.001	4	9772
16469.001	10	9780
16470.001	-9	9764
16471.001	0	9770
16472.001	-4	9766
16473.001	3	9772
16474.001	4	9774
16475.001	-4	9767
16476.001	2	9772
16477.001	-3	9767
16478.001	2	9771
16479.001	-2	9768
16480.001	2	9771
16481.001	4	9774
16482.001	2	9773
16483.001	2	9774
16484.001	-6	9766
16485.001	1	9772
16486.001	-4	9767
16487.001	1	9771
16488.001	3	9773
16489.001	-10	9761
16490.001	9	9777
16491.001	-2	9769
16492.001	2	9772
16493.001	-3	9768
16494.001	8	9778
16495.001	-3	9769
16496.001	1	9772
16497.001	-5	9766
16498.001	7	9777
16499.001	3	9775
16500.001	-6	9767
16501.001	0	9771
16502.001	-5	9766
16503.001	2	9772
16504.001	-3	9767
16505.001	2	9771
16506.001	-3	9767
16507.001	3	9772
16508.001	-3	9767
16509.001	3	9772
16510.001	-3	9767
16511.001	3	9772
16512.001	-3	9767
16513.001	3	9772
16514.001	-3	9767
16515.001	3	9772
16516.001	-3	9767
16517.001	9	9778
16518.001	-2	9770
16519.001	1	9772
16520.001	-5	9766
16521.001	1	9771
16522.001	3	9773
16523.001	2	9773
16524.001	8	9780
16525.001	-5	9769
16526.001	-2	9771
16527.001	-6	9766
16528.001	7	9777
16529.001	9	9781
16530.001	0	9775
16531.001	-2	9773
16532.001	-2	9772
16533.001	-2	9772
16534.001	5	9778
16535.001	-7	9768
16536.001	-2	9771
16537.001	0	9772
16538.001	1	9773
16539.001	0	9772
16540.001	1	9773
16541.001	0	9773
16542.001	7	9780
16543.001	-7	9768
16544.001	-2	9771
16545.001	7	9779
16546.001	0	9774
16547.001	-1	9773
16548.001	-1	9773
16549.001	-2	9772
16550.001	-7	9766
16551.001	0	9771
16552.001	2	9773
16553.001	2	9773
16554.001	7	9779
16555.001	-5	9769
16556.001	5	9778
16557.001	-7	9767
16558.001	5	9777
16559.001	1	9775
16560.001	-1	9773
16561.001	5	9779
16562.001	-7	9768
16563.001	4	9777
16564.001	-6	9768
16565.001	5	9777
16566.001	0	9774
16567.001	-1	9773
16568.001	-1	9773
16569.001	-1	9772
16570.001	-7	9766
16571.001	6	9777
16572.001	-5	9768
16573.001	7	9778
16574.001	-5	9768
16575.001	6	9778
16576.001	-6	9768
16577.001	6	9778
16578.001	1	9775
16579.001	-7	9767
16580.001	5	9777
16581.001	-5	9768
16582.001	5	9777
16583.001	1	9774
16584.001	0	9774
16585.001	-1	9773
16586.001	6	9779
16587.001	-7	9768
16588.001	4	9777
16589.001	-7	9767
16590.001	5	9777
16591.001	-6	9768
16592.001	6	9778
16593.001	1	9775
16594.001	-1	9773
16595.001	-7	9767
16596.001	5	9776
16597.001	2	9775
16598.001	5	9779
16599.001	-7	9768
16600.001	4	9777
16601.001	0	9774
16602.001	5	9779
16603.001	-8	9768
16604.001	4	9777
16605.001	-1	9773
16606.001	11	9785
16607.001	-8	9769
16608.001	9	9784
16609.001	-9	9769
16610.001	8	9783
16611.001	-9	9768
16612.001	2	9777
16613.001	-2	9773
16614.001	-3	9772
16615.001	-2	9772
16616.001	-1	9772
16617.001	-7	9766
16618.001	6	9777
16619.001	-5	9768
16620.001	0	9771
16621.001	-4	9767
16622.001	1	9771
16623.001	-3	9767
16624.001	2	9771
16625.001	-3	9767
16626.001	3	9772
16627.001	-3	9767
16628.001	3	9772
16629.001	10	9780
16630.001	-4	9769
16631.001	7	9779
16632.001	-6	9768
16633.001	5	9777
16634.001	-5	9769
16635.001	5	9777
16636.001	1	9775
16637.001	-1	9773
16638.001	-1	9773
16639.001	5	9778
16640.001	0	9775
16641.001	10	9785
16642.001	-1	9777
16643.001	1	9778
16644.001	1	9779
16645.001	-5	9773
16646.001	1	9778
16647.001	-3	9774
16648.001	2	9778
16649.001	-3	9774
16650.001	9	9785
16651.001	-3	9775
16652.001	1	9778
16653.001	1	9779
16654.001	1	9779
16655.001	2	9780
16656.001	0	9779
16657.001	7	9786
16658.001	-6	9775
16659.001	4	9783
16660.001	-6	9774
16661.001	-2	9777
16662.001	1	9779
16663.001	1	9779
16664.001	-6	9773
16665.001	7	9784
16666.001	-4	9775
16667.001	7	9785
16668.001	-5	9775
16669.001	-1	9777
16670.001	1	9779
16671.001	1	9779
16672.001	-6	9773
16673.001	0	9777
16674.001	-4	9773
16675.001	3	9779
16676.001	-3	9774
16677.001	-4	9772
16678.001	-3	9771
16679.001	-2	9772
16680.001	-1	9772
16681.001	0	9773
16682.001	0	9773
16683.001	0	9773
16684.001	0	9773
16685.001	0	9773
16686.001	-6	9767
16687.001	0	9771
16688.001	-4	9767
16689.001	2	9772
16690.001	-4	9766
16691.001	3	9772
16692.001	-3	9767
16693.001	3	9772
16694.001	-3	9767
16695.001	9	9778
16696.001	-2	9770
16697.001	7	9778
16698.001	-5	9768
16699.001	-1	9771
16700.001	-5	9766
16701.001	8	9778
16702.001	-4	9768
16703.001	-6	9765
16704.001	2	9771
16705.001	-3	9767
16706.001	9	9778
16707.001	-10	9762
16708.001	8	9777
16709.001	-2	9769
16710.001	1	9772
16711.001	-4	9767
16712.001	-5	9765
16713.001	-3	9765
16714.001	5	9772
16715.001	-1	9768
16716.001	4	9772
16717.001	-3	9767
16718.001	4	9773
16719.001	-9	9761
16720.001	2	9769
16721.001	-1	9767
16722.001	-1	9767
16723.001	-1	9766
16724.001	-1	9766
16725.001	6	9773
16726.001	-7	9761
16727.001	4	9770
16728.001	-6	9762
16729.001	5	9771
16730.001	-6	9761
16731.001	6	9771
16732.001	-6	9761
16733.001	-1	9764
16734.001	8	9773
16735.001	-6	9762
16736.001	6	9772
16737.001	-6	9762
16738.001	5	9771
16739.001	-6	9761
16740.001	5	9770
16741.001	1	9768
16742.001	6	9773
16743.001	-7	9762
16744.001	3	9770
16745.001	0	9768
16746.001	5	9773
16747.001	-8	9761
16748.001	3	9770
16749.001	-7	9761
16750.001	5	9771
16751.001	1	9768
16752.001	5	9773
16753.001	-1	9768
16754.001	3	9772
16755.001	-2	9768
16756.001	-3	9766
16757.001	3	9771
16758.001	-2	9767
16759.001	4	9772
16760.001	-2	9768
16761.001	-3	9766
16762.001	-3	9765
16763.001	-2	9765
16764.001	-1	9766
16765.001	0	9766
16766.001	6	9772
16767.001	0	9768
16768.001	5	9773
16769.001	-8	9762
16770.001	3	9770
16771.001	-1	9767
16772.001	4	9772
16773.001	-1	9768
16774.001	4	9773
16775.001	-3	9767
16776.001	3	9772
16777.001	-3	9767
16778.001	9	9778
16779.001	-2	9770
16780.001	7	9778
16781.001	-5	9768
16782.001	6	9778
16783.001	-6	9768
16784.001	6	9778
16785.001	1	9775
16786.001	-1	9773
16787.001	-1	9773
16788.001	6	9779
16789.001	5	9780
16790.001	-8	9769
16791.001	2	9776
16792.001	-1	9774
16793.001	4	9778
16794.001	-1	9775
16795.001	-4	9771
16796.001	-2	9772
16797.001	-1	9773
16798.001	-1	9772
16799.001	6	9779
16800.001	-7	9768
16801.001	4	9777
16802.001	-6	9768
16803.001	5	9777
16804.001	-6	9768
16805.001	6	9778
16806.001	1	9775
16807.001	-1	9773
16808.001	5	9779
16809.001	-7	9768
16810.001	4	9777
16811.001	0	9774
16812.001	5	9779
16813.001	-8	9768
16814.001	4	9777
16815.001	-1	9773
16816.001	5	9779
16817.001	-2	9774
16818.001	4	9779
16819.001	-9	9767
16820.001	3	9777
16821.001	6	9780
16822.001	-2	9774
16823.001	3	9779
16824.001	-3	9774
16825.001	2	9778
16826.001	-9	9767
16827.001	3	9777
16828.001	-1	9773
16829.001	-2	9772
16830.001	-1	9773
16831.001	5	9778
16832.001	-7	9768
16833.001	-1	9772
16834.001	-7	9765
16835.001	0	9770
16836.001	3	9773
16837.001	2	9773
16838.001	-11	9761
16839.001	8	9776
16840.001	-9	9762
16841.001	2	9770
16842.001	-2	9767
16843.001	4	9772
16844.001	-8	9761
16845.001	3	9770
16846.001	6	9774
16847.001	-2	9768
16848.001	3	9772
16849.001	-9	9761
16850.001	3	9770
16851.001	-7	9761
16852.001	4	9770
16853.001	1	9768
16854.001	5	9773
16855.001	-8	9761
16856.001	4	9771
16857.001	0	9768
16858.001	5	9773
16859.001	-2	9767
16860.001	10	9779
16861.001	-3	9769
16862.001	1	9772
16863.001	-4	9767
16864.001	8	9778
16865.001	-4	9768
16866.001	0	9771
16867.001	2	9773
16868.001	2	9774
16869.001	-6	9766
16870.001	1	9772
16871.001	-5	9766
16872.001	9	9778
16873.001	-10	9762
16874.001	7	9776
16875.001	-3	9768
16876.001	2	9772
16877.001	-10	9761
16878.001	2	9770
16879.001	4	9772
16880.001	5	9775
16881.001	-4	9767
16882.001	2	9772
16883.001	-3	9768
16884.001	2	9772
16885.001	9	9779
16886.001	-4	9769
16887.001	0	9772
16888.001	-6	9766
16889.001	8	9778
16890.001	-4	9768
16891.001	1	9772
16892.001	1	9772
16893.001	1	9773
16894.001	1	9773
16895.001	7	9779
16896.001	7	9781
16897.001	-1	9776
16898.001	-4	9772
16899.001	-4	9771
16900.001	-2	9772
16901.001	-1	9772
16902.001	6	9779
16903.001	6	9781
16904.001	-9	9768
16905.001	3	9777
16906.001	-1	9774
16907.001	4	9778
16908.001	-2	9774
16909.001	4	9779
16910.001	-3	9773
16911.001	3	9778
16912.001	-2	9774
16913.001	3	9779
16914.001	3	9780
16915.001	-4	9773
16916.001	2	9778
16917.001	-4	9773
16918.001	3	9779
16919.001	-3	9774
16920.001	2	9778
16921.001	4	9780
16922.001	-4	9773
16923.001	2	9778
16924.001	3	9780
16925.001	-5	9773
16926.001	2	9778
16927.001	-4	9773
16928.001	3	9779
16929.001	-10	9767
16930.001	9	9783
16931.001	6	9782
16932.001	-10	9768
16933.001	1	9776
16934.001	-9	9766
16935.001	4	9777
16936.001	7	9781
16937.001	-8	9768
16938.001	3	9777
16939.001	-7	9767
16940.001	-2	9770
16941.001	0	9772
16942.001	1	9773
16943.001	1	9773
16944.001	-5	9767
16945.001	6	9777
16946.001	-4	9769
16947.001	0	9771
16948.001	1	9772
16949.001	-5	9767
16950.001	1	9771
16951.001	-10	9761
16952.001	2	9770
16953.001	5	9773
16954.001	-8	9762
16955.001	3	9770
16956.001	-8	9760
16957.001	5	9771
16958.001	1	9768
16959.001	-8	9760
16960.001	5	9770
16961.001	-5	9762
16962.001	0	9765
16963.001	7	9772
16964.001	-5	9762
16965.001	6	9772
16966.001	7	9775
16967.001	-2	9768
16968.001	4	9773
16969.001	-3	9767
16970.001	2	9771
16971.001	4	9774
16972.001	-4	9767
16973.001	2	9772
16974.001	2	9773
16975.001	-10	9761
16976.001	1	9769
16977.001	5	9773
16978.001	-2	9768
16979.001	2	9771
16980.001	-3	9767
16981.001	3	9772
16982.001	-2	9768
16983.001	-4	9765
16984.001	-3	9765
16985.001	4	9771
16986.001	6	9774
16987.001	-2	9768
16988.001	2	9772
16989.001	-3	9767
16990.001	2	9771
16991.001	-9	9761
16992.001	3	9770
16993.001	-8	9760
16994.001	5	9771
16995.001	0	9767
16996.001	0	9767
16997.001	-1	9766
16998.001	-1	9766
16999.001	-1	9766
17000.001	0	9766
17001.001	6	9772
17002.001	-6	9762
17003.001	4	9770
17004.001	-6	9762
17005.001	5	9771
17006.001	0	9767
17007.001	0	9767
17008.001	-1	9766
17009.001	-8	9759
17010.001	6	9771
17011.001	8	9774
17012.001	-6	9763
17013.001	4	9771
17014.001	6	9774
17015.001	-2	9768
17016.001	-4	9765
17017.001	-3	9765
17018.001	5	9772
17019.001	5	9774
17020.001	-9	9761
17021.001	3	9771
17022.001	-8	9760
17023.001	4	9770
17024.001	1	9768
17025.001	-1	9767
17026.001	-1	9766
17027.001	-1	9766
17028.001	-1	9766
17029.001	-1	9765
17030.001	1	9767
17031.001	0	9766
17032.001	0	9766
17033.001	-7	9759
17034.001	0	9764
17035.001	2	9766
17036.001	2	9767
17037.001	-5	9760
17038.001	8	9772
17039.001	2	9768
17040.001	0	9767
17041.001	0	9767
17042.001	5	9772
17043.001	-7	9761
17044.001	4	9770
17045.001	7	9775
17046.001	-8	9762
17047.001	3	9770
17048.001	-1	9767
17049.001	-1	9767
17050.001	5	9773
17051.001	5	9774
17052.001	-3	9768
17053.001	-4	9766
17054.001	3	9771
17055.001	-2	9767
17056.001	3	9772
17057.001	-2	9768
17058.001	3	9772
17059.001	3	9773
17060.001	-3	9768
17061.001	2	9772
17062.001	3	9774
17063.001	-5	9766
17064.001	8	9778
17065.001	9	9781
17066.001	-6	9769
17067.001	-2	9771
17068.001	-1	9772
17069.001	-6	9766
17070.001	0	9771
17071.001	-4	9767
17072.001	2	9771
17073.001	10	9780
17074.001	-10	9763
17075.001	0	9770
17076.001	2	9772
17077.001	-3	9768
17078.001	2	9772
17079.001	-3	9767
17080.001	2	9771
17081.001	3	9773
17082.001	-10	9761
17083.001	-4	9764
17084.001	-1	9766
17085.001	-1	9765
17086.001	6	9772
17087.001	-6	9762
17088.001	5	9771
17089.001	7	9775
17090.001	-2	9768
17091.001	-3	9766
17092.001	-9	9759
17093.001	5	9770
17094.001	7	9774
17095.001	-7	9762
17096.001	4	9771
17097.001	-7	9761
17098.001	4	9770
17099.001	7	9774
17100.001	-1	9768
17101.001	3	9772
17102.001	-3	9767
17103.001	3	9772
17104.001	-9	9761
17105.001	3	9770
17106.001	5	9773
17107.001	-1	9769
17108.001	3	9772
17109.001	-3	9767
17110.001	8	9777
17111.001	4	9776
17112.001	1	9774
17113.001	0	9773
17114.001	-7	9766
17115.001	-1	9770
17116.001	8	9779
17117.001	-4	9769
17118.001	-1	9771
17119.001	-6	9766
17120.001	1	9771
17121.001	3	9773
17122.001	-4	9767
17123.001	2	9772
17124.001	3	9774
17125.001	-11	9760
17126.001	1	9769
17127.001	5	9773
17128.001	-9	9761
17129.001	3	9770
17130.001	6	9774
17131.001	-9	9761
17132.001	-3	9764
17133.001	5	9771
17134.001	-6	9762
17135.001	5	9771
17136.001	-7	9761
17137.001	-1	9764
17138.001	8	9773
17139.001	-6	9762
17140.001	5	9771
17141.001	-5	9762
17142.001	5	9771
17143.001	-6	9761
17144.001	12	9777
17145.001	-5	9764
17146.001	3	9771
17147.001	-1	9767
17148.001	4	9772
17149.001	-1	9768
17150.001	3	9772
17151.001	-3	9767
17152.001	3	9772
17153.001	4	9774
17154.001	-4	9767
17155.001	2	9772
17156.001	-10	9761
17157.001	2	9770
17158.001	11	9779
17159.001	-2	9769
17160.001	2	9773
17161.001	-5	9766
17162.001	1	9771
17163.001	-3	9767
17164.001	2	9771
17165.001	-3	9767
17166.001	3	9772
17167.001	4	9774
17168.001	-4	9767
17169.001	8	9778
17170.001	-4	9768
17171.001	1	9772
17172.001	-5	9766
17173.001	8	9778
17174.001	2	9774
17175.001	-6	9767
17176.001	0	9771
17177.001	-5	9766
17178.001	8	9778
17179.001	3	9775
17180.001	-5	9768
17181.001	-1	9770
17182.001	1	9772
17183.001	-4	9767
17184.001	7	9777
17185.001	3	9775
17186.001	0	9773
17187.001	0	9773
17188.001	-1	9772
17189.001	-7	9766
17190.001	6	9777
17191.001	-4	9769
17192.001	0	9771
17193.001	7	9778
17194.001	-5	9769
17195.001	6	9778
17196.001	1	9775
17197.001	-8	9766
17198.001	-1	9771
17199.001	1	9772
17200.001	1	9773
17201.001	1	9773
17202.001	-6	9766
17203.001	0	9771
17204.001	3	9774
17205.001	-5	9766
17206.001	2	9772
17207.001	-10	9761
17208.001	2	9770
17209.001	5	9773
17210.001	-2	9768
17211.001	-3	9766
17212.001	4	9772
17213.001	-2	9767
17214.001	-3	9766
17215.001	-3	9765
17216.001	5	9772
17217.001	6	9774
17218.001	-9	9761
17219.001	3	9771
17220.001	5	9773
17221.001	-8	9762
17222.001	2	9770
17223.001	-1	9767
17224.001	-2	9766
17225.001	-1	9766
17226.001	5	9772
17227.001	-7	9761
17228.001	5	9771
17229.001	0	9768
17230.001	-2	9766
17231.001	5	9772
17232.001	-1	9768
17233.001	4	9772
17234.001	4	9774
17235.001	-3	9768
17236.001	2	9772
17237.001	2	9773
17238.001	3	9774
17239.001	1	9773
17240.001	-6	9766
17241.001	1	9772
17242.001	8	9779
17243.001	-4	9769
17244.001	6	9778
17245.001	0	9774
17246.001	-1	9773
17247.001	-1	9773
17248.001	6	9779
17249.001	-7	9768
17250.001	4	9777
17251.001	0	9774
17252.001	-2	9772
17253.001	5	9779
17254.001	-1	9774
17255.001	-2	9773
17256.001	-2	9772
17257.001	-1	9773
17258.001	-8	9765
17259.001	6	9777
17260.001	2	9775
17261.001	-6	9767
17262.001	-1	9770
17263.001	1	9772
17264.001	-4	9767
17265.001	1	9771
17266.001	9	9780
17267.001	-5	9768
17268.001	0	9772
17269.001	-6	9766
17270.001	8	9778
17271.001	2	9774
17272.001	1	9774
17273.001	-7	9766
17274.001	6	9777
17275.001	-5	9768
17276.001	6	9777
17277.001	2	9775
17278.001	-1	9773
17279.001	5	9779
17280.001	-7	9768
17281.001	4	9777
17282.001	0	9774
17283.001	-8	9766
17284.001	-1	9771
17285.001	1	9772
17286.001	-5	9767
17287.001	1	9771
17288.001	2	9773
17289.001	-4	9767
17290.001	1	9771
17291.001	-10	9760
17292.001	3	9770
17293.001	-1	9767
17294.001	-2	9766
17295.001	5	9772
17296.001	5	9774
17297.001	-8	9762
17298.001	2	9770
17299.001	-8	9760
17300.001	-2	9764
17301.001	7	9772
17302.001	-6	9762
17303.001	5	9771
17304.001	7	9774
17305.001	-7	9762
17306.001	3	9770
17307.001	-1	9767
17308.001	-8	9760
17309.001	5	9770
17310.001	1	9768
17311.001	-7	9760
17312.001	-1	9764
17313.001	1	9766
17314.001	8	9773
17315.001	-5	9763
17316.001	-1	9765
17317.001	-13	9753
17318.001	1	9763
17319.001	4	9766
17320.001	4	9767
17321.001	-3	9762
17322.001	1	9765
17323.001	-3	9761
17324.001	-4	9759
17325.001	3	9765
17326.001	-2	9761
17327.001	4	9766
17328.001	-3	9760
17329.001	3	9765
17330.001	-2	9761
17331.001	3	9766
17332.001	-3	9761
17333.001	3	9766
17334.001	-10	9754
17335.001	3	9764
17336.001	6	9768
17337.001	-8	9755
17338.001	3	9764
17339.001	-1	9761
17340.001	4	9766
17341.001	-1	9762
17342.001	3	9765
17343.001	4	9767
17344.001	3	9768
17345.001	-5	9760
17346.001	8	9772
17347.001	2	9768
17348.001	0	9767
17349.001	-1	9766
17350.001	6	9773
17351.001	-7	9761
17352.001	5	9771
17353.001	6	9774
17354.001	5	9775
17355.001	-10	9761
17356.001	2	9770
17357.001	4	9773
17358.001	-2	9768
17359.001	2	9771
17360.001	4	9774
17361.001	3	9774
17362.001	-5	9767
17363.001	1	9772
17364.001	8	9779
17365.001	2	9775
17366.001	-7	9767
17367.001	-1	9771
17368.001	7	9778
17369.001	-5	9769
17370.001	-1	9771
17371.001	1	9773
17372.001	1	9773
17373.001	-6	9766
17374.001	0	9771
17375.001	9	9780
17376.001	-4	9769
17377.001	-1	9771
17378.001	1	9773
17379.001	1	9773
17380.001	-6	9766
17381.001	7	9778
17382.001	2	9775
17383.001	0	9773
17384.001	-7	9766
17385.001	0	9771
17386.001	8	9779
17387.001	-5	9769
17388.001	-1	9771
17389.001	1	9773
17390.001	7	9779
17391.001	-6	9768
17392.001	-1	9771
17393.001	7	9779
17394.001	-6	9768
17395.001	-1	9771
17396.001	7	9779
17397.001	0	9774
17398.001	-8	9766
17399.001	5	9777
17400.001	1	9774
17401.001	-7	9767
17402.001	-1	9770
17403.001	8	9779
17404.001	2	9776
17405.001	-7	9767
17406.001	-2	9770
17407.001	1	9772
17408.001	-5	9767
17409.001	1	9771
17410.001	9	9780
17411.001	2	9775
17412.001	-1	9773
17413.001	-1	9773
17414.001	5	9778
17415.001	6	9781
17416.001	-8	9769
17417.001	-4	9770
17418.001	-1	9772
17419.001	-1	9772
17420.001	7	9779
17421.001	0	9774
17422.001	-1	9773
17423.001	-2	9772
17424.001	-1	9773
17425.001	-1	9772
17426.001	6	9779
17427.001	-14	9761
17428.001	-2	9769
17429.001	2	9772
17430.001	3	9774
17431.001	-4	9767
17432.001	1	9771
17433.001	-4	9767
17434.001	3	9772
17435.001	-3	9767
17436.001	-4	9765
17437.001	3	9771
17438.001	-8	9761
17439.001	-3	9764
17440.001	6	9772
17441.001	-6	9762
17442.001	-1	9765
17443.001	0	9765
17444.001	8	9773
17445.001	-6	9762
17446.001	-1	9765
17447.001	-6	9760
17448.001	0	9764
17449.001	2	9766
17450.001	9	9774
17451.001	-4	9763
17452.001	-1	9765
17453.001	0	9766
17454.001	-6	9760
17455.001	1	9765
17456.001	2	9766
17457.001	-4	9761
17458.001	8	9772
17459.001	2	9768
17460.001	-6	9761
17461.001	0	9765
17462.001	8	9773
17463.001	1	9768
17464.001	-7	9761
17465.001	-1	9764
17466.001	0	9765
17467.001	-5	9760
17468.001	1	9765
17469.001	3	9767
17470.001	-4	9761
17471.001	1	9765
17472.001	3	9767
17473.001	-4	9761
17474.001	2	9766
17475.001	2	9766
17476.001	-4	9761
17477.001	2	9766
17478.001	2	9766
17479.001	-4	9761
17480.001	1	9765
17481.001	3	9767
17482.001	2	9767
17483.001	-5	9760
17484.001	1	9765
17485.001	3	9767
17486.001	-5	9760
17487.001	2	9766
17488.001	2	9766
17489.001	-4	9761
17490.001	1	9765
17491.001	-3	9761
17492.001	-4	9759
17493.001	3	9765
17494.001	4	9767
17495.001	-3	9761
17496.001	3	9766
17497.001	-3	9761
17498.001	9	9772
17499.001	-4	9762
17500.001	1	9766
17501.001	8	9773
17502.001	-5	9762
17503.001	6	9772
17504.001	7	9775
17505.001	-8	9762
17506.001	3	9770
17507.001	-7	9761
17508.001	4	9770
17509.001	1	9768
17510.001	-1	9767
17511.001	-2	9765
17512.001	6	9773
17513.001	-7	9761
17514.001	5	9771
17515.001	-7	9761
17516.001	5	9771
17517.001	1	9768
17518.001	-2	9766
17519.001	6	9773
17520.001	-7	9762
17521.001	4	9771
17522.001	12	9780
17523.001	-1	9770
17524.001	1	9772
17525.001	-5	9766
17526.001	1	9771
17527.001	3	9773
17528.001	-4	9767
17529.001	2	9772
17530.001	-4	9767
17531.001	2	9771
17532.001	-3	9767
17533.001	3	9772
17534.001	-3	9767
17535.001	-3	9766
17536.001	3	9771
17537.001	-8	9761
17538.001	4	9771
17539.001	-7	9761
17540.001	5	9771
17541.001	0	9767
17542.001	0	9767
17543.001	-2	9765
17544.001	0	9767
17545.001	-7	9760
17546.001	-1	9764
17547.001	-4	9760
17548.001	2	9765
17549.001	10	9774
17550.001	-4	9763
17551.001	0	9765
17552.001	-6	9759
17553.001	7	9771
17554.001	-4	9762
17555.001	1	9766
17556.001	2	9767
17557.001	8	9773
17558.001	-6	9762
17559.001	5	9771
17560.001	7	9775
17561.001	-2	9768
17562.001	4	9773
17563.001	-3	9767
17564.001	2	9771
17565.001	-3	9767
17566.001	3	9772
17567.001	10	9780
17568.001	-4	9769
17569.001	0	9772
17570.001	1	9773
17571.001	1	9773
17572.001	-6	9766
17573.001	1	9772
17574.001	-4	9767
17575.001	8	9778
17576.001	-4	9768
17577.001	1	9772
17578.001	2	9773
17579.001	-5	9767
17580.001	8	9778
17581.001	-5	9768
17582.001	1	9772
17583.001	-5	9766
17584.001	1	9771
17585.001	3	9773
17586.001	2	9773
17587.001	-5	9767
17588.001	2	9772
17589.001	-5	9766
17590.001	9	9778
17591.001	-3	9769
17592.001	0	9771
17593.001	-5	9766
17594.001	2	9772
17595.001	-3	9767
17596.001	2	9771
17597.001	4	9774
17598.001	-4	9767
17599.001	1	9771
17600.001	-10	9760
17601.001	3	9770
17602.001	-1	9767
17603.001	5	9773
17604.001	-8	9761
17605.001	3	9770
17606.001	-1	9767
17607.001	5	9773
17608.001	-1	9768
17609.001	4	9773
17610.001	4	9774
17611.001	-10	9761
17612.001	1	9769
17613.001	-2	9766
17614.001	5	9773
17615.001	-2	9767
17616.001	3	9772
17617.001	-8	9762
17618.001	3	9770
17619.001	-1	9767
17620.001	-2	9766
17621.001	-2	9765
17622.001	0	9767
17623.001	6	9773
17624.001	-1	9767
17625.001	5	9773
17626.001	-9	9761
17627.001	3	9770
17628.001	0	9768
17629.001	5	9773
17630.001	-8	9761
17631.001	3	9770
17632.001	-7	9761
17633.001	5	9771
17634.001	0	9767
17635.001	-1	9766
17636.001	0	9767
17637.001	5	9772
17638.001	-7	9761
17639.001	4	9770
17640.001	1	9769
17641.001	11	9779
17642.001	-8	9763
17643.001	2	9771
17644.001	-3	9766
17645.001	4	9772
17646.001	4	9774
17647.001	3	9774
17648.001	2	9774
17649.001	-5	9767
17650.001	0	9771
17651.001	-5	9766
17652.001	2	9771
17653.001	4	9774
17654.001	2	9773
17655.001	2	9774
17656.001	1	9773
17657.001	7	9780
17658.001	-7	9768
17659.001	-8	9765
17660.001	6	9776
17661.001	9	9781
17662.001	-5	9770
17663.001	-3	9770
17664.001	0	9772
17665.001	0	9772
17666.001	7	9779
17667.001	1	9775
17668.001	4	9779
17669.001	-2	9774
17670.001	-3	9772
17671.001	-3	9771
17672.001	-2	9772
17673.001	0	9773
17674.001	6	9779
17675.001	-7	9768
17676.001	5	9778
17677.001	-7	9767
17678.001	-1	9771
17679.001	1	9773
17680.001	1	9773
17681.001	-6	9766
17682.001	0	9771
17683.001	2	9773
17684.001	2	9773
17685.001	8	9780
17686.001	-5	9769
17687.001	5	9778
17688.001	-6	9768
17689.001	-2	9770
17690.001	7	9779
17691.001	-6	9768
17692.001	6	9778
17693.001	-6	9768
17694.001	-1	9771
17695.001	-6	9766
17696.001	1	9771
17697.001	3	9773
17698.001	-4	9767
17699.001	8	9778
17700.001	-4	9768
17701.001	7	9778
17702.001	-5	9768
17703.001	-7	9765
17704.001	8	9778
17705.001	-4	9768
17706.001	1	9772
17707.001	-4	9767
17708.001	-5	9765
17709.001	9	9777
17710.001	-2	9769
17711.001	1	9772
17712.001	-4	9767
17713.001	9	9779
17714.001	-4	9768
17715.001	-6	9765
17716.001	8	9777
17717.001	3	9775
17718.001	1	9774
17719.001	-6	9767
17720.001	0	9771
17721.001	8	9779
17722.001	-5	9769
17723.001	-1	9771
17724.001	-6	9766
17725.001	8	9778
17726.001	-4	9768
17727.001	7	9778
17728.001	-5	9768
17729.001	-1	9771
17730.001	1	9772
17731.001	2	9774
17732.001	1	9773
17733.001	0	9773
17734.001	0	9773
17735.001	0	9773
17736.001	0	9773
17737.001	0	9773
17738.001	7	9780
17739.001	-7	9768
17740.001	-8	9765
17741.001	7	9777
17742.001	-4	9768
17743.001	6	9777
17744.001	-4	9769
17745.001	-1	9771
17746.001	1	9772
17747.001	2	9774
17748.001	-6	9766
17749.001	7	9778
17750.001	2	9775
17751.001	0	9773
17752.001	-7	9766
17753.001	6	9777
17754.001	-5	9768
17755.001	-6	9765
17756.001	1	9771
17757.001	-4	9766
17758.001	3	9772
17759.001	-2	9768
17760.001	3	9772
17761.001	-3	9767
17762.001	3	9772
17763.001	3	9773
17764.001	3	9774
17765.001	-4	9768
17766.001	-6	9765
17767.001	9	9778
17768.001	-3	9768
17769.001	2	9773
17770.001	2	9773
17771.001	2	9774
17772.001	0	9772
17773.001	7	9779
17774.001	-6	9768
17775.001	5	9778
17776.001	0	9774
17777.001	-1	9773
17778.001	-2	9772
17779.001	-1	9772
17780.001	-1	9772
17781.001	0	9773
17782.001	0	9773
17783.001	-6	9767
17784.001	6	9777
17785.001	2	9775
17786.001	7	9780
17787.001	-7	9768
17788.001	3	9776
17789.001	0	9774
17790.001	-8	9766
17791.001	5	9777
17792.001	1	9774
17793.001	6	9780
17794.001	-1	9774
17795.001	-3	9772
17796.001	-2	9772
17797.001	5	9779
17798.001	-7	9768
17799.001	-9	9764
17800.001	6	9776
17801.001	-4	9768
17802.001	1	9772
17803.001	-5	9766
17804.001	8	9778
17805.001	-3	9769
17806.001	-6	9765
17807.001	8	9777
17808.001	-3	9769
17809.001	-5	9766
17810.001	8	9777
17811.001	-3	9769
17812.001	1	9772
17813.001	-5	9766
17814.001	2	9772
17815.001	3	9773
17816.001	3	9774
17817.001	-5	9767
17818.001	7	9778
17819.001	-4	9769
17820.001	0	9771
17821.001	1	9772
17822.001	1	9773
17823.001	1	9773
17824.001	1	9773
17825.001	-6	9767
17826.001	6	9777
17827.001	-4	9769
17828.001	13	9784
17829.001	-5	9770
17830.001	-10	9764
17831.001	6	9777
17832.001	-5	9768
17833.001	7	9778
17834.001	-5	9768
17835.001	6	9778
17836.001	-6	9768
17837.001	-7	9765
17838.001	7	9777
17839.001	-3	9769
17840.001	1	9772
17841.001	-5	9766
17842.001	8	9778
17843.001	-3	9769
17844.001	-6	9765
17845.001	2	9771
17846.001	-3	9767
17847.001	9	9778
17848.001	-3	9769
17849.001	8	9779
17850.001	2	9775
17851.001	-7	9767
17852.001	5	9777
17853.001	-6	9767
17854.001	0	9771
17855.001	1	9772
17856.001	2	9774
17857.001	7	9779
17858.001	-6	9768
17859.001	-8	9765
17860.001	6	9776
17861.001	3	9775
17862.001	0	9773
17863.001	0	9773
17864.001	-6	9767
17865.001	6	9777
17866.001	-5	9768
17867.001	-7	9764
17868.001	1	9770
17869.001	4	9774
17870.001	3	9774
17871.001	-5	9767
17872.001	-5	9765
17873.001	9	9778
17874.001	-3	9768
17875.001	-5	9766
17876.001	9	9778
17877.001	-3	9769
17878.001	8	9779
17879.001	-5	9768
17880.001	-7	9765
17881.001	1	9771
17882.001	-3	9767
17883.001	2	9771
17884.001	-2	9768
17885.001	-4	9765
17886.001	-2	9766
17887.001	11	9778
17888.001	-7	9764
17889.001	2	9770
17890.001	-2	9767
17891.001	-9	9759
17892.001	4	9770
17893.001	0	9767
17894.001	-7	9760
17895.001	0	9765
17896.001	1	9766
17897.001	-5	9760
17898.001	1	9765
17899.001	-3	9761
17900.001	2	9765
17901.001	-3	9761
17902.001	2	9765
17903.001	4	9767
17904.001	-3	9762
17905.001	8	9772
17906.001	-4	9762
17907.001	7	9772
17908.001	-5	9762
17909.001	-1	9764
17910.001	1	9766
17911.001	1	9766
17912.001	8	9774
17913.001	-6	9762
17914.001	-9	9757
17915.001	7	9771
17916.001	-4	9762
17917.001	1	9766
17918.001	2	9767
17919.001	-5	9760
17920.001	7	9771
17921.001	-4	9762
17922.001	6	9771
17923.001	-4	9763
17924.001	-7	9758
17925.001	1	9764
17926.001	-4	9760
17927.001	9	9771
17928.001	-2	9763
17929.001	7	9772
17930.001	-4	9763
17931.001	6	9771
17932.001	-6	9761
17933.001	6	9771
17934.001	-6	9761
17935.001	-1	9764
17936.001	-5	9760
17937.001	7	9771
17938.001	-3	9763
17939.001	0	9765
17940.001	-5	9760
17941.001	2	9765
17942.001	3	9767
17943.001	2	9767
17944.001	-5	9760
17945.001	1	9765
17946.001	-4	9760
17947.001	2	9765
17948.001	-3	9761
17949.001	9	9772
17950.001	-3	9762
17951.001	1	9766
17952.001	2	9767
17953.001	1	9766
17954.001	-5	9761
17955.001	0	9764
17956.001	9	9773
17957.001	-5	9762
17958.001	6	9771
17959.001	1	9768
17960.001	-1	9767
17961.001	-8	9759
17962.001	6	9771
17963.001	8	9775
17964.001	-7	9762
17965.001	4	9771
17966.001	-1	9767
17967.001	-2	9766
17968.001	-1	9766
17969.001	5	9772
17970.001	0	9768
17971.001	10	9778
17972.001	-2	9769
17973.001	8	9779
17974.001	-5	9768
17975.001	-7	9765
17976.001	8	9778
17977.001	3	9775
17978.001	0	9773
17979.001	0	9773
17980.001	0	9773
17981.001	0	9773
17982.001	0	9773
17983.001	-7	9766
17984.001	6	9777
17985.001	2	9775
17986.001	6	9779
17987.001	-6	9769
17988.001	4	9777
17989.001	-7	9767
17990.001	4	9776
17991.001	1	9775
17992.001	-1	9773
17993.001	-1	9773
17994.001	5	9778
17995.001	-7	9768
17996.001	-2	9771
17997.001	0	9772
17998.001	1	9773
17999.001	-6	9766
18000.001	7	9778
18001.001	-4	9769
18002.001	0	9771
18003.001	1	9772
18004.001	1	9773
18005.001	-5	9767
18006.001	1	9772
18007.001	-5	9766
18008.001	2	9771
18009.001	4	9774
18010.001	9	9780
18011.001	-5	9769
18012.001	5	9777
18013.001	-6	9768
18014.001	6	9778
18015.001	-6	9768
18016.001	5	9777
18017.001	1	9775
18018.001	5	9779
18019.001	-1	9774
18020.001	4	9779
18021.001	-9	9767
18022.001	3	9777
18023.001	-1	9773
18024.001	5	9779
18025.001	-8	9768
18026.001	-3	9770
18027.001	6	9778
18028.001	0	9774
18029.001	5	9779
18030.001	-7	9769
18031.001	9	9783
18032.001	-7	9769
18033.001	10	9784
18034.001	-8	9769
18035.001	2	9777
18036.001	-2	9773
18037.001	3	9778
18038.001	-2	9774
18039.001	-3	9772
18040.001	-2	9772
18041.001	5	9779
18042.001	-1	9774
18043.001	4	9779
18044.001	-2	9774
18045.001	3	9778
18046.001	-2	9774
18047.001	3	9779
18048.001	-3	9774
18049.001	2	9778
18050.001	4	9780
18051.001	-4	9773
18052.001	2	9778
18053.001	-4	9773
18054.001	3	9779
18055.001	-10	9767
18056.001	3	9777
18057.001	-1	9773
18058.001	-2	9772
18059.001	-1	9773
18060.001	-1	9772
18061.001	-7	9766
18062.001	0	9771
18063.001	-5	9766
18064.001	9	9778
18065.001	3	9775
18066.001	1	9774
18067.001	-1	9772
18068.001	-7	9766
18069.001	7	9778
18070.001	-5	9768
18071.001	6	9777
18072.001	-5	9768
18073.001	6	9778
18074.001	-6	9768
18075.001	6	9778
18076.001	1	9775
18077.001	-1	9773
18078.001	-7	9767
18079.001	5	9776
18080.001	-5	9768
18081.001	6	9777
18082.001	-5	9768
18083.001	0	9772
18084.001	0	9772
18085.001	2	9774
18086.001	1	9773
18087.001	0	9773
18088.001	0	9773
18089.001	0	9773
18090.001	-6	9767
18091.001	6	9777
18092.001	-5	9768
18093.001	1	9772
18094.001	-5	9766
18095.001	7	9777
18096.001	-3	9769
18097.001	1	9772
18098.001	1	9772
18099.001	-5	9767
18100.001	7	9777
18101.001	-10	9762
18102.001	7	9776
18103.001	-10	9761
18104.001	1	9769
18105.001	-2	9767
18106.001	4	9772
18107.001	-1	9768
18108.001	3	9772
18109.001	4	9774
18110.001	-4	9767
18111.001	8	9778
18112.001	-4	9768
18113.001	1	9772
18114.001	-5	9766
18115.001	8	9778
18116.001	-4	9768
18117.001	0	9771
18118.001	2	9773
18119.001	1	9773
18120.001	1	9773
18121.001	1	9773
18122.001	-6	9767
18123.001	0	9771
18124.001	2	9773
18125.001	2	9773
18126.001	-5	9767
18127.001	0	9771
18128.001	-4	9767
18129.001	9	9778
18130.001	-3	9769
18131.001	7	9778
18132.001	-5	9768
18133.001	6	9778
18134.001	-6	9768
18135.001	6	9778
18136.001	-5	9769
18137.001	5	9777
18138.001	-6	9768
18139.001	6	9778
18140.001	-6	9768
18141.001	6	9778
18142.001	-5	9769
18143.001	-1	9771
18144.001	0	9772
18145.001	1	9773
18146.001	1	9773
18147.001	1	9773
18148.001	0	9773
18149.001	0	9773
18150.001	-6	9767
18151.001	7	9778
18152.001	-5	9768
18153.001	6	9777
18154.001	-5	9768
18155.001	-1	9771
18156.001	-5	9766
18157.001	8	9778
18158.001	-4	9768
18159.001	7	9778
18160.001	-5	9768
18161.001	-1	9771
18162.001	1	9772
18163.001	2	9774
18164.001	1	9773
18165.001	0	9773
18166.001	0	9773
18167.001	6	9779
18168.001	-6	9768
18169.001	5	9778
18170.001	-7	9767
18171.001	5	9777
18172.001	-5	9769
18173.001	-1	9771
18174.001	7	9779
18175.001	-6	9768
18176.001	-1	9771
18177.001	-5	9767
18178.001	1	9771
18179.001	-4	9767
18180.001	8	9777
18181.001	-3	9769
18182.001	1	9772
18183.001	-11	9760
18184.001	2	9770
18185.001	-2	9766
18186.001	4	9772
18187.001	-1	9768
18188.001	4	9773
18189.001	-3	9767
18190.001	3	9772
18191.001	-3	9767
18192.001	3	9772
18193.001	-3	9767
18194.001	3	9772
18195.001	-3	9767
18196.001	-3	9766
18197.001	-3	9765
18198.001	5	9772
18199.001	5	9774
18200.001	4	9774
18201.001	-4	9767
18202.001	1	9771
18203.001	3	9774
18204.001	2	9773
18205.001	-5	9767
18206.001	7	9778
18207.001	-4	9769
18208.001	0	9771
18209.001	1	9772
18210.001	8	9780
18211.001	-6	9768
18212.001	-1	9771
18213.001	0	9772
18214.001	-6	9766
18215.001	8	9778
18216.001	-4	9769
18217.001	0	9771
18218.001	1	9772
18219.001	-5	9767
18220.001	1	9771
18221.001	-4	9767
18222.001	2	9771
18223.001	-3	9767
18224.001	3	9772
18225.001	-3	9767
18226.001	-4	9765
18227.001	4	9772
18228.001	5	9774
18229.001	-3	9768
18230.001	2	9772
18231.001	-3	9767
18232.001	2	9771
18233.001	-2	9768
18234.001	-4	9765
18235.001	3	9771
18236.001	5	9774
18237.001	3	9774
18238.001	-4	9767
18239.001	1	9771
18240.001	3	9774
18241.001	2	9773
18242.001	2	9774
18243.001	-6	9767
18244.001	0	9771
18245.001	8	9779
18246.001	-4	9769
18247.001	-1	9771
18248.001	1	9773
18249.001	1	9773
18250.001	0	9772
18251.001	13	9785
18252.001	-5	9771
18253.001	2	9777
18254.001	-2	9773
18255.001	-2	9773
18256.001	4	9778
18257.001	-1	9774
18258.001	3	9778
18259.001	-2	9774
18260.001	-3	9772
18261.001	4	9778
18262.001	-9	9767
18263.001	-2	9771
18264.001	5	9777
18265.001	-5	9769
18266.001	5	9777
18267.001	0	9774
18268.001	-7	9767
18269.001	-1	9771
18270.001	0	9771
18271.001	2	9773
18272.001	-5	9767
18273.001	0	9771
18274.001	2	9773
18275.001	-4	9767
18276.001	2	9772
18277.001	-4	9767
18278.001	2	9771
18279.001	-9	9761
18280.001	-4	9763
18281.001	12	9778
18282.001	1	9771
18283.001	-4	9766
18284.001	3	9772
18285.001	-3	9767
18286.001	10	9779
18287.001	-2	9770
18288.001	-6	9765
18289.001	1	9770
18290.001	-2	9768
18291.001	9	9778
18292.001	-3	9769
18293.001	-5	9766
18294.001	8	9777
18295.001	-3	9769
18296.001	-5	9766
18297.001	8	9777
18298.001	-3	9769
18299.001	1	9772
18300.001	2	9773
18301.001	1	9773
18302.001	1	9773
18303.001	1	9773
18304.001	7	9780
18305.001	-6	9769
18306.001	-3	9770
18307.001	7	9779
18308.001	0	9774
18309.001	-1	9773
18310.001	-2	9772
18311.001	-7	9766
18312.001	6	9777
18313.001	1	9774
18314.001	0	9773
18315.001	-7	9766
18316.001	12	9783
18317.001	2	9777
18318.001	4	9779
18319.001	-2	9775
18320.001	-10	9766
18321.001	3	9776
18322.001	0	9774
18323.001	-8	9766
18324.001	-1	9770
18325.001	8	9779
18326.001	1	9775
18327.001	6	9780
18328.001	-8	9768
18329.001	-3	9770
18330.001	6	9778
18331.001	-6	9768
18332.001	5	9777
18333.001	0	9774
18334.001	-1	9773
18335.001	6	9780
18336.001	-1	9774
18337.001	-9	9766
18338.001	4	9776
18339.001	0	9774
18340.001	-1	9773
18341.001	0	9773
18342.001	-7	9766
18343.001	5	9776
18344.001	-4	9769
18345.001	6	9777
18346.001	1	9774
18347.001	-6	9768
18348.001	5	9777
18349.001	-5	9768
18350.001	-1	9771
18351.001	1	9772
18352.001	1	9773
18353.001	-5	9767
18354.001	7	9778
18355.001	2	9775
18356.001	-6	9767
18357.001	6	9777
18358.001	-6	9767
18359.001	-6	9765
18360.001	7	9777
18361.001	-3	9769
18362.001	-5	9766
18363.001	1	9770
18364.001	-3	9767
18365.001	3	9772
18366.001	4	9774
18367.001	-3	9768
18368.001	2	9772
18369.001	-4	9767
18370.001	-4	9765
18371.001	10	9778
18372.001	-8	9763
18373.001	-5	9764
18374.001	10	9777
18375.001	-1	9769
18376.001	-4	9766
18377.001	9	9778
18378.001	-2	9769
18379.001	1	9772
18380.001	2	9773
18381.001	-5	9767
18382.001	8	9778
18383.001	-4	9769
18384.001	-6	9765
18385.001	1	9771
18386.001	-3	9767
18387.001	-4	9765
18388.001	10	9778
18389.001	-2	9769
18390.001	-11	9759
18391.001	3	9770
18392.001	-1	9767
18393.001	-1	9767
18394.001	5	9772
18395.001	-1	9768
18396.001	-3	9765
18397.001	5	9773
18398.001	-2	9767
18399.001	4	9772
18400.001	-2	9768
18401.001	-3	9766
18402.001	3	9771
18403.001	-2	9767
18404.001	11	9779
18405.001	-2	9770
18406.001	-6	9765
18407.001	8	9777
18408.001	-3	9769
18409.001	7	9778
18410.001	2	9775
18411.001	-7	9767
18412.001	6	9777
18413.001	-5	9768
18414.001	6	9778
18415.001	-6	9768
18416.001	-1	9771
18417.001	2	9773
18418.001	1	9773
18419.001	0	9772
18420.001	-5	9767
18421.001	0	9771
18422.001	8	9779
18423.001	-4	9769
18424.001	-7	9765
18425.001	0	9770
18426.001	-3	9767
18427.001	9	9778
18428.001	-3	9769
18429.001	-5	9766
18430.001	2	9771
18431.001	-4	9766
18432.001	3	9772
18433.001	-2	9768
18434.001	-3	9766
18435.001	3	9771
18436.001	-1	9768
18437.001	9	9778
18438.001	-2	9769
18439.001	-5	9766
18440.001	8	9777
18441.001	-3	9769
18442.001	8	9779
18443.001	-5	9768
18444.001	-7	9765
18445.001	8	9778
18446.001	-4	9768
18447.001	7	9778
18448.001	2	9775
18449.001	-7	9767
18450.001	6	9777
18451.001	-5	9768
18452.001	6	9778
18453.001	-6	9768
18454.001	-1	9771
18455.001	1	9772
18456.001	2	9774
18457.001	1	9773
18458.001	-6	9767
18459.001	0	9771
18460.001	2	9773
18461.001	-5	9766
18462.001	8	9778
18463.001	2	9774
18464.001	-6	9767
18465.001	7	9778
18466.001	-5	9768
18467.001	6	9778
18468.001	-6	9768
18469.001	6	9778
18470.001	1	9775
18471.001	-8	9766
18472.001	6	9777
18473.001	1	9774
18474.001	-7	9767
18475.001	6	9777
18476.001	1	9774
18477.001	6	9780
18478.001	-8	9767
18479.001	-2	9771
18480.001	6	9778
18481.001	0	9774
18482.001	-7	9767
18483.001	5	9777
18484.001	0	9774
18485.001	6	9780
18486.001	-1	9774
18487.001	-9	9766
18488.001	11	9783
18489.001	-6	9770
18490.001	-3	9771
18491.001	5	9778
18492.001	0	9774
18493.001	4	9778
18494.001	-1	9775
18495.001	-10	9765
18496.001	4	9776
18497.001	0	9774
18498.001	-7	9767
18499.001	6	9777
18500.001	-6	9767
18501.001	-6	9765
18502.001	7	9777
18503.001	-3	9769
18504.001	-5	9766
18505.001	1	9770
18506.001	-3	9767
18507.001	3	9772
18508.001	4	9774
18509.001	3	9774
18510.001	2	9774
18511.001	-5	9767
18512.001	0	9771
18513.001	2	9773
18514.001	2	9773
18515.001	-5	9767
18516.001	1	9772
18517.001	-5	9766
18518.001	9	9778
18519.001	-3	9769
18520.001	-12	9759
18521.001	7	9775
18522.001	-7	9763
18523.001	-4	9764
18524.001	5	9771
18525.001	1	9769
18526.001	4	9772
18527.001	-8	9761
18528.001	-3	9764
18529.001	6	9772
18530.001	0	9768
18531.001	-1	9767
18532.001	4	9772
18533.001	-7	9762
18534.001	-3	9764
18535.001	7	9773
18536.001	0	9768
18537.001	5	9773
18538.001	-2	9767
18539.001	-3	9766
18540.001	4	9772
18541.001	-1	9768
18542.001	-9	9760
18543.001	4	9770
18544.001	-6	9761
18545.001	-1	9764
18546.001	7	9772
18547.001	-5	9762
18548.001	-7	9759
18549.001	6	9770
18550.001	3	9768
18551.001	7	9773
18552.001	-6	9762
18553.001	4	9771
18554.001	0	9768
18555.001	-2	9766
18556.001	-1	9766
18557.001	5	9772
18558.001	0	9768
18559.001	4	9772
18560.001	-2	9768
18561.001	9	9778
18562.001	-2	9770
18563.001	-6	9765
18564.001	2	9771
18565.001	-3	9767
18566.001	2	9771
18567.001	-2	9768
18568.001	-3	9766
18569.001	-3	9765
18570.001	4	9771
18571.001	6	9774
18572.001	4	9774
18573.001	-4	9767
18574.001	-5	9765
18575.001	9	9778
18576.001	-3	9768
18577.001	2	9773
18578.001	2	9773
18579.001	-5	9767
18580.001	1	9771
18581.001	3	9774
18582.001	-11	9760
18583.001	8	9776
18584.001	-2	9769
18585.001	-4	9766
18586.001	9	9778
18587.001	-3	9768
18588.001	8	9779
18589.001	-4	9769
18590.001	6	9778
18591.001	-5	9769
18592.001	-8	9764
18593.001	7	9777
18594.001	-3	9769
18595.001	7	9778
18596.001	-4	9769
18597.001	0	9772
18598.001	1	9773
18599.001	-6	9766
18600.001	7	9777
18601.001	-4	9768
18602.001	1	9772
18603.001	1	9772
18604.001	-5	9767
18605.001	1	9771
18606.001	3	9774
18607.001	-5	9766
18608.001	2	9772
18609.001	9	9780
18610.001	-4	9769
18611.001	5	9777
18612.001	-5	9769
18613.001	-1	9771
18614.001	7	9779
18615.001	1	9775
18616.001	-1	9773
18617.001	5	9779
18618.001	-1	9774
18619.001	-3	9772
18620.001	4	9778
18621.001	-1	9774
18622.001	-3	9772
18623.001	4	9778
18624.001	-1	9774
18625.001	3	9778
18626.001	-2	9774
18627.001	-3	9772
18628.001	10	9784
18629.001	-2	9775
18630.001	2	9779
18631.001	-4	9773
18632.001	2	9778
18633.001	3	9780
18634.001	-5	9773
18635.001	-5	9771
18636.001	10	9785
18637.001	-9	9769
18638.001	-5	9770
18639.001	11	9785
18640.001	-7	9770
18641.001	-5	9770
18642.001	5	9778
18643.001	-1	9774
18644.001	5	9779
18645.001	-9	9767
18646.001	-3	9770
18647.001	6	9778
18648.001	0	9774
18649.001	-1	9773
18650.001	-8	9766
18651.001	5	9776
18652.001	-5	9768
18653.001	0	9771
18654.001	8	9779
18655.001	-6	9768
18656.001	-7	9765
18657.001	1	9771
18658.001	2	9772
18659.001	-4	9767
18660.001	9	9779
18661.001	-4	9768
18662.001	-6	9765
18663.001	2	9771
18664.001	-3	9767
18665.001	3	9772
18666.001	-3	9767
18667.001	3	9772
18668.001	3	9773
18669.001	-3	9768
18670.001	2	9772
18671.001	2	9773
18672.001	-4	9767
18673.001	8	9778
18674.001	-3	9769
18675.001	-7	9764
18676.001	8	9777
18677.001	-3	9769
18678.001	1	9772
18679.001	-4	9767
18680.001	-5	9765
18681.001	9	9777
18682.001	-2	9769
18683.001	1	9772
18684.001	-4	9767
18685.001	2	9772
18686.001	3	9773
18687.001	-4	9767
18688.001	8	9778
18689.001	-3	9769
18690.001	-7	9764
18691.001	2	9771
18692.001	-3	9767
18693.001	2	9771
18694.001	-2	9768
18695.001	-3	9766
18696.001	-3	9765
18697.001	-2	9765
18698.001	6	9773
18699.001	-1	9767
18700.001	-2	9766
18701.001	-2	9766
18702.001	-1	9766
18703.001	6	9773
18704.001	-1	9767
18705.001	-8	9760
18706.001	4	9770
18707.001	1	9768
18708.001	6	9773
18709.001	-1	9768
18710.001	-3	9766
18711.001	4	9772
18712.001	-2	9767
18713.001	4	9772
18714.001	-2	9768
18715.001	-3	9766
18716.001	10	9778
18717.001	-2	9769
18718.001	2	9773
18719.001	-11	9760
18720.001	1	9769
18721.001	-1	9767
18722.001	-2	9766
18723.001	11	9778
18724.001	-1	9770
18725.001	3	9773
18726.001	-4	9767
18727.001	1	9771
18728.001	-3	9767
18729.001	-4	9765
18730.001	9	9777
18731.001	-1	9770
18732.001	2	9773
18733.001	2	9773
18734.001	-5	9767
18735.001	1	9771
18736.001	-4	9767
18737.001	8	9777
18738.001	-3	9769
18739.001	8	9779
18740.001	-5	9768
18741.001	-7	9765
18742.001	1	9771
18743.001	3	9773
18744.001	10	9781
18745.001	-5	9769
18746.001	-1	9771
18747.001	0	9772
18748.001	7	9779
18749.001	1	9775
18750.001	-8	9766
18751.001	5	9777
18752.001	-6	9768
18753.001	6	9778
18754.001	-6	9768
18755.001	6	9778
18756.001	-6	9768
18757.001	-1	9771
18758.001	1	9772
18759.001	2	9774
18760.001	1	9773
18761.001	0	9773
18762.001	0	9773
18763.001	0	9773
18764.001	-6	9767
18765.001	6	9777
18766.001	-4	9769
18767.001	6	9777
18768.001	-5	9768
18769.001	0	9772
18770.001	-6	9766
18771.001	1	9771
18772.001	-4	9766
18773.001	3	9772
18774.001	-3	9767
18775.001	3	9772
18776.001	-3	9767
18777.001	-4	9765
18778.001	4	9772
18779.001	-1	9768
18780.001	-3	9766
18781.001	-3	9765
18782.001	5	9772
18783.001	0	9768
18784.001	4	9772
18785.001	-2	9768
18786.001	3	9772
18787.001	-3	9767
18788.001	3	9772
18789.001	-3	9767
18790.001	-3	9766
18791.001	3	9771
18792.001	5	9774
18793.001	4	9775
18794.001	-5	9767
18795.001	1	9771
18796.001	3	9774
18797.001	2	9773
18798.001	1	9773
18799.001	1	9773
18800.001	0	9773
18801.001	0	9773
18802.001	-6	9767
18803.001	6	9777
18804.001	-4	9769
18805.001	0	9771
18806.001	1	9772
18807.001	-5	9767
18808.001	1	9771
18809.001	-4	9767
18810.001	9	9778
18811.001	-3	9769
18812.001	7	9778
18813.001	-5	9768
18814.001	-1	9771
18815.001	-5	9766
18816.001	8	9778
18817.001	-4	9768
18818.001	0	9771
18819.001	2	9773
18820.001	-5	9767
18821.001	7	9777
18822.001	-4	9768
18823.001	1	9772
18824.001	-5	9766
18825.001	1	9771
18826.001	-3	9767
18827.001	2	9771
18828.001	-3	9767
18829.001	3	9772
18830.001	-3	9767
18831.001	3	9772
18832.001	-9	9761
18833.001	3	9770
18834.001	-8	9760
18835.001	5	9771
18836.001	0	9767
18837.001	6	9773
18838.001	-7	9762
18839.001	3	9770
18840.001	-1	9767
18841.001	-1	9767
18842.001	-1	9766
18843.001	-7	9760
18844.001	5	9770
18845.001	-5	9761
18846.001	7	9772
18847.001	-5	9762
18848.001	5	9770
18849.001	-5	9762
18850.001	-1	9764
18851.001	-5	9760
18852.001	1	9765
18853.001	3	9767
18854.001	-4	9761
18855.001	1	9765
18856.001	-4	9760
18857.001	9	9772
18858.001	-3	9762
18859.001	1	9766
18860.001	-5	9760
18861.001	2	9765
18862.001	-4	9760
18863.001	9	9772
18864.001	-3	9762
18865.001	1	9766
18866.001	2	9767
18867.001	1	9766
18868.001	1	9767
18869.001	7	9773
18870.001	0	9768
18871.001	-8	9760
18872.001	5	9771
18873.001	0	9767
18874.001	-1	9766
18875.001	6	9773
18876.001	-7	9762
18877.001	4	9771
18878.001	-7	9761
18879.001	-1	9765
18880.001	0	9765
18881.001	1	9766
18882.001	-5	9761
18883.001	0	9764
18884.001	-4	9760
18885.001	2	9765
18886.001	-3	9761
18887.001	2	9765
18888.001	-2	9761
18889.001	9	9772
18890.001	-3	9762
18891.001	1	9766
18892.001	-5	9760
18893.001	2	9765
18894.001	3	9767
18895.001	2	9767
18896.001	1	9766
18897.001	-5	9761
18898.001	1	9765
18899.001	-5	9760
18900.001	2	9765
18901.001	-3	9761
18902.001	2	9765
18903.001	-2	9761
18904.001	3	9766
18905.001	-3	9761
18906.001	2	9765
18907.001	-2	9761
18908.001	9	9772
18909.001	-3	9762
18910.001	1	9766
18911.001	8	9773
18912.001	2	9769
18913.001	5	9773
18914.001	-8	9761
18915.001	4	9771
18916.001	-1	9767
18917.001	5	9773
18918.001	-8	9761
18919.001	3	9770
18920.001	-7	9761
18921.001	11	9777
18922.001	-6	9763
18923.001	4	9771
18924.001	-1	9767
18925.001	4	9772
18926.001	-8	9761
18927.001	3	9770
18928.001	0	9768
18929.001	-2	9766
18930.001	5	9772
18931.001	-1	9768
18932.001	-2	9766
18933.001	-3	9765
18934.001	-1	9766
18935.001	-1	9766
18936.001	0	9766
18937.001	-6	9760
18938.001	6	9771
18939.001	-5	9761
18940.001	7	9772
18941.001	1	9768
18942.001	-7	9760
18943.001	5	9770
18944.001	2	9769
18945.001	-1	9766
18946.001	-7	9760
18947.001	6	9771
18948.001	-5	9762
18949.001	-1	9764
18950.001	-5	9760
18951.001	8	9771
18952.001	-3	9763
18953.001	7	9772
18954.001	1	9768
18955.001	0	9767
18956.001	-2	9765
18957.001	0	9767
18958.001	-1	9766
18959.001	0	9766
18960.001	6	9772
18961.001	0	9768
18962.001	-1	9767
18963.001	-2	9766
18964.001	4	9771
18965.001	0	9768
18966.001	4	9772
18967.001	4	9774
18968.001	-10	9761
18969.001	2	9770
18970.001	-8	9760
18971.001	5	9771
18972.001	-6	9762
18973.001	5	9771
18974.001	7	9774
18975.001	-8	9761
18976.001	4	9771
18977.001	-7	9761
18978.001	4	9770
18979.001	-6	9761
18980.001	-1	9764
18981.001	1	9766
18982.001	1	9766
18983.001	-5	9761
18984.001	0	9764
18985.001	2	9766
18986.001	-4	9761
18987.001	1	9765
18988.001	-3	9761
18989.001	2	9765
18990.001	-3	9761
18991.001	-4	9759
18992.001	10	9772
18993.001	-1	9764
18994.001	1	9765
18995.001	-4	9761
18996.001	8	9771
18997.001	-3	9763
18998.001	0	9765
18999.001	2	9767
19000.001	-5	9760
19001.001	7	9771
19002.001	-10	9756
19003.001	6	9769
19004.001	4	9769
19005.001	-5	9761
19006.001	0	9765
19007.001	-5	9760
19008.001	8	9771
19009.001	4	9769
19010.001	0	9767
19011.001	0	9767
19012.001	-7	9760
19013.001	0	9765
19014.001	2	9767
19015.001	-5	9760
19016.001	2	9766
19017.001	-4	9760
19018.001	2	9765
19019.001	3	9767
19020.001	-4	9761
19021.001	2	9765
19022.001	-3	9761
19023.001	8	9771
19024.001	4	9769
19025.001	-6	9761
19026.001	0	9765
19027.001	8	9773
19028.001	-5	9762
19029.001	5	9771
19030.001	-6	9761
19031.001	-1	9764
19032.001	1	9766
19033.001	-5	9760
19034.001	7	9771
19035.001	-4	9762
19036.001	1	9766
19037.001	1	9766
19038.001	-5	9760
19039.001	7	9771
19040.001	3	9769
19041.001	0	9767
19042.001	-1	9766
19043.001	-7	9760
19044.001	6	9771
19045.001	2	9768
19046.001	-6	9761
19047.001	5	9770
19048.001	2	9769
19049.001	-1	9766
19050.001	6	9773
19051.001	-8	9761
19052.001	5	9771
19053.001	-7	9761
19054.001	5	9771
19055.001	0	9767
19056.001	0	9767
19057.001	-1	9766
19058.001	-8	9759
19059.001	6	9771
19060.001	2	9768
19061.001	-7	9760
19062.001	0	9765
19063.001	1	9766
19064.001	2	9767
19065.001	1	9767
19066.001	0	9766
19067.001	1	9767
19068.001	-6	9760
19069.001	6	9771
19070.001	-5	9761
19071.001	0	9765
19072.001	-5	9760
19073.001	2	9765
19074.001	3	9767
19075.001	-4	9761
19076.001	1	9765
19077.001	-3	9761
19078.001	2	9765
19079.001	3	9767
19080.001	-4	9761
19081.001	9	9772
19082.001	-4	9762
19083.001	7	9772
19084.001	1	9768
19085.001	0	9767
19086.001	5	9772
19087.001	-7	9762
19088.001	4	9771
19089.001	-1	9767
19090.001	5	9773
19091.001	-7	9762
19092.001	3	9770
19093.001	6	9774
19094.001	-1	9769
19095.001	3	9772
19096.001	-4	9766
19097.001	3	9772
19098.001	4	9774
19099.001	-10	9761
19100.001	1	9769
19101.001	-2	9766
19102.001	5	9773
19103.001	-2	9767
19104.001	-3	9766
19105.001	-2	9766
19106.001	-2	9765
19107.001	-7	9760
19108.001	0	9765
19109.001	8	9773
19110.001	-5	9762
19111.001	-1	9764
19112.001	8	9773
19113.001	1	9769
19114.001	-8	9760
19115.001	-1	9764
19116.001	1	9766
19117.001	1	9766
19118.001	1	9767
19119.001	7	9773
19120.001	0	9768
19121.001	-8	9760
19122.001	4	9770
19123.001	7	9774
19124.001	-7	9762
19125.001	4	9771
19126.001	5	9773
19127.001	-8	9762
19128.001	3	9770
19129.001	6	9774
19130.001	-2	9768
19131.001	3	9772
19132.001	3	9773
19133.001	-4	9767
19134.001	2	9772
19135.001	-4	9767
19136.001	2	9771
19137.001	4	9774
19138.001	3	9774
19139.001	1	9773
19140.001	-6	9766
19141.001	1	9772
19142.001	2	9773
19143.001	-5	9766
19144.001	2	9772
19145.001	-10	9761
19146.001	2	9770
19147.001	-1	9767
19148.001	-2	9766
19149.001	-2	9765
19150.001	6	9773
19151.001	-7	9761
19152.001	4	9770
19153.001	0	9768
19154.001	-1	9767
19155.001	-1	9766
19156.001	-8	9759
19157.001	6	9771
19158.001	-5	9761
19159.001	0	9765
19160.001	-4	9761
19161.001	7	9771
19162.001	-3	9763
19163.001	7	9772
19164.001	-5	9762
19165.001	5	9770
19166.001	-5	9762
19167.001	6	9771
19168.001	0	9767
19169.001	0	9767
19170.001	-8	9759
19171.001	-1	9764
19172.001	-5	9760
19173.001	2	9765
19174.001	-3	9761
19175.001	3	9766
19176.001	-3	9761
19177.001	2	9765
19178.001	-2	9761
19179.001	3	9766
19180.001	-3	9761
19181.001	-4	9759
19182.001	10	9772
19183.001	-2	9763
19184.001	2	9766
19185.001	3	9768
19186.001	1	9766
19187.001	-5	9761
19188.001	0	9764
19189.001	2	9766
19190.001	-4	9761
19191.001	2	9766
19192.001	2	9766
19193.001	2	9767
19194.001	-5	9760
19195.001	8	9772
19196.001	-4	9762
19197.001	0	9765
19198.001	-6	9759
19199.001	-5	9758
19200.001	10	9772
19201.001	-2	9763
19202.001	1	9765
19203.001	-4	9761
19204.001	8	9771
19205.001	-3	9763
19206.001	0	9765
19207.001	2	9767
19208.001	1	9766
19209.001	1	9767
19210.001	7	9773
19211.001	0	9768
19212.001	-8	9760
19213.001	4	9770
19214.001	1	9768
19215.001	-1	9766
19216.001	-1	9766
19217.001	6	9773
19218.001	0	9768
19219.001	4	9772
19220.001	-2	9768
19221.001	3	9772
19222.001	-3	9767
19223.001	10	9779
19224.001	-3	9769
19225.001	1	9772
19226.001	-5	9766
19227.001	1	9771
19228.001	-4	9766
19229.001	3	9772
19230.001	-3	9767
19231.001	3	9772
19232.001	-3	9767
19233.001	-4	9765
19234.001	-2	9766
19235.001	4	9771
19236.001	0	9768
19237.001	-3	9765
19238.001	-2	9766
19239.001	5	9772
19240.001	0	9768
19241.001	4	9772
19242.001	4	9774
19243.001	3	9774
19244.001	-11	9761
19245.001	8	9776
19246.001	-9	9762
19247.001	2	9770
19248.001	-2	9767
19249.001	4	9772
19250.001	5	9774
19251.001	-3	9768
19252.001	-5	9765
19253.001	-3	9765
19254.001	-2	9766
19255.001	-2	9765
19256.001	0	9766
19257.001	0	9766
19258.001	6	9772
19259.001	-6	9762
19260.001	11	9777
19261.001	-7	9763
19262.001	3	9771
19263.001	-1	9767
19264.001	4	9772
19265.001	-2	9767
19266.001	4	9773
19267.001	-3	9767
19268.001	3	9772
19269.001	-3	9767
19270.001	-10	9759
19271.001	4	9770
19272.001	0	9767
19273.001	6	9773
19274.001	5	9774
19275.001	-9	9762
19276.001	2	9770
19277.001	-1	9767
19278.001	-3	9765
19279.001	-1	9766
19280.001	-1	9766
19281.001	-1	9766
19282.001	0	9766
19283.001	6	9772
19284.001	-6	9762
19285.001	4	9770
19286.001	0	9768
19287.001	5	9773
19288.001	-1	9768
19289.001	-3	9766
19290.001	4	9772
19291.001	-1	9768
19292.001	-9	9760
19293.001	4	9770
19294.001	-6	9761
19295.001	5	9770
19296.001	1	9768
19297.001	-1	9766
19298.001	-7	9760
19299.001	-1	9764
19300.001	2	9767
19301.001	2	9767
19302.001	-6	9760
19303.001	7	9771
19304.001	-4	9762
19305.001	7	9772
19306.001	-5	9762
19307.001	-1	9764
19308.001	1	9766
19309.001	2	9767
19310.001	-6	9760
19311.001	7	9771
19312.001	-5	9761
19313.001	7	9772
19314.001	-5	9762
19315.001	5	9770
19316.001	-5	9762
19317.001	6	9771
19318.001	-6	9761
19319.001	6	9771
19320.001	-6	9761
19321.001	-1	9764
19322.001	-5	9760
19323.001	7	9771
19324.001	-4	9762
19325.001	8	9773
19326.001	-5	9762
19327.001	-1	9764
19328.001	-5	9760
19329.001	7	9771
19330.001	3	9769
19331.001	1	9768
19332.001	-7	9760
19333.001	6	9771
19334.001	1	9768
19335.001	-7	9760
19336.001	6	9771
19337.001	-5	9762
19338.001	6	9771
19339.001	1	9768
19340.001	0	9767
19341.001	-1	9766
19342.001	-1	9766
19343.001	-1	9766
19344.001	6	9772
19345.001	-6	9762
19346.001	4	9770
19347.001	-6	9762
19348.001	5	9771
19349.001	1	9768
19350.001	-1	9767
19351.001	5	9772
19352.001	-7	9762
19353.001	4	9771
19354.001	-1	9767
19355.001	-1	9767
19356.001	-1	9766
19357.001	5	9772
19358.001	0	9768
19359.001	4	9772
19360.001	-2	9768
19361.001	9	9778
19362.001	4	9776
19363.001	-6	9767
19364.001	0	9771
19365.001	-5	9766
19366.001	2	9772
19367.001	-3	9767
19368.001	2	9771
19369.001	-3	9767
19370.001	-4	9765
19371.001	4	9772
19372.001	-2	9767
19373.001	-2	9766
19374.001	-2	9766
19375.001	-2	9765
19376.001	-1	9766
19377.001	6	9772
19378.001	-6	9762
19379.001	4	9770
19380.001	0	9768
19381.001	5	9773
19382.001	-7	9762
19383.001	4	9771
19384.001	-1	9767
19385.001	4	9772
19386.001	-8	9761
19387.001	4	9771
19388.001	0	9768
19389.001	5	9773
19390.001	-2	9767
19391.001	3	9772
19392.001	4	9774
19393.001	-9	9762
19394.001	2	9770
19395.001	-2	9767
19396.001	4	9772
19397.001	-2	9767
19398.001	-3	9766
19399.001	-3	9765
19400.001	5	9772
19401.001	0	9768
19402.001	4	9772
19403.001	-2	9768
19404.001	3	9772
19405.001	4	9774
19406.001	-4	9767
19407.001	2	9772
19408.001	-4	9767
19409.001	2	9771
19410.001	-3	9767
19411.001	9	9778
19412.001	-2	9770
19413.001	1	9772
19414.001	8	9779
19415.001	-6	9768
19416.001	-1	9771
19417.001	-6	9766
19418.001	8	9778
19419.001	-4	9768
19420.001	1	9772
19421.001	1	9772
19422.001	-5	9767
19423.001	7	9777
19424.001	3	9775
19425.001	-6	9767
19426.001	-1	9770
19427.001	8	9779
19428.001	-11	9763
19429.001	-1	9769
19430.001	3	9773
19431.001	-4	9767
19432.001	2	9772
19433.001	-3	9767
19434.001	-4	9765
19435.001	-3	9765
19436.001	-2	9765
19437.001	5	9772
19438.001	6	9774
19439.001	-1	9769
19440.001	9	9779
19441.001	-4	9768
19442.001	1	9772
19443.001	8	9779
19444.001	-5	9769
19445.001	5	9777
19446.001	-6	9768
19447.001	5	9777
19448.001	1	9775
19449.001	-8	9766
19450.001	6	9777
19451.001	-6	9767
19452.001	6	9777
19453.001	2	9775
19454.001	-1	9773
19455.001	5	9779
19456.001	-7	9768
19457.001	4	9777
19458.001	0	9774
19459.001	-2	9772
19460.001	-1	9773
19461.001	6	9779
19462.001	-1	9774
19463.001	-2	9773
19464.001	-2	9772
19465.001	-8	9766
19466.001	-1	9770
19467.001	8	9779
19468.001	-4	9769
19469.001	6	9778
19470.001	-6	9768
19471.001	-2	9770
19472.001	-5	9766
19473.001	1	9771
19474.001	-3	9767
19475.001	8	9777
19476.001	-3	9769
19477.001	1	9772
19478.001	-4	9767
19479.001	8	9778
19480.001	3	9775
19481.001	-6	9767
19482.001	-1	9770
19483.001	1	9772
19484.001	8	9779
19485.001	-5	9769
19486.001	5	9777
19487.001	7	9781
19488.001	-7	9769
19489.001	3	9777
19490.001	-8	9767
19491.001	5	9777
19492.001	-7	9767
19493.001	-1	9771
19494.001	1	9772
19495.001	2	9774
19496.001	1	9773
19497.001	0	9773
19498.001	0	9773
19499.001	-6	9767
19500.001	6	9777
19501.001	-4	9769
19502.001	6	9777
19503.001	1	9774
19504.001	0	9774
19505.001	6	9780
19506.001	-8	9767
19507.001	4	9777
19508.001	6	9780
19509.001	-8	9768
19510.001	3	9777
19511.001	-7	9767
19512.001	5	9777
19513.001	0	9774
19514.001	-1	9773
19515.001	5	9779
19516.001	-1	9774
19517.001	-2	9773
19518.001	5	9779
19519.001	-2	9774
19520.001	-3	9772
19521.001	-2	9772
19522.001	-1	9773
19523.001	5	9778
19524.001	-7	9768
19525.001	4	9777
19526.001	7	9781
19527.001	-8	9768
19528.001	3	9777
19529.001	0	9774
19530.001	4	9778
19531.001	5	9781
19532.001	-9	9768
19533.001	2	9776
19534.001	-2	9773
19535.001	-2	9772
19536.001	4	9778
19537.001	-1	9774
19538.001	4	9779
19539.001	-8	9768
19540.001	3	9777
19541.001	5	9779
19542.001	-8	9768
19543.001	3	9777
19544.001	6	9780
19545.001	-8	9768
19546.001	-4	9770
19547.001	-1	9772
19548.001	0	9772
19549.001	7	9779
19550.001	0	9774
19551.001	5	9779
19552.001	5	9781
19553.001	-10	9767
19554.001	8	9782
19555.001	-8	9769
19556.001	2	9776
19557.001	5	9780
19558.001	-3	9774
19559.001	10	9786
19560.001	3	9782
19561.001	-6	9774
19562.001	-1	9777
19563.001	-4	9773
19564.001	1	9777
19565.001	3	9780
19566.001	3	9780
19567.001	1	9779
19568.001	1	9780
19569.001	-6	9773
19570.001	-6	9771
19571.001	2	9777
19572.001	-3	9773
19573.001	-3	9772
19574.001	4	9778
19575.001	-1	9774
19576.001	3	9778
19577.001	5	9781
19578.001	-4	9773
19579.001	2	9778
19580.001	3	9780
19581.001	-4	9774
19582.001	7	9784
19583.001	3	9782
19584.001	1	9781
19585.001	-1	9779
19586.001	-7	9773
19587.001	0	9777
19588.001	1	9778
19589.001	-4	9774
19590.001	1	9778
19591.001	2	9779
19592.001	-4	9773
19593.001	-4	9772
19594.001	2	9777
19595.001	-2	9774
19596.001	-3	9772
19597.001	4	9778
19598.001	-1	9774
19599.001	4	9779
19600.001	4	9780
19601.001	-10	9767
19602.001	1	9775
19603.001	-1	9774
19604.001	4	9778
19605.001	5	9781
19606.001	-3	9774
19607.001	2	9778
19608.001	-4	9773
19609.001	-4	9772
19610.001	-3	9771
19611.001	-2	9772
19612.001	6	9779
19613.001	0	9775
19614.001	-9	9766
19615.001	5	9777
19616.001	0	9774
19617.001	-7	9767
19618.001	5	9776
19619.001	-5	9768
19620.001	0	9771
19621.001	1	9772
19622.001	2	9774
19623.001	-6	9766
19624.001	1	9772
19625.001	-5	9766
19626.001	2	9771
19627.001	-3	9767
19628.001	3	9772
19629.001	4	9774
19630.001	-4	9767
19631.001	2	9772
19632.001	-4	9767
19633.001	2	9771
19634.001	-3	9767
19635.001	9	9778
19636.001	-2	9770
19637.001	1	9772
19638.001	-12	9759
19639.001	2	9770
19640.001	4	9772
19641.001	-2	9768
19642.001	3	9772
19643.001	-2	9768
19644.001	2	9771
19645.001	-2	9768
19646.001	2	9771
19647.001	-9	9761
19648.001	9	9776
19649.001	-1	9769
19650.001	3	9773
19651.001	-10	9761
19652.001	2	9770
19653.001	-1	9767
19654.001	4	9772
19655.001	6	9775
19656.001	-3	9768
19657.001	1	9771
19658.001	-3	9767
19659.001	9	9778
19660.001	-3	9769
19661.001	1	9772
19662.001	7	9778
19663.001	-5	9769
19664.001	6	9778
19665.001	-6	9768
19666.001	5	9777
19667.001	-5	9769
19668.001	-1	9771
19669.001	0	9772
19670.001	1	9773
19671.001	-5	9767
19672.001	1	9772
19673.001	-5	9766
19674.001	9	9778
19675.001	3	9775
19676.001	1	9774
19677.001	-7	9766
19678.001	6	9777
19679.001	-5	9768
19680.001	6	9777
19681.001	2	9775
19682.001	-7	9767
19683.001	5	9777
19684.001	1	9774
19685.001	-1	9773
19686.001	-7	9766
19687.001	6	9777
19688.001	-5	9768
19689.001	0	9771
19690.001	-5	9766
19691.001	7	9777
19692.001	-3	9769
19693.001	7	9778
19694.001	-5	9768
19695.001	-1	9771
19696.001	-5	9766
19697.001	8	9778
19698.001	2	9774
19699.001	1	9774
19700.001	0	9773
19701.001	5	9778
19702.001	-7	9768
19703.001	-2	9771
19704.001	7	9779
19705.001	-6	9768
19706.001	-1	9771
19707.001	-6	9766
19708.001	0	9770
19709.001	-4	9766
19710.001	9	9778
19711.001	-2	9770
19712.001	1	9772
19713.001	-5	9766
19714.001	1	9771
19715.001	-4	9766
19716.001	3	9772
19717.001	-3	9767
19718.001	3	9772
19719.001	3	9773
19720.001	3	9774
19721.001	-4	9768
19722.001	1	9772
19723.001	-5	9766
19724.001	9	9778
19725.001	-3	9769
19726.001	0	9771
19727.001	-5	9766
19728.001	2	9772
19729.001	-10	9760
19730.001	3	9770
19731.001	-1	9767
19732.001	4	9772
19733.001	-8	9761
19734.001	4	9771
19735.001	-6	9762
19736.001	4	9770
19737.001	7	9774
19738.001	-1	9768
19739.001	3	9772
19740.001	-2	9768
19741.001	2	9771
19742.001	-3	9767
19743.001	3	9772
19744.001	-3	9767
19745.001	-3	9766
19746.001	-3	9765
19747.001	4	9771
19748.001	0	9768
19749.001	-2	9766
19750.001	-3	9765
19751.001	5	9772
19752.001	0	9768
19753.001	4	9772
19754.001	-9	9761
19755.001	3	9770
19756.001	0	9768
19757.001	-2	9766
19758.001	-1	9766
19759.001	-1	9766
19760.001	-7	9760
19761.001	6	9771
19762.001	-5	9761
19763.001	7	9772
19764.001	-5	9762
19765.001	-1	9764
19766.001	7	9772
19767.001	-5	9762
19768.001	-7	9759
19769.001	7	9771
19770.001	3	9769
19771.001	0	9767
19772.001	6	9773
19773.001	0	9768
19774.001	-2	9766
19775.001	-3	9765
19776.001	-1	9766
19777.001	6	9773
19778.001	-7	9761
19779.001	-8	9758
19780.001	6	9770
19781.001	-4	9762
19782.001	7	9772
19783.001	2	9769
19784.001	6	9773
19785.001	-1	9768
19786.001	-3	9766
19787.001	-2	9766
19788.001	-2	9765
19789.001	6	9773
19790.001	-7	9761
19791.001	-2	9764
19792.001	6	9772
19793.001	1	9769
19794.001	5	9773
19795.001	-2	9767
19796.001	-3	9766
19797.001	4	9772
19798.001	-1	9768
19799.001	10	9779
19800.001	-3	9769
19801.001	-11	9760
19802.001	8	9776
19803.001	-8	9762
19804.001	-4	9764
19805.001	6	9772
19806.001	0	9768
19807.001	4	9772
19808.001	-2	9767
19809.001	-2	9767
19810.001	3	9771
19811.001	-2	9767
19812.001	4	9772
19813.001	-2	9768
19814.001	10	9779
19815.001	-10	9762
19816.001	1	9770
19817.001	-2	9767
19818.001	9	9778
19819.001	-8	9763
19820.001	-6	9763
19821.001	4	9771
19822.001	-1	9767
19823.001	-2	9766
19824.001	-2	9766
19825.001	-1	9766
19826.001	-1	9766
19827.001	6	9772
19828.001	-6	9762
19829.001	4	9770
19830.001	-6	9762
19831.001	5	9771
19832.001	-6	9761
19833.001	-1	9764
19834.001	1	9766
19835.001	1	9766
19836.001	1	9767
19837.001	7	9773
19838.001	0	9768
19839.001	5	9773
19840.001	-2	9768
19841.001	-3	9766
19842.001	4	9772
19843.001	4	9773
19844.001	-3	9768
19845.001	-4	9766
19846.001	9	9777
19847.001	-2	9769
19848.001	8	9779
19849.001	3	9776
19850.001	-7	9767
19851.001	5	9777
19852.001	-5	9768
19853.001	5	9777
19854.001	-5	9768
19855.001	6	9778
19856.001	-6	9768
19857.001	0	9772
19858.001	1	9773
19859.001	-6	9766
19860.001	7	9777
19861.001	-4	9768
19862.001	1	9772
19863.001	-5	9766
19864.001	-5	9765
19865.001	2	9770
19866.001	-2	9767
19867.001	4	9772
19868.001	-2	9768
19869.001	3	9772
19870.001	-3	9767
19871.001	3	9772
19872.001	-9	9761
19873.001	3	9770
19874.001	-1	9767
19875.001	-2	9766
19876.001	-2	9765
19877.001	-1	9766
19878.001	0	9766
19879.001	-6	9760
19880.001	6	9771
19881.001	2	9768
19882.001	6	9773
19883.001	-7	9762
19884.001	11	9778
19885.001	-7	9763
19886.001	9	9777
19887.001	-2	9769
19888.001	3	9773
19889.001	-4	9767
19890.001	2	9772
19891.001	-3	9767
19892.001	2	9771
19893.001	-3	9767
19894.001	9	9778
19895.001	-3	9769
19896.001	8	9779
19897.001	-11	9762
19898.001	6	9776
19899.001	-4	9768
19900.001	1	9772
19901.001	2	9773
19902.001	2	9773
19903.001	2	9774
19904.001	0	9773
19905.001	-6	9767
19906.001	0	9771
19907.001	2	9773
19908.001	-5	9766
19909.001	8	9778
19910.001	3	9775
19911.001	0	9773
19912.001	-7	9766
19913.001	12	9783
19914.001	-4	9771
19915.001	10	9784
19916.001	-7	9770
19917.001	3	9777
19918.001	-2	9773
19919.001	4	9779
19920.001	-2	9774
19921.001	3	9778
19922.001	-3	9773
19923.001	3	9778
19924.001	-2	9774
19925.001	2	9778
19926.001	-2	9774
19927.001	2	9778
19928.001	-3	9773
19929.001	3	9778
19930.001	-2	9774
19931.001	2	9778
19932.001	-2	9774
19933.001	2	9778
19934.001	-9	9767
19935.001	3	9777
19936.001	-1	9773
19937.001	5	9779
19938.001	-2	9774
19939.001	4	9779
19940.001	-2	9774
19941.001	2	9778
19942.001	-3	9773
19943.001	3	9778
19944.001	-2	9774
19945.001	3	9779
19946.001	-3	9774
19947.001	2	9778
19948.001	-9	9767
19949.001	3	9777
19950.001	-1	9773
19951.001	5	9779
19952.001	-2	9774
19953.001	4	9779
19954.001	-3	9773
19955.001	3	9778
19956.001	-9	9767
19957.001	3	9777
19958.001	-1	9773
19959.001	-1	9773
19960.001	5	9779
19961.001	-2	9773
19962.001	4	9779
19963.001	-2	9774
19964.001	-3	9772
19965.001	4	9778
19966.001	-2	9774
19967.001	3	9778
19968.001	-2	9774
19969.001	10	9785
19970.001	-3	9775
19971.001	1	9778
19972.001	-5	9773
19973.001	1	9777
19974.001	3	9780
19975.001	3	9780
19976.001	-5	9773
19977.001	-5	9772
19978.001	2	9777
19979.001	3	9779
19980.001	4	9781
19981.001	-5	9773
19982.001	1	9778
19983.001	-10	9767
19984.001	2	9776
19985.001	0	9774
19986.001	4	9778
19987.001	5	9781
19988.001	-3	9774
19989.001	-5	9771
19990.001	3	9778
19991.001	-8	9768
19992.001	-3	9770
19993.001	-1	9771
19994.001	-6	9766
19995.001	1	9771
19996.001	2	9773
19997.001	9	9780
19998.001	-5	9769
19999.001	-1	9771
20000.001	0	9772
20001.001	1	9773
20002.001	1	9773
20003.001	0	9773
20004.001	0	9773
20005.001	0	9773
20006.001	0	9773
20007.001	7	9780
20008.001	0	9775
20009.001	4	9779
20010.001	-2	9774
20011.001	-9	9766
20012.001	3	9776
20013.001	0	9774
20014.001	0	9774
20015.001	-1	9773
20016.001	-7	9766
20017.001	-1	9770
20018.001	-5	9766
20019.001	9	9778
20020.001	-4	9768
20021.001	8	9779
20022.001	-5	9768
20023.001	0	9772
20024.001	-6	9766
20025.001	7	9777
20026.001	-10	9762
20027.001	1	9770
20028.001	-3	9766
20029.001	4	9772
20030.001	-2	9768
20031.001	3	9772
20032.001	-3	9767
20033.001	3	9772
20034.001	-3	9767
20035.001	3	9772
20036.001	-3	9767
20037.001	3	9772
20038.001	-3	9767
20039.001	3	9772
20040.001	-9	9761
20041.001	-4	9763
20042.001	5	9771
20043.001	1	9769
20044.001	5	9773
20045.001	-2	9767
20046.001	4	9773
20047.001	-3	9767
20048.001	3	9772
20049.001	-9	9761
20050.001	3	9770
20051.001	-8	9760
20052.001	5	9771
20053.001	-6	9761
20054.001	6	9771
20055.001	-6	9761
20056.001	6	9771
20057.001	0	9767
20058.001	-1	9766
20059.001	0	9767
20060.001	-1	9766
20061.001	-1	9766
20062.001	0	9766
20063.001	6	9772
20064.001	-6	9762
20065.001	4	9770
20066.001	0	9768
20067.001	6	9774
20068.001	-2	9767
20069.001	-3	9766
20070.001	-2	9766
20071.001	-2	9765
20072.001	6	9773
20073.001	-7	9761
20074.001	4	9770
20075.001	-6	9762
20076.001	5	9771
20077.001	1	9768
20078.001	5	9773
20079.001	-7	9762
20080.001	3	9770
20081.001	-7	9761
20082.001	5	9771
20083.001	-6	9761
20084.001	6	9771
20085.001	1	9768
20086.001	-1	9767
20087.001	-2	9765
20088.001	0	9767
20089.001	-7	9760
20090.001	6	9771
20091.001	-5	9761
20092.001	0	9765
20093.001	-5	9760
20094.001	2	9765
20095.001	-4	9760
20096.001	3	9766
20097.001	-3	9761
20098.001	2	9765
20099.001	-2	9761
20100.001	3	9766
20101.001	-10	9754
20102.001	3	9764
20103.001	-1	9761
20104.001	5	9766
20105.001	-8	9755
20106.001	4	9764
20107.001	0	9762
20108.001	4	9766
20109.001	-8	9755
20110.001	4	9764
20111.001	-1	9761
20112.001	5	9766
20113.001	-8	9755
20114.001	4	9764
20115.001	-7	9755
20116.001	5	9764
20117.001	-6	9755
20118.001	6	9765
20119.001	0	9761
20120.001	-1	9760
20121.001	-1	9760
20122.001	6	9766
20123.001	-7	9755
20124.001	4	9764
20125.001	6	9767
20126.001	-7	9756
20127.001	3	9764
20128.001	-1	9761
20129.001	4	9766
20130.001	-1	9762
20131.001	3	9765
20132.001	4	9767
20133.001	-3	9762
20134.001	1	9765
20135.001	-3	9761
20136.001	2	9765
20137.001	4	9768
20138.001	-11	9754
20139.001	2	9764
20140.001	-2	9760
20141.001	4	9766
20142.001	-1	9762
20143.001	3	9765
20144.001	-2	9761
20145.001	-4	9759
20146.001	4	9766
20147.001	-8	9755
20148.001	3	9763
20149.001	0	9761
20150.001	5	9766
20151.001	-1	9762
20152.001	-3	9759
20153.001	4	9766
20154.001	-2	9761
20155.001	4	9766
20156.001	-3	9760
20157.001	3	9765
20158.001	-2	9761
20159.001	3	9766
20160.001	3	9767
20161.001	-3	9762
20162.001	8	9772
20163.001	-4	9762
20164.001	7	9772
20165.001	-5	9762
20166.001	-1	9764
20167.001	-5	9760
20168.001	7	9771
20169.001	3	9769
20170.001	-6	9761
20171.001	6	9771
20172.001	2	9769
20173.001	6	9773
20174.001	5	9774
20175.001	-9	9762
20176.001	2	9770
20177.001	-1	9767
20178.001	4	9772
20179.001	5	9774
20180.001	-3	9768
20181.001	2	9772
20182.001	-10	9761
20183.001	8	9776
20184.001	5	9775
20185.001	3	9774
20186.001	1	9773
20187.001	-6	9767
20188.001	7	9778
20189.001	2	9775
20190.001	-7	9767
20191.001	-1	9770
20192.001	-5	9766
20193.001	2	9772
20194.001	3	9773
20195.001	-11	9760
20196.001	-5	9763
20197.001	5	9771
20198.001	-6	9762
20199.001	-2	9764
20200.001	1	9766
20201.001	0	9766
20202.001	1	9767
20203.001	1	9767
20204.001	-6	9760
20205.001	6	9771
20206.001	2	9768
20207.001	-7	9760
20208.001	6	9771
20209.001	-5	9762
20210.001	0	9765
20211.001	1	9766
20212.001	1	9766
20213.001	1	9767
20214.001	1	9767
20215.001	-7	9759
20216.001	0	9764
20217.001	2	9766
20218.001	-4	9761
20219.001	8	9772
20220.001	-4	9762
20221.001	-6	9759
20222.001	2	9765
20223.001	3	9767
20224.001	-4	9761
20225.001	2	9765
20226.001	3	9767
20227.001	-4	9761
20228.001	8	9772
20229.001	2	9768
20230.001	-6	9761
20231.001	0	9765
20232.001	-5	9760
20233.001	1	9764
20234.001	3	9767
20235.001	-3	9762
20236.001	1	9765
20237.001	-10	9754
20238.001	3	9764
20239.001	5	9767
20240.001	-2	9761
20241.001	3	9766
20242.001	3	9767
20243.001	-10	9755
20244.001	2	9764
20245.001	-8	9754
20246.001	4	9764
20247.001	7	9768
20248.001	-1	9762
20249.001	3	9766
20250.001	-9	9755
20251.001	3	9764
20252.001	5	9767
20253.001	-2	9761
20254.001	-4	9759
20255.001	4	9766
20256.001	-2	9761
20257.001	-2	9760
20258.001	4	9766
20259.001	-2	9761
20260.001	-3	9759
20261.001	-2	9759
20262.001	5	9766
20263.001	6	9768
20264.001	-2	9762
20265.001	-4	9759
20266.001	9	9771
20267.001	-9	9756
20268.001	2	9764
20269.001	4	9767
20270.001	-3	9761
20271.001	2	9765
20272.001	4	9768
20273.001	2	9767
20274.001	2	9767
20275.001	1	9767
20276.001	0	9766
20277.001	0	9766
20278.001	6	9772
20279.001	0	9768
20280.001	5	9773
20281.001	4	9774
20282.001	-3	9768
20283.001	2	9772
20284.001	-4	9767
20285.001	2	9771
20286.001	4	9774
20287.001	-4	9767
20288.001	2	9772
20289.001	3	9774
20290.001	-5	9766
20291.001	2	9772
20292.001	3	9774
20293.001	-5	9766
20294.001	-5	9765
20295.001	3	9771
20296.001	-2	9767
20297.001	3	9772
20298.001	4	9774
20299.001	-10	9761
20300.001	2	9770
20301.001	11	9779
20302.001	-8	9764
20303.001	1	9770
20304.001	10	9780
20305.001	-10	9763
20306.001	6	9776
20307.001	3	9774
20308.001	-11	9761
20309.001	7	9776
20310.001	3	9774
20311.001	-4	9768
20312.001	0	9771
20313.001	2	9773
20314.001	2	9773
20315.001	1	9773
20316.001	1	9773
20317.001	0	9773
20318.001	0	9773
20319.001	7	9780
20320.001	-7	9768
20321.001	5	9778
20322.001	-7	9767
20323.001	5	9777
20324.001	7	9781
20325.001	-7	9769
20326.001	4	9778
20327.001	-1	9774
20328.001	-2	9772
20329.001	4	9778
20330.001	6	9781
20331.001	-9	9768
20332.001	2	9776
20333.001	-1	9774
20334.001	-2	9772
20335.001	4	9778
20336.001	6	9781
20337.001	-9	9768
20338.001	2	9776
20339.001	-1	9774
20340.001	-9	9765
20341.001	5	9777
20342.001	1	9774
20343.001	-7	9767
20344.001	6	9777
20345.001	1	9774
20346.001	0	9774
20347.001	-1	9773
20348.001	-7	9766
20349.001	5	9776
20350.001	2	9775
20351.001	0	9773
20352.001	-1	9772
20353.001	6	9779
20354.001	-6	9769
20355.001	4	9777
20356.001	-7	9767
20357.001	5	9777
20358.001	1	9775
20359.001	-7	9767
20360.001	5	9777
20361.001	-5	9768
20362.001	-1	9771
20363.001	1	9772
20364.001	-5	9767
20365.001	-5	9765
20366.001	-4	9765
20367.001	4	9772
20368.001	5	9774
20369.001	4	9774
20370.001	2	9773
20371.001	-5	9767
20372.001	7	9778
20373.001	9	9782
20374.001	-6	9769
20375.001	3	9777
20376.001	-7	9767
20377.001	5	9777
20378.001	6	9780
20379.001	-1	9775
20380.001	4	9779
20381.001	-3	9774
20382.001	-4	9772
20383.001	4	9778
20384.001	-2	9774
20385.001	-3	9772
20386.001	-2	9772
20387.001	5	9779
20388.001	-8	9767
20389.001	-2	9771
20390.001	0	9772
20391.001	7	9779
20392.001	-5	9769
20393.001	-2	9771
20394.001	7	9779
20395.001	-6	9768
20396.001	5	9777
20397.001	-6	9768
20398.001	5	9777
20399.001	-6	9768
20400.001	6	9778
20401.001	-6	9768
20402.001	6	9778
20403.001	-5	9769
20404.001	-1	9771
20405.001	1	9773
20406.001	0	9772
20407.001	1	9773
20408.001	-6	9766
20409.001	1	9772
20410.001	-5	9766
20411.001	9	9778
20412.001	-3	9769
20413.001	0	9771
20414.001	-4	9767
20415.001	1	9771
20416.001	-4	9766
20417.001	9	9778
20418.001	-2	9770
20419.001	1	9772
20420.001	-5	9766
20421.001	1	9771
20422.001	-4	9766
20423.001	3	9772
20424.001	-9	9761
20425.001	2	9769
20426.001	-1	9767
20427.001	-7	9761
20428.001	5	9770
20429.001	1	9768
20430.001	5	9772
20431.001	-1	9768
20432.001	-2	9766
20433.001	4	9772
20434.001	-8	9761
20435.001	10	9777
20436.001	0	9770
20437.001	-3	9767
20438.001	3	9772
20439.001	-3	9767
20440.001	3	9772
20441.001	-2	9768
20442.001	9	9778
20443.001	-2	9770
20444.001	-6	9765
20445.001	2	9771
20446.001	-3	9767
20447.001	2	9771
20448.001	-2	9768
20449.001	-3	9766
20450.001	3	9771
20451.001	-8	9761
20452.001	-3	9764
20453.001	6	9772
20454.001	1	9769
20455.001	5	9773
20456.001	-2	9767
20457.001	4	9773
20458.001	4	9774
20459.001	3	9774
20460.001	-5	9767
20461.001	0	9771
20462.001	-4	9767
20463.001	2	9771
20464.001	4	9774
20465.001	3	9774
20466.001	1	9773
20467.001	1	9773
20468.001	-6	9767
20469.001	6	9777
20470.001	-4	9769
20471.001	-7	9764
20472.001	8	9777
20473.001	-3	9769
20474.001	1	9772
20475.001	2	9773
20476.001	-5	9767
20477.001	1	9771
20478.001	-4	9767
20479.001	-4	9765
20480.001	9	9777
20481.001	-1	9770
20482.001	-5	9766
20483.001	2	9771
20484.001	-3	9767
20485.001	3	9772
20486.001	5	9775
20487.001	3	9774
20488.001	1	9773
20489.001	1	9773
20490.001	-6	9767
20491.001	6	9777
20492.001	-5	9768
20493.001	-6	9765
20494.001	2	9771
20495.001	3	9773
20496.001	-3	9768
20497.001	1	9771
20498.001	3	9773
20499.001	-4	9767
20500.001	8	9778
20501.001	-3	9769
20502.001	-6	9765
20503.001	1	9771
20504.001	-3	9767
20505.001	2	9771
20506.001	4	9774
20507.001	-3	9768
20508.001	2	9772
20509.001	-4	9767
20510.001	-4	9765
20511.001	3	9771
20512.001	-2	9767
20513.001	4	9772
20514.001	-9	9761
20515.001	-3	9764
20516.001	6	9772
20517.001	0	9768
20518.001	-8	9760
20519.001	5	9770
20520.001	1	9768
20521.001	-7	9760
20522.001	12	9777
20523.001	1	9770
20524.001	-9	9760
20525.001	4	9770
20526.001	-1	9767
20527.001	-1	9766
20528.001	6	9773
20529.001	-1	9768
20530.001	-9	9759
20531.001	5	9771
20532.001	-6	9761
20533.001	-1	9764
20534.001	1	9766
20535.001	1	9766
20536.001	1	9767
20537.001	0	9766
20538.001	-6	9760
20539.001	1	9765
20540.001	8	9773
20541.001	-5	9762
20542.001	0	9765
20543.001	7	9772
20544.001	1	9769
20545.001	-1	9767
20546.001	-2	9766
20547.001	-1	9766
20548.001	-1	9766
20549.001	6	9772
20550.001	0	9768
20551.001	-2	9766
20552.001	-1	9767
20553.001	5	9772
20554.001	-1	9768
20555.001	-9	9759
20556.001	4	9770
20557.001	1	9768
20558.001	-1	9766
20559.001	6	9773
20560.001	-1	9768
20561.001	-2	9766
20562.001	-9	9759
20563.001	5	9770
20564.001	-5	9762
20565.001	6	9771
20566.001	-6	9761
20567.001	0	9765
20568.001	1	9766
20569.001	1	9766
20570.001	1	9767
20571.001	7	9773
20572.001	0	9768
20573.001	-8	9760
20574.001	5	9771
20575.001	-6	9761
20576.001	-8	9757
20577.001	8	9771
20578.001	3	9768
20579.001	-5	9761
20580.001	6	9771
20581.001	1	9768
20582.001	6	9773
20583.001	0	9769
20584.001	-3	9766
20585.001	4	9772
20586.001	-8	9761
20587.001	-2	9765
20588.001	6	9772
20589.001	-6	9762
20590.001	4	9770
20591.001	-6	9761
20592.001	0	9765
20593.001	7	9772
20594.001	-6	9762
20595.001	-7	9759
20596.001	0	9764
20597.001	-3	9761
20598.001	2	9765
20599.001	4	9767
20600.001	3	9768
20601.001	-5	9760
20602.001	-5	9759
20603.001	2	9764
20604.001	-2	9761
20605.001	3	9765
20606.001	-3	9760
20607.001	-3	9759
20608.001	4	9766
20609.001	-2	9761
20610.001	4	9766
20611.001	-3	9760
20612.001	3	9765
20613.001	-2	9761
20614.001	-4	9759
20615.001	10	9772
20616.001	-1	9764
20617.001	8	9772
20618.001	-5	9762
20619.001	-6	9759
20620.001	1	9764
20621.001	3	9767
20622.001	3	9768
20623.001	-5	9760
20624.001	7	9771
20625.001	-4	9762
20626.001	0	9765
20627.001	2	9767
20628.001	-5	9760
20629.001	7	9771
20630.001	-4	9762
20631.001	7	9772
20632.001	-5	9762
20633.001	-7	9758
20634.001	7	9770
20635.001	-3	9762
20636.001	1	9766
20637.001	1	9766
20638.001	2	9767
20639.001	1	9767
20640.001	1	9767
20641.001	0	9766
20642.001	6	9772
20643.001	-6	9762
20644.001	-2	9764
20645.001	0	9766
20646.001	0	9766
20647.001	7	9773
20648.001	1	9769
20649.001	-8	9760
20650.001	5	9771
20651.001	-6	9761
20652.001	-1	9764
20653.001	1	9766
20654.001	1	9766
20655.001	-6	9760
20656.001	7	9771
20657.001	-4	9762
20658.001	-6	9759
20659.001	8	9771
20660.001	3	9768
20661.001	-5	9761
20662.001	0	9765
20663.001	1	9766
20664.001	-5	9760
20665.001	8	9772
20666.001	-4	9762
20667.001	0	9765
20668.001	-4	9761
20669.001	7	9771
20670.001	9	9775
20671.001	1	9769
20672.001	4	9773
20673.001	-2	9768
20674.001	-4	9765
20675.001	4	9772
20676.001	4	9773
20677.001	-3	9768
20678.001	9	9779
20679.001	-4	9768
20680.001	-6	9765
20681.001	2	9771
20682.001	10	9780
20683.001	-4	9769
20684.001	0	9772
20685.001	7	9779
20686.001	-5	9769
20687.001	-8	9764
20688.001	-6	9764
20689.001	9	9777
20690.001	-2	9769
20691.001	-4	9766
20692.001	-4	9765
20693.001	4	9772
20694.001	5	9774
20695.001	-3	9768
20696.001	2	9772
20697.001	3	9773
20698.001	-4	9767
20699.001	2	9772
20700.001	-4	9767
20701.001	2	9771
20702.001	-3	9767
20703.001	3	9772
20704.001	-3	9767
20705.001	10	9779
20706.001	-3	9769
20707.001	0	9771
20708.001	-4	9767
20709.001	8	9778
20710.001	2	9774
20711.001	-6	9767
20712.001	-6	9765
20713.001	8	9777
20714.001	-3	9769
20715.001	-6	9765
20716.001	2	9771
20717.001	-3	9767
20718.001	10	9779
20719.001	4	9776
20720.001	1	9774
20721.001	-7	9766
20722.001	6	9777
20723.001	2	9775
20724.001	-7	9767
20725.001	-1	9770
20726.001	1	9772
20727.001	8	9779
20728.001	2	9776
20729.001	-2	9772
20730.001	-1	9773
20731.001	5	9779
20732.001	-1	9774
20733.001	-2	9773
20734.001	-2	9772
20735.001	5	9779
20736.001	-1	9774
20737.001	-9	9766
20738.001	-2	9770
20739.001	7	9778
20740.001	1	9775
20741.001	0	9774
20742.001	-1	9773
20743.001	-2	9772
20744.001	6	9779
20745.001	-7	9768
20746.001	-2	9771
20747.001	0	9772
20748.001	1	9773
20749.001	-6	9766
20750.001	1	9772
20751.001	2	9773
20752.001	-5	9766
20753.001	1	9771
20754.001	3	9773
20755.001	3	9774
20756.001	-5	9767
20757.001	7	9778
20758.001	2	9775
20759.001	-6	9767
20760.001	6	9777
20761.001	1	9774
20762.001	-7	9767
20763.001	6	9777
20764.001	1	9774
20765.001	-1	9773
20766.001	-1	9772
20767.001	6	9779
20768.001	0	9775
20769.001	-8	9767
20770.001	4	9776
20771.001	0	9774
20772.001	-1	9773
20773.001	0	9773
20774.001	-1	9772
20775.001	-7	9766
20776.001	6	9777
20777.001	-4	9769
20778.001	-7	9764
20779.001	8	9777
20780.001	-3	9769
20781.001	-5	9766
20782.001	1	9770
20783.001	4	9774
20784.001	3	9774
20785.001	-5	9767
20786.001	-5	9765
20787.001	9	9778
20788.001	-3	9768
20789.001	2	9773
20790.001	-4	9767
20791.001	8	9778
20792.001	-4	9768
20793.001	0	9771
20794.001	2	9773
20795.001	8	9780
20796.001	-6	9768
20797.001	-1	9771
20798.001	0	9772
20799.001	7	9779
20800.001	-5	9769
20801.001	-2	9771
20802.001	7	9779
20803.001	-6	9768
20804.001	-1	9771
20805.001	-6	9766
20806.001	13	9783
20807.001	-4	9770
20808.001	-1	9772
20809.001	-7	9766
20810.001	6	9777
20811.001	-4	9768
20812.001	1	9772
20813.001	-5	9766
20814.001	7	9777
20815.001	3	9775
20816.001	-6	9767
20817.001	-6	9765
20818.001	-5	9764
20819.001	10	9778
20820.001	-2	9769
20821.001	2	9772
20822.001	-4	9767
20823.001	2	9772
20824.001	10	9780
20825.001	-5	9768
20826.001	0	9772
20827.001	1	9773
20828.001	-6	9766
20829.001	8	9778
20830.001	2	9775
20831.001	0	9773
20832.001	-7	9766
20833.001	0	9771
20834.001	-5	9766
20835.001	8	9778
20836.001	-4	9768
20837.001	1	9772
20838.001	-4	9767
20839.001	-5	9765
20840.001	9	9777
20841.001	-2	9769
20842.001	1	9772
20843.001	-4	9767
20844.001	-4	9766
20845.001	9	9777
20846.001	-2	9769
20847.001	2	9773
20848.001	2	9773
20849.001	-5	9767
20850.001	7	9777
20851.001	3	9775
20852.001	0	9773
20853.001	0	9773
20854.001	-1	9772
20855.001	-7	9766
20856.001	0	9771
20857.001	2	9773
20858.001	8	9779
20859.001	-5	9769
20860.001	-1	9771
20861.001	0	9772
20862.001	1	9773
20863.001	1	9773
20864.001	0	9773
20865.001	0	9773
20866.001	6	9779
20867.001	0	9774
20868.001	-1	9773
20869.001	-2	9772
20870.001	-1	9773
20871.001	-1	9772
20872.001	-7	9766
20873.001	0	9771
20874.001	8	9779
20875.001	2	9775
20876.001	-7	9767
20877.001	-2	9770
20878.001	-5	9766
20879.001	2	9772
20880.001	-4	9766
20881.001	3	9772
20882.001	3	9773
20883.001	10	9781
20884.001	-5	9769
20885.001	-1	9771
20886.001	0	9772
20887.001	1	9773
20888.001	1	9773
20889.001	-6	9767
20890.001	0	9771
20891.001	8	9779
20892.001	-4	9769
20893.001	-1	9771
20894.001	1	9773
20895.001	-6	9766
20896.001	1	9771
20897.001	-4	9767
20898.001	2	9771
20899.001	4	9774
20900.001	-4	9767
20901.001	2	9772
20902.001	2	9773
20903.001	9	9780
20904.001	-5	9769
20905.001	-1	9771
20906.001	0	9772
20907.001	1	9773
20908.001	1	9773
20909.001	0	9773
20910.001	6	9779
20911.001	0	9774
20912.001	-1	9773
20913.001	-2	9772
20914.001	-1	9773
20915.001	-8	9765
20916.001	0	9771
20917.001	2	9773
20918.001	2	9773
20919.001	1	9773
20920.001	0	9772
20921.001	1	9773
20922.001	0	9773
20923.001	0	9773
20924.001	0	9773
20925.001	0	9773
20926.001	1	9774
20927.001	-7	9766
20928.001	0	9771
20929.001	-5	9766
20930.001	2	9771
20931.001	-3	9767
20932.001	3	9772
20933.001	-3	9767
20934.001	3	9772
20935.001	-3	9767
20936.001	9	9778
20937.001	-2	9770
20938.001	1	9772
20939.001	-5	9766
20940.001	1	9771
20941.001	-4	9766
20942.001	-3	9766
20943.001	-3	9765
20944.001	11	9778
20945.001	-1	9770
20946.001	-4	9766
20947.001	-4	9765
20948.001	-3	9765
20949.001	-2	9765
20950.001	6	9772
20951.001	-6	9762
20952.001	-2	9764
20953.001	-7	9759
20954.001	1	9765
20955.001	3	9767
20956.001	9	9774
20957.001	-5	9763
20958.001	-2	9764
20959.001	-6	9759
20960.001	1	9765
20961.001	3	9767
20962.001	-4	9761
20963.001	1	9765
20964.001	-4	9760
20965.001	9	9772
20966.001	4	9769
20967.001	0	9767
20968.001	0	9767
20969.001	0	9767
20970.001	-1	9766
20971.001	-6	9760
20972.001	0	9765
20973.001	8	9773
20974.001	2	9769
20975.001	-7	9761
20976.001	-2	9763
20977.001	1	9766
20978.001	1	9766
20979.001	2	9767
20980.001	1	9767
20981.001	6	9772
20982.001	0	9768
20983.001	-2	9766
20984.001	-1	9767
20985.001	-2	9765
20986.001	-1	9766
20987.001	0	9766
20988.001	7	9773
20989.001	-1	9767
20990.001	-2	9766
20991.001	-8	9760
20992.001	-1	9764
20993.001	1	9766
20994.001	1	9766
20995.001	1	9766
20996.001	1	9767
20997.001	7	9773
20998.001	1	9769
20999.001	4	9772
21000.001	-2	9768
21001.001	-3	9766
21002.001	-3	9765
21003.001	5	9772
21004.001	-1	9768
21005.001	4	9772
21006.001	-3	9767
21007.001	-3	9766
21008.001	-2	9766
21009.001	5	9772
21010.001	-1	9768
21011.001	-3	9765
21012.001	4	9772
21013.001	-1	9768
21014.001	4	9772
21015.001	-2	9768
21016.001	3	9772
21017.001	-3	9767
21018.001	-3	9766
21019.001	-3	9765
21020.001	-2	9765
21021.001	6	9773
21022.001	6	9774
21023.001	-2	9768
21024.001	2	9772
21025.001	3	9773
21026.001	-4	9767
21027.001	2	9772
21028.001	3	9774
21029.001	-5	9766
21030.001	2	9772
21031.001	-4	9767
21032.001	2	9771
21033.001	-3	9767
21034.001	3	9772
21035.001	10	9780
21036.001	-4	9769
21037.001	0	9772
21038.001	1	9773
21039.001	-5	9767
21040.001	0	9771
21041.001	3	9774
21042.001	2	9773
21043.001	1	9773
21044.001	1	9773
21045.001	0	9773
21046.001	0	9773
21047.001	0	9773
21048.001	0	9773
21049.001	0	9773
21050.001	0	9773
21051.001	-6	9767
21052.001	0	9771
21053.001	2	9773
21054.001	2	9773
21055.001	1	9773
21056.001	7	9779
21057.001	1	9775
21058.001	-2	9773
21059.001	-2	9772
21060.001	5	9779
21061.001	-1	9774
21062.001	-2	9773
21063.001	-2	9772
21064.001	-1	9773
21065.001	-1	9772
21066.001	5	9778
21067.001	0	9774
21068.001	-2	9772
21069.001	-1	9773
21070.001	5	9779
21071.001	-1	9774
21072.001	4	9779
21073.001	-2	9774
21074.001	3	9778
21075.001	-2	9774
21076.001	3	9779
21077.001	-3	9774
21078.001	-4	9772
21079.001	-3	9771
21080.001	5	9779
21081.001	-1	9774
21082.001	-2	9773
21083.001	-3	9771
21084.001	5	9778
21085.001	0	9775
21086.001	4	9779
21087.001	5	9781
21088.001	-4	9773
21089.001	2	9778
21090.001	3	9780
21091.001	-4	9774
21092.001	-5	9772
21093.001	2	9777
21094.001	-2	9774
21095.001	-3	9772
21096.001	4	9778
21097.001	-1	9774
21098.001	-3	9772
21099.001	4	9778
21100.001	-1	9774
21101.001	-9	9766
21102.001	4	9776
21103.001	0	9774
21104.001	6	9780
21105.001	-1	9774
21106.001	4	9779
21107.001	-3	9773
21108.001	3	9778
21109.001	4	9780
21110.001	-3	9774
21111.001	1	9778
21112.001	3	9780
21113.001	2	9780
21114.001	1	9779
21115.001	1	9780
21116.001	1	9780
21117.001	0	9779
21118.001	0	9779
21119.001	0	9779
21120.001	-1	9778
21121.001	7	9786
21122.001	0	9781
21123.001	-2	9779
21124.001	-2	9778
21125.001	-1	9779
21126.001	-1	9779
21127.001	6	9785
21128.001	0	9781
21129.001	-2	9779
21130.001	5	9785
21131.001	-2	9780
21132.001	-3	9778
21133.001	-2	9778
21134.001	-1	9779
21135.001	-1	9779
21136.001	0	9779
21137.001	-7	9772
21138.001	0	9777
21139.001	2	9779
21140.001	-5	9773
21141.001	2	9778
21142.001	3	9780
21143.001	-4	9774
21144.001	1	9778
21145.001	3	9780
21146.001	-5	9773
21147.001	2	9778
21148.001	-4	9773
21149.001	3	9779
21150.001	-3	9774
21151.001	9	9785
21152.001	-3	9775
21153.001	-6	9771
21154.001	-5	9771
21155.001	4	9778
21156.001	-2	9773
21157.001	-2	9773
21158.001	-2	9772
21159.001	-2	9772
21160.001	6	9779
21161.001	0	9775
21162.001	4	9779
21163.001	-2	9774
21164.001	-3	9772
21165.001	-3	9771
21166.001	5	9779
21167.001	5	9780
21168.001	4	9781
21169.001	-3	9775
21170.001	1	9778
21171.001	-4	9773
21172.001	2	9778
21173.001	-4	9773
21174.001	-3	9772
21175.001	3	9777
21176.001	-1	9774
21177.001	-3	9772
21178.001	4	9778
21179.001	-1	9774
21180.001	3	9778
21181.001	-2	9774
21182.001	3	9778
21183.001	-2	9774
21184.001	9	9785
21185.001	3	9781
21186.001	-5	9774
21187.001	0	9778
21188.001	-6	9772
21189.001	2	9778
21190.001	-3	9774
21191.001	-4	9772
21192.001	3	9777
21193.001	-1	9774
21194.001	-3	9772
21195.001	4	9778
21196.001	-1	9774
21197.001	4	9779
21198.001	-3	9773
21199.001	-3	9772
21200.001	10	9784
21201.001	-2	9775
21202.001	-5	9772
21203.001	-4	9771
21204.001	-9	9765
21205.001	5	9776
21206.001	2	9775
21207.001	6	9780
21208.001	5	9780
21209.001	-3	9774
21210.001	-3	9773
21211.001	-10	9765
21212.001	-3	9769
21213.001	7	9778
21214.001	8	9781
21215.001	0	9776
21216.001	-3	9773
21217.001	-3	9772
21218.001	4	9778
21219.001	-1	9774
21220.001	-9	9766
21221.001	-2	9770
21222.001	1	9772
21223.001	2	9774
21224.001	1	9773
21225.001	0	9773
21226.001	0	9773
21227.001	-6	9767
21228.001	6	9777
21229.001	8	9781
21230.001	0	9775
21231.001	-2	9773
21232.001	-2	9772
21233.001	-2	9772
21234.001	5	9778
21235.001	-7	9768
21236.001	-2	9771
21237.001	-6	9766
21238.001	7	9777
21239.001	3	9775
21240.001	0	9773
21241.001	-7	9766
21242.001	0	9771
21243.001	7	9778
21244.001	2	9775
21245.001	-1	9773
21246.001	-7	9767
21247.001	-1	9770
21248.001	1	9772
21249.001	8	9779
21250.001	2	9776
21251.001	-2	9772
21252.001	-1	9773
21253.001	-2	9772
21254.001	0	9773
21255.001	-7	9766
21256.001	6	9777
21257.001	2	9775
21258.001	0	9773
21259.001	-7	9766
21260.001	0	9771
21261.001	8	9779
21262.001	1	9775
21263.001	-1	9773
21264.001	-7	9767
21265.001	-1	9770
21266.001	1	9772
21267.001	15	9786
21268.001	1	9777
21269.001	-3	9773
21270.001	-4	9771
21271.001	4	9778
21272.001	-2	9773
21273.001	-2	9773
21274.001	-2	9772
21275.001	-2	9772
21276.001	6	9779
21277.001	0	9775
21278.001	-2	9773
21279.001	-2	9772
21280.001	5	9779
21281.001	-1	9774
21282.001	-2	9773
21283.001	-2	9772
21284.001	-2	9772
21285.001	6	9779
21286.001	6	9781
21287.001	-2	9775
21288.001	-4	9772
21289.001	3	9778
21290.001	-2	9774
21291.001	-3	9772
21292.001	-8	9766
21293.001	-2	9770
21294.001	8	9779
21295.001	1	9775
21296.001	-1	9773
21297.001	-1	9773
21298.001	-7	9766
21299.001	6	9777
21300.001	1	9774
21301.001	0	9773
21302.001	6	9779
21303.001	-1	9774
21304.001	-8	9767
21305.001	-2	9770
21306.001	7	9779
21307.001	1	9775
21308.001	-2	9772
21309.001	-1	9773
21310.001	5	9778
21311.001	0	9775
21312.001	-2	9773
21313.001	-2	9772
21314.001	-1	9773
21315.001	5	9778
21316.001	0	9775
21317.001	-3	9772
21318.001	-2	9772
21319.001	6	9779
21320.001	-1	9774
21321.001	4	9779
21322.001	-2	9774
21323.001	3	9778
21324.001	-2	9774
21325.001	-4	9772
21326.001	-3	9771
21327.001	5	9779
21328.001	-1	9774
21329.001	4	9779
21330.001	-2	9774
21331.001	-3	9772
21332.001	4	9778
21333.001	5	9781
21334.001	-3	9774
21335.001	-5	9771
21336.001	3	9778
21337.001	4	9780
21338.001	-3	9774
21339.001	-4	9772
21340.001	-3	9772
21341.001	-2	9772
21342.001	-1	9772
21343.001	6	9779
21344.001	0	9775
21345.001	-9	9766
21346.001	4	9776
21347.001	1	9774
21348.001	-1	9773
21349.001	6	9779
21350.001	-1	9774
21351.001	5	9780
21352.001	-3	9773
21353.001	-3	9772
21354.001	10	9784
21355.001	-2	9775
21356.001	2	9779
21357.001	3	9780
21358.001	1	9779
21359.001	7	9786
21360.001	-6	9775
21361.001	-1	9778
21362.001	-6	9773
21363.001	0	9777
21364.001	2	9779
21365.001	3	9780
21366.001	-5	9773
21367.001	-6	9771
21368.001	-4	9771
21369.001	-2	9772
21370.001	5	9778
21371.001	-1	9774
21372.001	-8	9766
21373.001	-2	9770
21374.001	1	9772
21375.001	-5	9767
21376.001	7	9777
21377.001	3	9775
21378.001	-6	9767
21379.001	-1	9770
21380.001	2	9773
21381.001	1	9773
21382.001	-5	9767
21383.001	0	9771
21384.001	9	9780
21385.001	-4	9769
21386.001	-1	9771
21387.001	-6	9766
21388.001	1	9771
21389.001	3	9773
21390.001	3	9774
21391.001	1	9773
21392.001	7	9779
21393.001	1	9775
21394.001	4	9779
21395.001	-2	9774
21396.001	-3	9772
21397.001	4	9778
21398.001	-2	9774
21399.001	4	9779
21400.001	4	9780
21401.001	-4	9773
21402.001	-5	9771
21403.001	-3	9772
21404.001	4	9778
21405.001	-1	9774
21406.001	-2	9773
21407.001	-2	9772
21408.001	-2	9772
21409.001	6	9779
21410.001	0	9775
21411.001	4	9779
21412.001	4	9780
21413.001	-3	9774
21414.001	-4	9772
21415.001	-4	9771
21416.001	4	9778
21417.001	-1	9774
21418.001	4	9779
21419.001	-2	9774
21420.001	-3	9772
21421.001	4	9778
21422.001	4	9780
21423.001	-3	9774
21424.001	-4	9772
21425.001	-3	9772
21426.001	-2	9772
21427.001	-8	9765
21428.001	0	9771
21429.001	2	9773
21430.001	-5	9766
21431.001	2	9772
21432.001	9	9780
21433.001	2	9775
21434.001	-1	9773
21435.001	-7	9767
21436.001	-1	9770
21437.001	-5	9766
21438.001	1	9771
21439.001	-3	9767
21440.001	9	9778
21441.001	-3	9769
21442.001	2	9773
21443.001	-5	9766
21444.001	-5	9765
21445.001	3	9771
21446.001	-2	9767
21447.001	9	9778
21448.001	-2	9769
21449.001	1	9772
21450.001	2	9773
21451.001	-5	9767
21452.001	1	9771
21453.001	2	9773
21454.001	9	9780
21455.001	2	9776
21456.001	5	9779
21457.001	-2	9774
21458.001	-3	9772
21459.001	-3	9771
21460.001	-1	9773
21461.001	5	9778
21462.001	12	9787
21463.001	-2	9776
21464.001	1	9779
21465.001	-5	9773
21466.001	1	9778
21467.001	-4	9773
21468.001	2	9778
21469.001	-3	9773
21470.001	10	9785
21471.001	4	9782
21472.001	0	9780
21473.001	-6	9774
21474.001	-1	9777
21475.001	-5	9772
21476.001	2	9778
21477.001	-3	9774
21478.001	-4	9772
21479.001	3	9777
21480.001	5	9780
21481.001	-3	9774
21482.001	-4	9772
21483.001	-3	9772
21484.001	-2	9772
21485.001	5	9778
21486.001	0	9775
21487.001	-2	9773
21488.001	-2	9772
21489.001	-2	9772
21490.001	-1	9772
21491.001	0	9773
21492.001	7	9780
21493.001	0	9775
21494.001	-2	9773
21495.001	-2	9772
21496.001	-2	9772
21497.001	-1	9772
21498.001	7	9780
21499.001	0	9775
21500.001	-2	9773
21501.001	-2	9772
21502.001	-2	9772
21503.001	-1	9772
21504.001	0	9773
21505.001	0	9773
21506.001	7	9780
21507.001	0	9775
21508.001	-2	9773
21509.001	-9	9765
21510.001	-1	9770
21511.001	8	9779
21512.001	-5	9769
21513.001	-1	9771
21514.001	7	9779
21515.001	7	9781
21516.001	-1	9775
21517.001	-9	9767
21518.001	-3	9770
21519.001	6	9778
21520.001	-6	9768
21521.001	-1	9771
21522.001	1	9773
21523.001	1	9773
21524.001	0	9772
21525.001	7	9779
21526.001	1	9775
21527.001	-2	9773
21528.001	-2	9772
21529.001	-2	9772
21530.001	-1	9772
21531.001	0	9773
21532.001	-6	9767
21533.001	6	9777
21534.001	2	9775
21535.001	-6	9767
21536.001	-1	9770
21537.001	-5	9766
21538.001	8	9778
21539.001	3	9775
21540.001	1	9774
21541.001	0	9773
21542.001	6	9779
21543.001	-1	9774
21544.001	-2	9773
21545.001	-2	9772
21546.001	11	9785
21547.001	-1	9776
21548.001	-4	9773
21549.001	9	9784
21550.001	-2	9776
21551.001	1	9778
21552.001	-5	9773
21553.001	1	9777
21554.001	-3	9774
21555.001	-4	9772
21556.001	-3	9771
21557.001	11	9785
21558.001	-7	9770
21559.001	2	9777
21560.001	-8	9767
21561.001	3	9776
21562.001	6	9780
21563.001	-1	9775
21564.001	4	9779
21565.001	-3	9774
21566.001	3	9779
21567.001	-3	9774
21568.001	-4	9772
21569.001	-3	9771
21570.001	11	9785
21571.001	-1	9776
21572.001	-4	9773
21573.001	-4	9771
21574.001	-2	9772
21575.001	5	9779
21576.001	-1	9774
21577.001	-2	9773
21578.001	-3	9771
21579.001	5	9778
21580.001	6	9781
21581.001	-2	9775
21582.001	-4	9772
21583.001	-3	9772
21584.001	5	9779
21585.001	-1	9774
21586.001	-3	9772
21587.001	-2	9772
21588.001	-2	9772
21589.001	12	9785
21590.001	0	9777
21591.001	-4	9773
21592.001	-4	9771
21593.001	-2	9772
21594.001	-2	9772
21595.001	12	9785
21596.001	0	9777
21597.001	-4	9773
21598.001	-4	9771
21599.001	4	9778
21600.001	5	9780
21601.001	-3	9774
21602.001	-4	9772
21603.001	3	9778
21604.001	-1	9775
21605.001	3	9778
21606.001	4	9780
21607.001	-4	9773
21608.001	-5	9771
21609.001	10	9785
21610.001	-2	9776
21611.001	-6	9771
21612.001	-4	9771
21613.001	-2	9772
21614.001	5	9779
21615.001	-1	9774
21616.001	-3	9772
21617.001	5	9779
21618.001	5	9780
21619.001	-3	9774
21620.001	-4	9772
21621.001	-3	9772
21622.001	11	9785
21623.001	-1	9776
21624.001	-5	9772
21625.001	2	9777
21626.000	11	9787
21627.001	-4	9775
21628.001	-6	9772
21629.001	1	9777
21630.001	3	9780
21631.001	2	9779
21632.001	-5	9773
21633.001	2	9779
21634.001	-4	9773
21635.001	2	9778
21636.001	-4	9773
21637.001	-3	9772
21638.001	3	9777
21639.001	-1	9774
21640.001	-3	9772
21641.001	-2	9772
21642.001	5	9779
21643.001	-1	9774
21644.001	-2	9773
21645.001	4	9778
21646.001	-1	9774
21647.001	10	9785
21648.001	-3	9775
21649.001	-5	9772
21650.001	-4	9772
21651.001	3	9777
21652.001	11	9786
21653.001	-3	9776
21654.001	1	9779
21655.001	-5	9773
21656.001	1	9778
21657.001	9	9786
21658.001	2	9782
21659.001	-6	9774
21660.001	-2	9776
21661.001	1	9779
21662.001	8	9786
21663.001	1	9781
21664.001	-8	9773
21665.001	-1	9777
21666.001	0	9778
21667.001	-5	9773
21668.001	-5	9772
21669.001	9	9784
21670.001	4	9782
21671.001	1	9780
21672.001	0	9779
21673.001	-6	9773
21674.001	-7	9770
21675.001	2	9777
21676.001	-3	9773
21677.001	10	9785
21678.001	4	9782
21679.001	-5	9774
21680.001	-7	9771
21681.001	-5	9771
21682.001	3	9777
21683.001	-1	9774
21684.001	-2	9773
21685.001	4	9778
21686.000	-1	9774
21687.001	4	9779
21688.001	3	9779
21689.001	-3	9774
21690.001	-4	9772
21691.001	-4	9771
21692.001	4	9778
21693.001	5	9780
21694.001	-2	9775
21695.001	-4	9772
21696.001	3	9778
21697.001	11	9787
21698.001	4	9783
21699.001	-7	9773
21700.001	-1	9777
21701.001	-5	9773
21702.001	1	9777
21703.001	-3	9774
21704.001	3	9779
21705.001	-4	9773
21706.001	-3	9772
21707.001	10	9784
21708.001	-2	9775
21709.001	-5	9772
21710.001	3	9778
21711.001	-3	9773
21712.001	-3	9772
21713.001	-3	9771
21714.001	-2	9772
21715.001	6	9779
21716.001	6	9781
21717.001	4	9781
21718.001	-4	9774
21719.001	-4	9773
21720.001	-4	9771
21721.001	-3	9771
21722.001	-2	9771
21723.001	-6	9767
21724.001	0	9771
21725.001	1	9772
21726.001	9	9780
21727.001	1	9775
21728.001	-7	9767
21729.001	-2	9770
21730.001	-5	9766
21731.001	1	9771
21732.001	3	9773
21733.001	-4	9767
21734.001	2	9772
21735.001	2	9773
21736.001	2	9773
21737.001	8	9780
21738.001	1	9775
21739.001	-1	9773
21740.001	-8	9766
21741.001	-2	9770
21742.001	-5	9766
21743.001	1	9771
21744.001	-3	9767
21745.001	3	9772
21746.000	3	9773
21747.001	-3	9768
21748.001	2	9772
21749.001	-4	9767
21750.001	2	9771
21751.001	4	9774
21752.001	-4	9767
21753.001	2	9772
21754.001	-4	9767
21755.001	-4	9765
21756.000	10	9778
21757.001	-2	9769
21758.001	-5	9766
21759.001	2	9771
21760.001	-3	9767
21761.001	-3	9766
21762.001	-2	9766
21763.001	-2	9765
21764.001	6	9773
21765.001	-1	9767
21766.001	-2	9766
21767.001	5	9773
21768.001	-2	9767
21769.001	4	9772
21770.001	-2	9768
21771.001	3	9772
21772.001	-3	9767
21773.001	3	9772
21774.001	-3	9767
21775.001	3	9772
21776.001	-3	9767
21777.001	3	9772
21778.000	4	9774
21779.001	2	9773
21780.001	-4	9768
21781.001	0	9771
21782.001	-4	9767
21783.001	3	9772
21784.001	3	9773
21785.001	-4	9767
21786.001	2	9772
21787.001	-4	9767
21788.001	2	9771
21789.001	-3	9767
21790.001	-4	9765
21791.001	4	9772
21792.001	5	9774
21793.001	-3	9768
21794.001	2	9772
21795.001	3	9773
21796.001	9	9780
21797.001	-4	9770
21798.001	-2	9771
21799.001	-6	9766
21800.001	1	9771
21801.001	2	9773
21802.001	2	9773
21803.001	-4	9768
21804.001	1	9772
21805.001	2	9773
21806.000	1	9772
21807.001	2	9774
21808.001	1	9773
21809.001	0	9773
21810.001	0	9773
21811.001	0	9773
21812.001	1	9774
21813.001	0	9773
21814.001	6	9779
21815.001	-7	9768
21816.001	4	9777
21817.001	-6	9768
21818.001	12	9784
21819.001	7	9783
21820.001	-3	9775
21821.001	1	9778
21822.000	-10	9767
21823.001	2	9776
21824.001	5	9780
21825.001	-2	9774
21826.001	2	9778
21827.000	-3	9773
21828.001	3	9778
21829.001	-2	9774
21830.001	3	9779
21831.001	-3	9774
21832.001	2	9778
21833.001	4	9780
21834.001	-4	9773
21835.001	-5	9771
21836.001	3	9778
21837.001	-2	9774
21838.001	-3	9772
21839.001	-2	9772
21840.001	-1	9773
21841.001	5	9778
21842.001	0	9775
21843.001	-2	9773
21844.001	-2	9772
21845.001	5	9779
21846.001	-1	9774
21847.001	-3	9772
21848.001	5	9779
21849.001	-1	9774
21850.001	3	9778
21851.001	5	9781
21852.001	-4	9773
21853.001	-4	9772
21854.001	2	9777
21855.001	-2	9774
21856.001	4	9779
21857.001	-3	9773
21858.001	-3	9772
21859.001	-3	9771
21860.001	5	9779
21861.001	-1	9774
21862.001	-2	9773
21863.001	4	9778
21864.001	-1	9774
21865.001	-3	9772
21866.000	-2	9772
21867.001	-2	9772
21868.001	6	9779
21869.001	6	9781
21870.001	-2	9775
21871.001	-4	9772
21872.001	3	9778
21873.001	-2	9774
21874.001	-3	9772
21875.001	4	9778
21876.001	-1	9774
21877.001	4	9779
21878.001	-3	9773
21879.001	-3	9772
21880.001	-3	9771
21881.001	-8	9766
21882.001	-1	9770
21883.001	2	9773
21884.001	-5	9766
21885.001	2	9772
21886.001	2	9773
21887.001	2	9773
21888.001	2	9774
21889.001	1	9773
21890.001	0	9773
21891.001	0	9773
21892.001	-6	9767
21893.001	0	9771
21894.001	2	9773
21895.001	8	9779
21896.001	1	9775
21897.001	-1	9773
21898.001	-1	9773
21899.001	-1	9773
21900.001	-1	9772
21901.001	-1	9772
21902.001	0	9773
21903.001	0	9773
21904.001	0	9773
21905.001	0	9773
21906.001	0	9773
21907.001	7	9780
21908.001	-6	9769
21909.001	4	9777
21910.001	0	9774
21911.001	-2	9772
21912.001	6	9780
21913.001	-1	9774
21914.001	-3	9772
21915.001	-2	9772
21916.001	-2	9772
21917.001	-1	9772
21918.001	0	9773
21919.001	0	9773
21920.001	0	9773
21921.001	0	9773
21922.001	1	9774
21923.001	0	9773
21924.001	-7	9766
21925.001	0	9771
21926.001	2	9773
21927.001	1	9772
21928.001	2	9774
21929.001	-6	9766
21930.001	1	9772
21931.001	2	9773
21932.001	8	9779
21933.001	1	9775
21934.001	-1	9773
21935.001	5	9779
21936.001	-1	9774
21937.001	-2	9773
21938.001	3	9777
21939.001	-1	9774
21940.001	3	9778
21941.001	-2	9774
21942.001	3	9778
21943.001	11	9787
21944.001	-4	9776
21945.001	0	9778
21946.001	-6	9772
21947.001	1	9778
21948.001	-4	9773
21949.001	2	9778
21950.001	-3	9773
21951.001	3	9778
21952.001	-2	9774
21953.001	3	9779
21954.001	3	9780
21955.001	-4	9773
21956.001	2	9778
21957.001	-4	9773
21958.001	9	9785
21959.001	3	9781
21960.001	-5	9774
21961.001	0	9778
21962.001	-6	9772
21963.001	2	9778
21964.001	-3	9774
21965.001	-4	9772
21966.001	3	9777
21967.001	-1	9774
21968.001	3	9778
21969.001	-2	9774
21970.001	-3	9772
21971.001	4	9778
21972.001	-2	9774
21973.001	-3	9772
21974.001	-2	9772
21975.001	-2	9772
21976.001	12	9785
21977.001	0	9777
21978.001	-4	9773
21979.001	-4	9771
21980.001	-2	9772
21981.001	-2	9772
21982.001	-1	9772
21983.001	0	9773
21984.001	7	9780
21985.001	6	9781
21986.000	-2	9775
21987.001	-4	9772
21988.001	-3	9772
21989.001	-2	9772
21990.001	5	9778
21991.001	0	9775
21992.001	-2	9773
21993.001	4	9778
21994.001	-1	9774
21995.001	-3	9772
21996.001	11	9785
21997.001	-2	9775
21998.001	-4	9773
21999.001	2	9778
22000.001	-3	9773
22001.001	-4	9771
22002.001	-2	9772
22003.001	5	9779
22004.001	-1	9774
22005.001	-3	9772
22006.001	-2	9772
22007.001	-7	9766
22008.001	-1	9770
22009.001	8	9779
22010.000	2	9775
22011.001	6	9780
22012.001	-1	9775
22013.001	-3	9772
22014.001	-3	9771
22015.001	-1	9773
22016.001	-1	9772
22017.001	6	9779
22018.001	-1	9774
22019.001	-2	9772
22020.001	-1	9773
22021.001	-1	9773
22022.001	-1	9772
22023.001	6	9779
22024.001	-1	9774
22025.001	-2	9772
22026.001	-2	9772
22027.001	6	9779
22028.001	-1	9774
22029.001	-2	9773
22030.001	4	9778
22031.001	5	9780
22032.001	4	9781
22033.001	-4	9774
22034.001	1	9778
22035.001	-4	9773
22036.001	2	9778
22037.001	-3	9774
22038.001	2	9778
22039.001	-3	9773
22040.001	3	9778
22041.001	4	9780
22042.001	3	9780
22043.001	-5	9773
22044.001	1	9778
22045.001	-4	9773
22046.001	-5	9771
22047.001	-3	9771
22048.001	-2	9772
22049.001	-1	9772
22050.000	6	9779
22051.001	7	9781
22052.001	-2	9775
22053.001	-4	9772
22054.001	-3	9772
22055.001	-2	9772
22056.001	6	9779
22057.001	-8	9767
22058.001	-2	9771
22059.001	0	9772
22060.001	14	9786
22061.001	0	9776
22062.001	-3	9773
22063.001	-4	9771
22064.001	-2	9772
22065.001	-2	9772
22066.001	-1	9772
22067.001	0	9773
22068.001	0	9773
22069.001	0	9773
22070.001	7	9780
22071.001	0	9775
22072.001	-2	9773
22073.001	-2	9772
22074.001	-2	9772
22075.001	-7	9766
22076.001	-6	9765
22077.001	8	9777
22078.001	4	9775
22079.000	-6	9767
22080.001	0	9771
22081.001	2	9773
22082.001	2	9773
22083.001	1	9773
22084.001	1	9773
22085.001	7	9780
22086.001	6	9781
22087.001	-2	9775
22088.001	-4	9772
22089.001	-3	9772
22090.001	-2	9772
22091.001	12	9785
22092.001	-1	9776
22093.001	-4	9773
22094.001	-3	9772
22095.001	-3	9771
22096.001	-2	9772
22097.001	-1	9772
22098.001	6	9779
22099.001	0	9774
22100.001	-1	9773
22101.001	-2	9772
22102.001	5	9779
22103.001	-1	9774
22104.001	-2	9773
22105.001	-2	9772
22106.000	-8	9766
22107.001	-1	9770
22108.001	2	9773
22109.001	8	9779
22110.001	1	9775
22111.001	-1	9773
22112.001	-1	9773
22113.001	-1	9773
22114.001	-1	9772
22115.001	-1	9772
22116.001	6	9779
22117.001	0	9774
22118.001	-1	9773
22119.001	-2	9772
22120.001	-1	9773
22121.001	-1	9772
22122.001	-1	9772
22123.001	13	9786
22124.001	0	9777
22125.001	-4	9773
22126.001	-4	9771
22127.001	-3	9771
22128.001	-1	9772
22129.001	-1	9772
22130.001	6	9779
22131.001	1	9775
22132.001	-2	9773
22133.001	4	9778
22134.000	-1	9774
22135.001	-3	9772
22136.001	-2	9772
22137.001	5	9779
22138.001	6	9781
22139.001	-3	9774
22140.001	2	9778
22141.001	-3	9774
22142.001	3	9779
22143.001	-3	9774
22144.001	9	9785
22145.001	-3	9775
22146.001	1	9778
22147.001	-5	9773
22148.001	-5	9771
22149.001	9	9784
22150.001	-2	9775
22151.001	-4	9773
22152.001	-5	9771
22153.001	10	9784
22154.001	-1	9776
22155.001	-5	9772
22156.001	2	9777
22157.001	-2	9774
22158.001	9	9784
22159.001	-2	9776
22160.001	-6	9771
22161.001	-4	9772
22162.001	3	9777
22163.001	-1	9774
22164.001	10	9785
22165.001	-3	9775
22166.000	1	9778
22167.001	-4	9773
22168.001	-5	9771
22169.001	-3	9772
22170.001	10	9784
22171.001	-1	9776
22172.001	-4	9773
22173.001	3	9778
22174.001	-3	9773
22175.001	-3	9772
22176.001	3	9777
22177.001	-1	9774
22178.001	-3	9772
22179.001	-2	9772
22180.001	-8	9766
22181.001	-1	9770
22182.001	14	9785
22183.001	2	9777
22184.001	-2	9774
22185.001	-3	9772
22186.001	4	9778
22187.001	-1	9774
22188.001	-3	9772
22189.001	4	9778
22190.001	5	9780
22191.001	-3	9774
22192.001	-4	9772
22193.001	-9	9766
22194.001	10	9782
22195.000	-5	9770
22196.001	-3	9771
22197.001	6	9779
22198.001	0	9774
22199.001	-2	9772
22200.001	5	9779
22201.000	-1	9774
22202.001	-3	9772
22203.001	-2	9772
22204.001	5	9779
22205.001	-1	9774
22206.001	-2	9773
22207.001	-2	9772
22208.001	-2	9772
22209.001	12	9785
22210.001	0	9777
22211.000	-4	9773
22212.001	3	9778
22213.001	-3	9773
22214.001	3	9778
22215.001	4	9780
22216.001	3	9780
22217.001	-5	9773
22218.001	1	9778
22219.001	-5	9772
22220.001	2	9778
22221.001	-3	9773
22222.001	10	9785
22223.000	-3	9775
22224.001	-6	9771
22225.001	-4	9772
22226.000	3	9777
22227.001	-2	9773
22228.000	-2	9773
22229.001	4	9778
22230.001	-1	9774
22231.001	4	9779
22232.001	4	9780
22233.000	-4	9773
22234.000	-4	9772
22235.001	-4	9771
22236.001	-2	9772
22237.000	-2	9771
22238.001	13	9786
22239.000	0	9777
22240.001	-4	9773
22241.000	-10	9765
22242.000	-3	9769
22243.000	0	9771
22244.000	2	9773
22245.000	1	9773
22246.001	7	9779
22247.000	0	9774
22248.000	-1	9773
22249.001	-2	9772
22250.001	-2	9772
22251.001	6	9779
22252.000	6	9781
22253.001	-2	9775
22254.000	-4	9772
22255.001	-3	9772
22256.001	-2	9772
22257.000	5	9778
22258.001	6	9781
22259.001	-2	9775
22260.001	3	9779
22261.000	-4	9773
22262.001	-4	9772
22263.001	-2	9772
22264.001	11	9785
22265.001	-2	9775
22266.001	-4	9773
22267.001	-4	9771
22268.000	4	9778
22269.001	-2	9773
22270.001	-2	9773
22271.001	-2	9772
22272.001	11	9785
22273.000	-1	9776
22274.001	-4	9773
22275.001	-4	9771
22276.001	4	9778
22277.001	5	9780
22278.001	-3	9774
22279.001	-4	9772
22280.001	3	9778
22281.001	5	9781
22282.001	3	9780
22283.001	-4	9774
22284.001	1	9778
22285.001	-4	9773
22286.000	2	9778
22287.001	-3	9774
22288.001	-4	9772
22289.001	3	9777
22290.001	-1	9774
22291.001	-3	9772
22292.001	-3	9771
22293.001	-1	9772
22294.001	12	9785
22295.001	0	9777
22296.001	-4	9773
22297.001	-4	9771
22298.001	-2	9772
22299.001	-2	9772
22300.001	-1	9772
22301.001	0	9773
22302.001	0	9773
22303.001	-6	9767
22304.001	0	9771
22305.001	2	9773
22306.001	-5	9766
22307.001	8	9778
22308.001	3	9775
22309.001	-6	9767
22310.001	-1	9770
22311.001	-5	9766
22312.001	2	9772
22313.001	-4	9766
22314.001	3	9772
22315.001	-3	9767
22316.001	9	9778
22317.001	4	9776
22318.001	-5	9768
22319.001	-1	9770
22320.001	2	9773
22321.001	-5	9767
22322.001	1	9771
22323.000	-4	9767
22324.001	2	9771
22325.001	-3	9767
22326.001	16	9785
22327.001	-3	9771
22328.001	-2	9771
22329.001	-6	9766
22330.001	0	9771
22331.001	-4	9767
22332.001	2	9771
22333.001	4	9774
22334.001	9	9780
22335.001	-5	9769
22336.001	-1	9771
22337.001	-6	9766
22338.001	1	9771
22339.001	-5	9766
22340.001	3	9772
22341.001	10	9780
22342.001	-4	9769
22343.001	0	9772
22344.001	-5	9767
22345.001	0	9770
22346.000	3	9773
22347.000	9	9780
22348.000	-5	9769
22349.000	-1	9771
22350.000	-6	9766
22351.000	0	9770
22352.000	9	9779
22353.000	-4	9769
22354.000	-6	9766
22355.001	1	9771
22356.000	-4	9766
22357.000	9	9778
22358.000	-3	9769
22359.000	1	9772
22360.000	-4	9767
22361.000	8	9778
22362.000	-4	9768
22363.000	-6	9765
22364.000	2	9771
22365.000	-3	9767
22366.000	2	9771
22367.000	4	9774
22368.000	-3	9768
22369.000	-5	9765
22370.000	3	9771
22371.000	-2	9767
22372.000	3	9772
22373.000	-2	9768
22374.000	-3	9766
22375.000	10	9778
22376.000	4	9775
22377.000	-5	9767
22378.000	1	9772
22379.000	2	9773
22380.000	1	9773
22381.000	1	9773
22382.000	-6	9766
22383.000	1	9772
22384.000	8	9779
22385.000	2	9775
22386.000	-1	9773
22387.000	-7	9767
22388.000	-1	9770
22389.000	8	9779
22390.000	8	9782
22391.000	-1	9775
22392.000	-3	9773
22393.000	10	9785
22394.000	-2	9776
22395.000	-5	9772
22396.000	2	9778
22397.000	-3	9773
22398.000	3	9778
22399.000	-3	9773
22400.000	-4	9771
22401.000	-2	9772
22402.000	5	9779
22403.000	-1	9774
22404.000	-2	9773
22405.000	-9	9765
22406.000	-1	9770
22407.000	8	9779
22408.000	-5	9769
22409.000	-1	9771
22410.000	-6	9766
22411.000	7	9777
22412.000	3	9775
22413.000	1	9774
22414.000	-7	9766
22415.000	6	9777
22416.000	2	9775
22417.000	-7	9767
22418.000	-1	9770
22419.000	2	9773
22420.000	1	9773
22421.000	1	9773
22422.000	-6	9766
22423.000	7	9778
22424.000	2	9775
22425.000	0	9773
22426.000	0	9773
22427.000	6	9779
22428.000	-1	9774
22429.000	-2	9773
22430.000	-8	9766
22431.000	4	9776
22432.000	2	9775
22433.000	-1	9773
22434.000	6	9779
22435.000	-1	9774
22436.000	-2	9773
22437.000	-2	9772
22438.000	5	9779
22439.000	-1	9774
22440.000	11	9786
22441.000	-2	9776
22442.000	-6	9771
22443.000	2	9778
22444.000	3	9779
22445.000	-3	9774
22446.000	2	9778
22447.000	-10	9767
22448.000	-4	9770
22449.000	5	9778
22450.000	0	9774
22451.000	-8	9766
22452.000	-1	9771
22453.000	7	9778
22454.000	1	9775
22455.000	-1	9773
22456.000	6	9780
22457.000	-8	9767
22458.000	-2	9771
22459.000	6	9778
22460.000	0	9774
22461.000	-1	9773
22462.000	5	9779
22463.000	-1	9774
22464.000	-3	9772
22465.000	4	9778
22466.000	-1	9774
22467.000	-9	9766
22468.000	-3	9769
22469.000	7	9778
22470.000	1	9775
22471.000	0	9774
22472.000	-1	9773
22473.000	5	9779
22474.000	5	9780
22475.000	-2	9775
22476.000	3	9779
22477.000	-4	9773
22478.000	-4	9772
22479.000	4	9778
22480.000	4	9780
22481.000	-3	9774
22482.000	-4	9772
22483.000	3	9778
22484.000	5	9781
22485.000	-3	9774
22486.000	2	9778
22487.000	-10	9767
22488.000	-4	9770
22489.000	5	9778
22490.000	-6	9768
22491.000	5	9777
22492.000	-6	9768
22493.000	-1	9771
22494.000	0	9772
22495.000	8	9780
22496.000	-6	9768
22497.000	5	9777
22498.000	1	9775
22499.000	-2	9772
22500.000	5	9779
22501.000	0	9775
22502.000	-3	9772
22503.000	10	9784
22504.000	-7	9770
22505.000	-5	9770
22506.000	11	9785
22507.000	-1	9776
22508.000	-11	9766
22509.000	3	9776
22510.000	-1	9773
22511.000	-1	9773
22512.000	5	9779
22513.000	6	9781
22514.000	-3	9774
22515.000	3	9779
22516.000	3	9780
22517.000	-4	9774
22518.000	8	9785
22519.000	-4	9775
22520.000	0	9778
22521.000	8	9786
22522.000	1	9781
22523.000	-1	9779
22524.000	-8	9772
22525.000	12	9790
22526.000	8	9789
22527.001	-3	9781
22528.001	2	9785
22529.001	-4	9779
22530.001	3	9785
22531.001	-4	9779
22532.001	3	9785
22533.001	3	9786
22534.001	-3	9781
22535.001	-5	9778
22536.001	-4	9777
22537.001	4	9784
22538.001	-1	9780
22539.001	-2	9779
22540.001	-2	9778
22541.001	5	9785
22542.001	0	9781
22543.001	-3	9778
22544.001	-2	9778
22545.001	-1	9779
22546.001	-7	9773
22547.001	-1	9776
22548.001	2	9779
22549.001	8	9786
22550.001	-5	9775
22551.001	-7	9772
22552.001	0	9777
22553.001	-3	9774
22554.001	2	9778
22555.001	10	9786
22556.001	-4	9775
22557.001	0	9778
22558.001	-5	9773
22559.001	1	9778
22560.001	-4	9773
22561.001	2	9778
22562.001	4	9780
22563.000	3	9780
22564.001	-5	9773
22565.001	-6	9771
22566.001	3	9778
22567.001	-3	9773
22568.001	4	9779
22569.001	-3	9773
22570.001	-3	9772
22571.001	3	9777
22572.001	-1	9774
22573.001	4	9779
22574.001	10	9786
22575.001	-4	9775
22576.001	0	9778
22577.001	1	9779
22578.001	-5	9773
22579.001	1	9778
22580.001	2	9779
22581.001	-4	9774
22582.001	1	9778
22583.001	9	9786
22584.001	2	9782
22585.001	-7	9773
22586.001	-1	9777
22587.001	2	9780
22588.001	1	9779
22589.001	-6	9773
22590.001	1	9778
22591.001	-4	9773
22592.001	2	9778
22593.001	3	9780
22594.001	-4	9773
22595.001	1	9777
22596.001	3	9780
22597.001	3	9780
22598.001	2	9780
22599.001	0	9779
22600.001	0	9779
22601.001	1	9780
22602.001	6	9785
22603.001	7	9788
22604.001	-2	9781
22605.001	2	9785
22606.001	-4	9779
22607.001	-3	9779
22608.001	-3	9778
22609.001	-2	9778
22610.001	-1	9779
22611.001	-1	9778
22612.001	0	9779
22613.001	7	9786
22614.001	0	9781
22615.001	4	9785
22616.001	-2	9780
22617.001	-3	9779
22618.001	-2	9779
22619.001	-2	9778
22620.000	-1	9779
22621.001	6	9785
22622.001	0	9781
22623.000	-2	9779
22624.001	-2	9778
22625.001	-1	9779
22626.001	-1	9779
22627.001	0	9779
22628.001	-1	9778
22629.001	0	9779
22630.001	7	9786
22631.001	0	9781
22632.001	-2	9779
22633.001	5	9785
22634.001	-2	9780
22635.000	-3	9778
22636.001	5	9785
22637.001	-2	9780
22638.001	-3	9778
22639.001	-2	9778
22640.000	5	9785
22641.001	0	9781
22642.001	-9	9772
22643.001	-2	9777
22644.000	0	9778
22645.001	1	9779
22646.000	1	9779
22647.000	1	9780
22648.000	1	9780
22649.000	6	9785
22650.000	0	9781
22651.000	-2	9779
22652.000	-2	9778
22653.000	-1	9779
22654.000	-1	9779
22655.000	0	9779
22656.000	0	9779
22657.000	-1	9778
22658.000	0	9779
22659.000	1	9780
22660.000	0	9779
22661.000	0	9779
22662.000	-1	9778
22663.000	0	9779
22664.000	-6	9773
22665.000	0	9777
22666.000	2	9779
22667.000	-4	9774
22668.000	1	9778
22669.000	3	9780
22670.000	-4	9774
22671.000	1	9778
22672.000	3	9780
22673.000	2	9780
22674.000	1	9779
22675.000	-5	9774
22676.000	-6	9771
22677.000	-5	9770
22678.000	4	9778
22679.000	-1	9774
22680.000	4	9779
22681.000	4	9780
22682.000	4	9781
22683.000	2	9780
22684.000	0	9779
22685.000	-6	9773
22686.000	0	9777
22687.000	2	9779
22688.000	9	9787
22689.001	1	9781
22690.001	5	9786
22691.000	-2	9780
22692.000	4	9786
22693.000	-3	9780
22694.000	3	9785
22695.000	3	9786
22696.000	-4	9780
22697.000	-4	9779
22698.000	3	9784
22699.000	-3	9779
22700.000	4	9785
22701.000	-2	9781
22702.000	-4	9778
22703.000	-3	9778
22704.000	5	9785
22705.001	-1	9780
22706.000	-2	9779
22707.000	-2	9778
22708.000	-1	9779
22709.000	-1	9779
22710.001	0	9779
22711.000	-1	9778
22712.000	0	9779
22713.000	1	9780
22714.000	0	9779
22715.000	6	9785
22716.000	0	9781
22717.000	-2	9779
22718.000	-2	9778
22719.000	-1	9779
22720.000	5	9785
22721.000	0	9781
22722.000	-2	9779
22723.000	-2	9778
22724.000	-1	9779
22725.000	-1	9779
22726.000	0	9779
22727.000	6	9785
22728.000	-7	9774
22729.000	-1	9778
22730.000	0	9779
22731.000	6	9785
22732.000	1	9781
22733.000	5	9786
22734.000	-2	9780
22735.000	-3	9779
22736.000	4	9785
22737.000	-2	9780
22738.000	4	9785
22739.000	-2	9781
22740.000	3	9785
22741.000	-3	9780
22742.000	-4	9778
22743.000	-3	9778
22744.000	-1	9779
22745.000	-1	9779
22746.000	-1	9778
22747.000	0	9779
22748.000	1	9780
22749.000	0	9779
22750.000	-7	9772
22751.000	0	9777
22752.000	-4	9773
22753.000	-5	9771
22754.000	3	9777
22755.000	-1	9774
22756.000	10	9785
22757.000	-2	9776
22758.000	1	9778
22759.000	-5	9773
22760.000	1	9777
22761.000	-3	9774
22762.000	2	9778
22763.000	4	9780
22764.000	3	9780
22765.000	-5	9773
22766.000	1	9778
22767.000	2	9779
22768.000	-5	9773
22769.000	2	9778
22770.000	-4	9773
22771.000	3	9779
22772.000	-3	9774
22773.000	2	9778
22774.000	-3	9773
22775.000	3	9778
22776.000	4	9780
22777.000	3	9780
22778.000	-5	9773
22779.000	1	9778
22780.000	-4	9773
22781.000	2	9778
22782.000	3	9780
22783.000	-4	9773
22784.000	2	9778
22785.000	2	9779
22786.000	-10	9767
22787.000	2	9776
22788.000	-2	9773
22789.000	4	9778
22790.000	5	9781
22791.000	3	9780
22792.000	2	9780
22793.000	1	9780
22794.000	1	9780
22795.000	0	9779
22796.000	0	9779
22797.000	0	9779
22798.000	-1	9778
22799.000	-6	9773
22800.000	0	9777
22801.000	2	9779
22802.000	2	9780
22803.000	1	9779
22804.000	-5	9774
22805.000	0	9777
22806.000	2	9779
22807.000	2	9780
22808.000	2	9780
22809.000	-6	9773
22810.000	0	9777
22811.000	2	9779
22812.000	2	9780
22813.000	-5	9773
22814.000	1	9778
22815.000	2	9779
22816.000	2	9780
22817.000	1	9779
22818.000	1	9780
22819.000	0	9779
22820.000	1	9780
22821.000	-7	9772
22822.000	0	9777
22823.000	2	9779
22824.000	2	9780
22825.000	2	9780
22826.000	-6	9773
22827.000	0	9777
22828.000	-4	9773
22829.000	2	9778
22830.000	-3	9774
22831.000	-4	9772
22832.000	3	9777
22833.000	-2	9773
22834.000	-2	9773
22835.000	-2	9772
22836.000	-2	9772
22837.000	6	9779
22838.000	0	9775
22839.000	-2	9773
22840.000	-2	9772
22841.000	5	9779
22842.000	5	9780
22843.000	-2	9775
22844.000	2	9778
22845.000	4	9781
22846.000	-4	9774
22847.000	-12	9765
22848.000	9	9782
22849.000	-6	9770
22850.000	16	9790
22851.000	-1	9778
22852.000	0	9778
22853.000	1	9779
22854.000	-6	9773
22855.000	-6	9771
22856.000	3	9778
22857.000	-3	9773
22858.000	4	9779
22859.000	-3	9773
22860.000	3	9778
22861.000	-2	9774
22862.000	-4	9772
22863.000	-3	9771
22864.000	-1	9773
22865.000	-1	9772
22866.000	-1	9772
22867.000	0	9773
22868.000	0	9773
22869.000	0	9773
22870.000	0	9773
22871.000	0	9773
22872.000	0	9773
22873.000	0	9773
22874.000	0	9773
22875.000	7	9780
22876.000	0	9775
22877.000	-2	9773
22878.000	-2	9772
22879.000	-2	9772
22880.000	0	9773
22881.000	-1	9772
22882.000	7	9780
22883.000	0	9775
22884.000	-2	9773
22885.000	-2	9772
22886.000	-2	9772
22887.000	0	9773
22888.000	-1	9772
22889.000	0	9773
22890.000	0	9773
22891.000	7	9780
22892.000	-7	9768
22893.000	-2	9771
22894.000	0	9772
22895.000	7	9779
22896.000	1	9775
22897.000	5	9779
22898.000	-2	9774
22899.000	3	9778
22900.000	4	9780
22901.000	3	9780
22902.000	-5	9773
22903.000	1	9778
22904.000	-4	9773
22905.000	2	9778
22906.000	-3	9774
22907.000	2	9778
22908.000	4	9780
22909.000	-10	9767
22910.000	-5	9769
22911.000	5	9778
22912.000	6	9780
22913.000	-2	9774
22914.000	3	9779
22915.000	-3	9774
22916.000	-4	9772
22917.000	4	9778
22918.000	-2	9774
22919.000	3	9778
22920.000	-2	9774
22921.000	3	9778
22922.000	-2	9774
22923.000	-4	9772
22924.000	4	9778
22925.000	-2	9774
22926.000	3	9778
22927.000	4	9780
22928.000	-3	9774
22929.000	2	9778
22930.000	-3	9774
22931.000	2	9778
22932.000	-3	9774
22933.000	2	9778
22934.000	-3	9773
22935.000	3	9778
22936.000	-2	9774
22937.000	-10	9766
22938.000	-3	9770
22939.000	0	9772
22940.000	7	9779
22941.000	1	9775
22942.000	-1	9773
22943.000	5	9779
22944.000	-1	9774
22945.000	4	9779
22946.000	-3	9773
22947.000	-3	9772
22948.000	3	9777
22949.000	-1	9774
22950.000	4	9779
22951.000	-3	9773
22952.000	-3	9772
22953.000	-3	9771
22954.000	-2	9772
22955.000	-1	9772
22956.000	0	9773
22957.000	0	9773
22958.000	1	9774
22959.000	0	9773
22960.000	-1	9772
22961.000	13	9786
22962.000	0	9777
22963.000	-4	9773
22964.000	-4	9771
22965.000	4	9778
22966.000	-1	9774
22967.000	-3	9772
22968.000	-2	9772
22969.000	-2	9772
22970.000	-1	9772
22971.000	0	9773
22972.000	0	9773
22973.000	7	9780
22974.000	0	9775
22975.000	-2	9773
22976.000	-2	9772
22977.000	5	9779
22978.000	-1	9774
22979.000	-2	9773
22980.000	-2	9772
22981.000	5	9779
22982.000	-1	9774
22983.000	-3	9772
22984.000	-1	9773
22985.000	-2	9772
22986.000	-1	9772
22987.000	7	9780
22988.000	0	9775
22989.000	-2	9773
22990.000	4	9778
22991.000	-1	9774
22992.000	-3	9772
22993.000	-2	9772
22994.000	11	9785
22995.000	6	9783
22996.000	-4	9775
22997.000	0	9777
22998.000	-5	9772
22999.000	2	9778
23000.000	-3	9774
23001.000	2	9778
23002.000	-3	9773
23003.000	3	9778
23004.000	-2	9774
23005.000	-4	9772
23006.000	4	9778
23007.000	4	9780
23008.000	-3	9774
23009.000	3	9779
23010.000	-4	9773
23011.000	3	9779
23012.000	3	9780
23013.000	3	9780
23014.000	-5	9773
23015.000	1	9778
23016.000	2	9779
23017.000	2	9780
23018.000	1	9779
23019.000	-5	9774
23020.000	6	9783
23021.000	2	9781
23022.000	1	9781
23023.000	-7	9773
23024.000	-1	9777
23025.000	1	9778
23026.000	2	9780
23027.000	1	9779
23028.000	-5	9774
23029.000	0	9777
23030.000	9	9786
23031.000	2	9782
23032.000	-8	9772
23033.000	-1	9777
23034.000	-5	9773
23035.000	-5	9771
23036.000	3	9778
23037.000	-2	9774
23038.000	3	9778
23039.000	-2	9774
23040.000	3	9778
23041.000	-3	9773
23042.000	-3	9772
23043.000	3	9777
23044.000	5	9780
23045.000	-2	9775
23046.000	2	9778
23047.000	3	9780
23048.000	2	9780
23049.000	-5	9773
23050.000	1	9778
23051.000	2	9779
23052.000	2	9780
23053.000	8	9786
23054.000	0	9781
23055.000	-1	9780
23056.000	-2	9778
23057.000	-1	9779
23058.000	-1	9779
23059.000	0	9779
23060.000	-7	9772
23061.000	0	9777
23062.000	2	9779
23063.000	-5	9773
23064.000	2	9778
23065.000	3	9780
23066.000	-4	9774
23067.000	1	9778
23068.000	-4	9773
23069.000	3	9779
23070.000	-3	9774
23071.000	2	9778
23072.000	4	9780
23073.000	-4	9773
23074.000	2	9778
23075.000	3	9780
23076.000	-4	9774
23077.000	14	9791
23078.000	-4	9777
23079.000	-2	9778
23080.000	0	9779
23081.000	-6	9773
23082.000	6	9783
23083.000	-4	9775
23084.000	0	9778
23085.000	1	9779
23086.000	-5	9773
23087.000	1	9778
23088.000	3	9780
23089.000	-4	9774
23090.000	1	9778
23091.000	-4	9773
23092.000	3	9779
23093.000	3	9780
23094.000	-4	9773
23095.000	-5	9771
23096.000	3	9778
23097.000	-2	9774
23098.000	-3	9772
23099.000	-2	9772
23100.000	-2	9772
23101.000	0	9773
23102.000	0	9773
23103.000	-1	9772
23104.000	-6	9767
23105.000	0	9771
23106.000	2	9773
23107.000	-5	9766
23108.000	1	9771
23109.000	3	9773
23110.000	9	9780
23111.000	2	9776
23112.000	-2	9772
23113.000	-1	9773
23114.000	-1	9773
23115.000	-1	9772
23116.000	12	9785
23117.000	-13	9764
23118.000	2	9775
23119.000	0	9773
23120.000	6	9779
23121.000	-6	9769
23122.000	-3	9770
23123.000	0	9772
23124.000	0	9772
23125.000	0	9772
23126.000	1	9773
23127.000	6	9779
23128.000	1	9775
23129.000	-2	9773
23130.000	4	9778
23131.000	-1	9774
23132.000	4	9779
23133.000	-3	9773
23134.000	3	9778
23135.000	-2	9774
23136.000	-4	9772
23137.000	4	9778
23138.000	4	9780
23139.000	-3	9774
23140.000	3	9779
23141.000	-4	9773
23142.000	3	9779
23143.000	-3	9774
23144.000	2	9778
23145.000	-3	9773
23146.000	-3	9772
23147.000	-3	9771
23148.000	-2	9772
23149.000	0	9773
23150.000	-1	9772
23151.000	0	9773
23152.000	-6	9767
23153.000	0	9771
23154.000	2	9773
23155.000	1	9772
23156.000	2	9774
23157.000	1	9773
23158.000	0	9773
23159.000	-6	9767
23160.000	0	9771
23161.000	2	9773
23162.000	2	9773
23163.000	1	9773
23164.000	0	9772
23165.000	1	9773
23166.000	-6	9767
23167.000	0	9771
23168.000	2	9773
23169.000	-5	9766
23170.000	1	9771
23171.000	3	9773
23172.000	3	9774
23173.000	1	9773
23174.000	1	9773
23175.000	-6	9767
23176.000	0	9771
23177.000	2	9773
23178.000	1	9772
23179.000	2	9774
23180.000	1	9773
23181.000	-6	9767
23182.000	0	9771
23183.000	2	9773
23184.000	-5	9766
23185.000	2	9772
23186.000	2	9773
23187.000	2	9773
23188.000	2	9774
23189.000	1	9773
23190.000	0	9773
23191.000	0	9773
23192.000	-6	9767
23193.000	0	9771
23194.000	2	9773
23195.000	2	9773
23196.000	1	9773
23197.000	1	9773
23198.000	0	9773
23199.000	0	9773
23200.000	0	9773
23201.000	0	9773
23202.000	7	9780
23203.000	0	9775
23204.000	-2	9773
23205.000	4	9778
23206.000	-1	9774
23207.000	4	9779
23208.000	4	9780
23209.000	-4	9773
23210.000	-11	9765
23211.000	-4	9769
23212.000	7	9779
23213.000	1	9775
23214.000	-2	9772
23215.000	-1	9773
23216.000	-1	9772
23217.000	0	9773
23218.000	-1	9772
23219.000	-6	9767
23220.000	0	9771
23221.000	2	9773
23222.000	-5	9766
23223.000	2	9772
23224.000	2	9773
23225.000	-4	9767
23226.000	2	9772
23227.000	2	9773
23228.000	-4	9767
23229.000	2	9772
23230.000	-4	9767
23231.000	3	9772
23232.000	3	9773
23233.000	-4	9767
23234.000	2	9772
23235.000	2	9773
23236.000	2	9773
23237.000	8	9780
23238.000	1	9775
23239.000	-1	9773
23240.000	-2	9772
23241.000	-1	9773
23242.000	-1	9772
23243.000	-1	9772
23244.000	0	9773
23245.000	0	9773
23246.000	0	9773
23247.000	7	9780
23248.000	0	9775
23249.000	-2	9773
23250.000	-2	9772
23251.000	-8	9766
23252.000	-1	9770
23253.000	2	9773
23254.000	1	9772
23255.000	2	9774
23256.000	7	9779
23257.000	0	9774
23258.000	-8	9766
23259.000	-1	9771
23260.000	0	9772
23261.000	1	9773
23262.000	1	9773
23263.000	1	9773
23264.000	7	9780
23265.000	-7	9768
23266.000	5	9778
23267.000	-7	9767
23268.000	-1	9771
23269.000	-6	9766
23270.000	-5	9765
23271.000	3	9771
23272.000	4	9773
23273.000	3	9774
23274.000	2	9773
23275.000	2	9774
23276.000	0	9773
23277.000	1	9774
23278.000	0	9773
23279.000	-1	9772
23280.000	-13	9760
23281.000	7	9776
23282.000	4	9775
23283.000	2	9774
23284.000	-6	9767
23285.000	0	9771
23286.000	2	9773
23287.000	-5	9766
23288.000	2	9772
23289.000	-4	9767
23290.000	2	9771
23291.000	4	9774
23292.000	2	9773
23293.000	-4	9768
23294.000	0	9771
23295.000	-4	9767
23296.000	2	9771
23297.000	-3	9767
23298.000	-10	9759
23299.000	4	9770
23300.000	0	9767
23301.000	6	9773
23302.000	5	9774
23303.000	-2	9769
23304.000	2	9772
23305.000	3	9774
23306.000	2	9773
23307.000	1	9773
23308.000	-12	9760
23309.000	0	9769
23310.000	-2	9767
23311.000	4	9772
23312.000	4	9773
23313.000	4	9775
23314.000	-11	9761
23315.000	-5	9763
23316.000	4	9771
23317.000	6	9774
23318.000	-2	9768
23319.000	2	9771
23320.000	4	9774
23321.000	-4	9767
23322.000	2	9772
23323.000	-4	9767
23324.000	-10	9759
23325.000	3	9769
23326.000	6	9773
23327.000	6	9775
23328.000	-3	9768
23329.000	2	9772
23330.000	-3	9768
23331.000	2	9772
23332.000	3	9773
23333.000	-4	9767
23334.000	-5	9765
23335.000	3	9771
23336.000	-2	9767
23337.000	3	9772
23338.000	-2	9768
23339.000	3	9772
23340.000	-10	9760
23341.000	3	9770
23342.000	0	9768
23343.000	4	9772
23344.000	-1	9768
23345.000	4	9773
23346.000	-3	9767
23347.000	3	9772
23348.000	-3	9767
23349.000	3	9772
23350.000	-3	9767
23351.000	-3	9766
23352.000	3	9771
23353.000	5	9774
23354.000	3	9774
23355.000	3	9774
23356.000	1	9773
23357.000	0	9773
23358.000	0	9773
23359.000	-6	9767
23360.000	0	9771
23361.000	-4	9767
23362.000	2	9772
23363.000	3	9773
23364.000	2	9773
23365.000	2	9774
23366.000	-12	9760
23367.000	0	9769
23368.000	4	9773
23369.000	4	9774
23370.000	3	9774
23371.000	1	9773
23372.000	8	9780
23373.000	-13	9762
23374.000	-2	9769
23375.000	8	9778
23376.000	9	9782
23377.000	0	9775
23378.000	4	9779
23379.000	-3	9774
23380.000	-3	9773
23381.000	-3	9772
23382.000	4	9778
23383.000	-1	9774
23384.000	4	9779
23385.000	4	9780
23386.000	-3	9774
23387.000	-11	9765
23388.000	-3	9770
23389.000	6	9778
23390.000	1	9775
23391.000	-2	9772
23392.000	-1	9773
23393.000	6	9779
23394.000	-7	9768
23395.000	-3	9770
23396.000	0	9772
23397.000	7	9779
23398.000	1	9775
23399.000	-1	9773
23400.000	4	9778
23401.000	-8	9767
23402.000	-2	9771
23403.000	-1	9771
23404.000	1	9773
23405.000	0	9772
23406.000	1	9773
23407.000	0	9773
23408.000	7	9780
23409.000	-7	9768
23410.000	-2	9771
23411.000	0	9772
23412.000	1	9773
23413.000	0	9772
23414.000	1	9773
23415.000	-6	9767
23416.000	0	9771
23417.000	2	9773
23418.000	2	9773
23419.000	1	9773
23420.000	-6	9766
23421.000	1	9772
23422.000	2	9773
23423.000	8	9779
23424.000	1	9775
23425.000	-1	9773
23426.000	5	9779
23427.000	-1	9774
23428.000	-9	9766
23429.000	-2	9770
23430.000	6	9778
23431.000	1	9775
23432.000	0	9774
23433.000	-2	9772
23434.000	-1	9772
23435.000	-7	9766
23436.000	0	9771
23437.000	2	9773
23438.000	2	9773
23439.000	1	9773
23440.000	1	9773
23441.000	0	9773
23442.000	-6	9767
23443.000	0	9771
23444.000	8	9779
23445.000	2	9775
23446.000	-1	9773
23447.000	-1	9773
23448.000	0	9773
23449.000	-1	9772
23450.000	-1	9772
23451.000	-6	9767
23452.000	0	9771
23453.000	8	9779
23454.000	2	9775
23455.000	-1	9773
23456.000	-1	9773
23457.000	0	9773
23458.000	-1	9772
23459.000	-1	9772
23460.000	0	9773
23461.000	0	9773
23462.000	-13	9760
23463.000	1	9770
23464.000	4	9773
23465.000	3	9773
23466.000	3	9774
23467.000	1	9773
23468.000	7	9779
23469.000	-6	9768
23470.000	-1	9772
23471.000	0	9772
23472.000	7	9779
23473.000	0	9774
23474.000	-2	9772
23475.000	5	9779
23476.000	-1	9774
23477.000	4	9779
23478.000	-3	9773
23479.000	3	9778
23480.000	-9	9767
23481.000	-3	9771
23482.000	-1	9772
23483.000	0	9772
23484.000	7	9779
23485.000	0	9774
23486.000	-2	9772
23487.000	-1	9773
23488.000	5	9779
23489.000	-1	9774
23490.000	-9	9766
23491.000	-2	9770
23492.000	7	9778
23493.000	2	9776
23494.000	-1	9773
23495.000	5	9779
23496.000	-1	9774
23497.000	-3	9772
23498.000	4	9778
23499.000	-1	9774
23500.000	-3	9772
23501.000	-2	9772
23502.000	5	9779
23503.000	-1	9774
23504.000	-2	9773
23505.000	-2	9772
23506.000	-2	9772
23507.000	6	9779
23508.000	-7	9768
23509.000	-2	9771
23510.000	0	9772
23511.000	7	9779
23512.000	1	9775
23513.000	-2	9772
23514.000	-1	9773
23515.000	5	9779
23516.000	-1	9774
23517.000	-2	9773
23518.000	4	9778
23519.000	-1	9774
23520.000	-9	9766
23521.000	-3	9769
23522.000	7	9778
23523.000	1	9775
23524.000	6	9780
23525.000	-1	9775
23526.000	3	9778
23527.000	-2	9774
23528.000	3	9779
23529.000	-3	9774
23530.000	2	9778
23531.000	4	9780
23532.000	-4	9773
23533.000	2	9778
23534.000	-4	9773
23535.000	-4	9772
23536.000	4	9778
23537.000	4	9780
23538.000	4	9781
23539.000	2	9780
23540.000	-5	9774
23541.000	0	9777
23542.000	-4	9773
23543.000	1	9777
23544.000	-9	9767
23545.000	-4	9770
23546.000	6	9778
23547.000	0	9774
23548.000	-1	9773
23549.000	5	9779
23550.000	-1	9774
23551.000	-3	9772
23552.000	4	9778
23553.000	-1	9774
23554.000	-3	9772
23555.000	-2	9772
23556.000	-2	9772
23557.000	-1	9772
23558.000	-6	9767
23559.000	-6	9765
23560.000	-5	9764
23561.000	4	9772
23562.000	5	9774
23563.000	4	9774
23564.000	2	9773
23565.000	-5	9767
23566.000	1	9772
23567.000	2	9773
23568.000	2	9773
23569.000	1	9773
23570.000	1	9773
23571.000	0	9773
23572.000	-6	9767
23573.000	0	9771
23574.000	2	9773
23575.000	2	9773
23576.000	1	9773
23577.000	0	9772
23578.000	1	9773
23579.000	0	9773
23580.000	0	9773
23581.000	0	9773
23582.000	-6	9767
23583.000	7	9778
23584.000	1	9774
23585.000	0	9773
23586.000	0	9773
23587.000	-1	9772
23588.000	0	9773
23589.000	-1	9772
23590.000	0	9773
23591.000	0	9773
23592.000	-6	9767
23593.000	6	9777
23594.000	9	9782
23595.000	0	9775
23596.000	3	9778
23597.000	4	9780
23598.000	3	9780
23599.000	2	9780
23600.000	-6	9773
23601.000	0	9777
23602.000	2	9779
23603.000	-4	9774
23604.000	1	9778
23605.000	3	9780
23606.000	2	9780
23607.000	1	9779
23608.000	8	9787
23609.000	0	9781
23610.000	5	9786
23611.000	-2	9781
23612.000	-4	9778
23613.000	4	9785
23614.000	-2	9780
23615.000	4	9785
23616.000	-2	9781
23617.000	-4	9778
23618.000	4	9785
23619.000	-15	9767
23620.000	-3	9774
23621.000	2	9779
23622.000	3	9780
23623.000	8	9786
23624.000	1	9781
23625.000	-1	9780
23626.000	-2	9778
23627.000	-8	9772
23628.000	0	9777
23629.000	1	9778
23630.000	2	9780
23631.000	-5	9773
23632.000	1	9778
23633.000	-11	9766
23634.000	-4	9770
23635.000	5	9778
23636.000	6	9780
23637.000	-1	9775
23638.000	3	9779
23639.000	-3	9774
23640.000	3	9779
23641.000	3	9780
23642.000	-4	9773
23643.000	-4	9772
23644.000	-4	9771
23645.000	4	9778
23646.000	5	9780
23647.000	-2	9775
23648.000	3	9779
23649.000	-4	9773
23650.000	3	9779
23651.000	-3	9774
23652.000	-4	9772
23653.000	-3	9771
23654.000	5	9779
23655.000	-1	9774
23656.000	4	9779
23657.000	4	9780
23658.000	4	9781
23659.000	-5	9773
23660.000	1	9778
23661.000	2	9779
23662.000	2	9780
23663.000	-11	9767
23664.000	0	9775
23665.000	4	9779
23666.000	4	9780
23667.000	3	9780
23668.000	2	9780
23669.000	1	9780
23670.000	0	9779
23671.000	0	9779
23672.000	-7	9772
23673.000	-6	9771
23674.000	2	9777
23675.000	-3	9773
23676.000	3	9778
23677.000	-2	9774
23678.000	3	9778
23679.000	-3	9773
23680.000	3	9778
23681.000	-2	9774
23682.000	-4	9772
23683.000	4	9778
23684.000	-2	9774
23685.000	3	9778
23686.000	-2	9774
23687.000	3	9778
23688.000	-9	9767
23689.000	-3	9771
23690.000	5	9778
23691.000	0	9774
23692.000	-1	9773
23693.000	5	9779
23694.000	-1	9774
23695.000	-9	9766
23696.000	4	9776
23697.000	7	9781
23698.000	-1	9775
23699.000	3	9778
23700.000	-2	9774
23701.000	-10	9766
23702.000	-3	9770
23703.000	6	9778
23704.000	1	9775
23705.000	6	9780
23706.000	5	9781
23707.000	3	9780
23708.000	2	9780
23709.000	-11	9768
23710.000	0	9775
23711.000	4	9779
23712.000	4	9781
23713.000	2	9780
23714.000	-5	9773
23715.000	1	9778
23716.000	2	9779
23717.000	2	9780
23718.001	-5	9773
23719.000	1	9778
23720.000	-4	9773
23721.000	2	9778
23722.000	3	9780
23723.000	2	9779
23724.000	2	9780
23725.000	-5	9774
23726.000	0	9777
23727.000	2	9779
23728.000	-4	9774
23729.000	1	9778
23730.000	3	9780
23731.000	2	9780
23732.000	-11	9767
23733.000	0	9775
23734.000	-2	9773
23735.000	4	9778
23736.000	-2	9774
23737.000	4	9779
23738.000	-3	9773
23739.000	-3	9772
23740.000	-3	9771
23741.000	5	9779
23742.000	-1	9774
23743.000	4	9779
23744.000	5	9781
23745.000	-4	9773
23746.000	-11	9765
23747.000	3	9776
23748.000	0	9774
23749.000	-1	9773
23750.000	5	9779
23751.000	-1	9774
23752.000	-2	9773
23753.000	-2	9772
23754.000	-2	9772
23755.000	0	9773
23756.000	-1	9772
23757.000	0	9773
23758.000	0	9773
23759.000	0	9773
23760.000	1	9774
23761.000	0	9773
23762.000	-1	9772
23763.000	0	9773
23764.000	-13	9760
23765.000	0	9769
23766.000	5	9774
23767.000	3	9773
23768.000	3	9774
23769.000	1	9773
23770.000	1	9773
23771.000	1	9774
23772.000	0	9773
23773.000	-7	9766
23774.000	0	9771
23775.000	2	9773
23776.000	1	9772
23777.000	2	9774
23778.000	1	9773
23779.000	0	9773
23780.000	0	9773
23781.000	0	9773
23782.000	-6	9767
23783.000	-7	9764
23784.000	2	9771
23785.000	4	9773
23786.000	4	9775
23787.000	2	9774
23788.000	7	9779
23789.000	-6	9768
23790.000	-1	9772
23791.000	6	9778
23792.000	1	9775
23793.000	4	9778
23794.000	-1	9775
23795.000	-3	9772
23796.000	-3	9771
23797.000	5	9779
23798.000	-1	9774
23799.000	4	9779
23800.000	4	9780
23801.000	3	9780
23802.000	-4	9774
23803.000	1	9778
23804.000	-4	9773
23805.000	2	9778
23806.000	3	9780
23807.000	3	9780
23808.000	-5	9773
23809.000	1	9778
23810.000	-4	9773
23811.000	2	9778
23812.000	3	9780
23813.000	2	9779
23814.000	-4	9774
23815.000	1	9778
23816.000	2	9779
23817.000	-4	9774
23818.000	1	9778
23819.000	-4	9773
23820.000	2	9778
23821.000	4	9780
23822.000	-4	9773
23823.000	-4	9772
23824.000	-4	9771
23825.000	-2	9772
23826.000	5	9778
23827.000	-7	9768
23828.000	-2	9771
23829.000	0	9772
23830.000	1	9773
23831.000	0	9772
23832.000	7	9779
23833.000	-12	9762
23834.000	-2	9769
23835.000	2	9772
23836.000	2	9773
23837.000	2	9773
23838.000	-12	9760
23839.000	1	9769
23840.000	4	9773
23841.000	4	9774
23842.000	-3	9768
23843.000	8	9778
23844.000	2	9775
23845.000	0	9773
23846.000	-7	9766
23847.000	0	9771
23848.000	1	9772
23849.000	8	9779
23850.000	1	9775
23851.000	-7	9767
23852.000	-1	9771
23853.000	0	9772
23854.000	-5	9767
23855.000	-6	9764
23856.000	3	9771
23857.000	4	9773
23858.000	-3	9768
23859.000	-4	9766
23860.000	3	9771
23861.000	-2	9767
23862.000	-3	9766
23863.000	4	9772
23864.000	5	9774
23865.000	3	9774
23866.000	-4	9767
23867.000	1	9771
23868.000	9	9780
23869.000	2	9775
23870.000	0	9774
23871.000	-1	9773
23872.000	5	9779
23873.000	-1	9774
23874.000	-9	9766
23875.000	-2	9770
23876.000	7	9778
23877.000	2	9776
23878.000	-7	9767
23879.000	-2	9770
23880.000	7	9778
23881.000	-5	9769
23882.000	-1	9771
23883.000	1	9773
23884.000	7	9779
23885.000	-6	9768
23886.000	-1	9771
23887.000	-6	9766
23888.000	1	9771
23889.000	9	9780
23890.000	2	9775
23891.000	-7	9767
23892.000	5	9777
23893.000	1	9774
23894.000	-7	9767
23895.000	-1	9770
23896.000	2	9773
23897.000	-5	9767
23898.000	1	9771
23899.000	2	9773
23900.000	-4	9767
23901.000	8	9778
23902.000	3	9775
23903.000	0	9773
23904.000	-7	9766
23905.000	0	9771
23906.000	1	9772
23907.000	-5	9766
23908.000	2	9772
23909.000	2	9773
23910.000	3	9774
23911.000	-5	9767
23912.000	0	9771
23913.000	-4	9767
23914.000	2	9771
23915.000	-9	9761
23916.000	3	9770
23917.000	5	9773
23918.000	5	9775
23919.000	-10	9761
23920.000	2	9770
23921.000	-2	9767
23922.000	4	9772
23923.000	-8	9761
23924.000	-4	9763
23925.000	6	9772
23926.000	-6	9762
23927.000	-1	9765
23928.000	1	9766
23929.000	7	9773
23930.000	-6	9762
23931.000	-1	9765
23932.000	0	9766
23933.000	1	9767
23934.000	-6	9760
23935.000	0	9764
23936.000	8	9772
23937.000	2	9769
23938.000	6	9773
23939.000	0	9769
23940.000	-10	9759
23941.000	4	9770
23942.000	0	9767
23943.000	-1	9766
23944.000	0	9767
23945.000	-8	9759
23946.000	0	9765
23947.000	8	9773
23948.000	2	9769
23949.000	-1	9767
23950.000	-1	9766
23951.000	5	9772
23952.000	6	9774
23953.000	4	9774
23954.000	-10	9761
23955.000	1	9769
23956.000	5	9774
23957.000	4	9774
23958.000	-11	9760
23959.000	2	9770
23960.000	4	9773
23961.000	-2	9768
23962.000	2	9771
23963.000	-9	9761
23964.000	3	9770
23965.000	-1	9767
23966.000	5	9773
23967.000	-8	9761
23968.000	-3	9764
23969.000	5	9771
23970.000	0	9768
23971.000	6	9774
23972.000	-2	9767
23973.000	-2	9767
23974.000	3	9771
23975.000	5	9774
23976.000	-3	9768
23977.000	2	9772
23978.000	4	9774
23979.000	2	9773
23980.000	-12	9760
23981.000	1	9769
23982.000	5	9774
23983.000	3	9773
23984.000	-10	9761
23985.000	2	9770
23986.000	4	9773
23987.000	-2	9768
23988.000	-4	9765
23989.000	4	9772
23990.000	4	9773
23991.000	-3	9768
23992.000	-4	9766
23993.000	3	9771
23994.000	11	9780
23995.000	3	9776
23996.000	-6	9768
23997.000	-1	9771
23998.000	1	9772
23999.000	7	9779
24000.000	1	9775
24001.000	-7	9767
24002.000	-2	9770
24003.000	1	9772
24004.000	2	9774
24005.000	1	9773
24006.000	-7	9766
24007.000	7	9778
24008.000	2	9775
24009.000	0	9773
24010.000	0	9773
24011.000	-7	9766
24012.000	-1	9770
24013.000	2	9773
24014.000	2	9773
24015.000	1	9773
24016.000	-6	9766
24017.000	0	9771
24018.000	3	9774
24019.000	2	9773
24020.000	1	9773
24021.000	-6	9766
24022.000	1	9772
24023.000	2	9773
24024.000	8	9779
24025.000	-5	9769
24026.000	-1	9771
24027.000	0	9772
24028.000	7	9779
24029.000	1	9775
24030.000	-8	9766
24031.000	-2	9770
24032.000	1	9772
24033.000	-5	9767
24034.000	7	9777
24035.000	3	9775
24036.000	0	9773
24037.000	-7	9766
24038.000	0	9771
24039.000	1	9772
24040.000	2	9773
24041.000	-5	9767
24042.000	0	9771
24043.000	2	9773
24044.000	-4	9767
24045.000	2	9772
24046.000	3	9774
24047.000	2	9773
24048.000	-5	9767
24049.000	7	9778
24050.000	2	9775
24051.000	-6	9767
24052.000	-7	9764
24053.000	1	9770
24054.000	-3	9767
24055.000	3	9772
24056.000	-2	9768
24057.000	-4	9765
24058.000	4	9772
24059.000	5	9774
24060.000	-9	9762
24061.000	2	9770
24062.000	5	9773
24063.000	4	9774
24064.000	-10	9761
24065.000	2	9770
24066.000	4	9773
24067.000	-2	9768
24068.000	-4	9765
24069.000	-3	9765
24070.000	-2	9765
24071.000	6	9773
24072.000	-1	9767
24073.000	-2	9766
24074.000	-2	9766
24075.000	6	9773
24076.000	5	9774
24077.000	-2	9768
24078.000	2	9772
24079.000	3	9773
24080.000	3	9774
24081.000	-5	9767
24082.000	1	9772
24083.000	8	9779
24084.000	2	9775
24085.000	-7	9767
24086.000	5	9777
24087.000	1	9774
24088.000	6	9780
24089.000	-7	9768
24090.000	-3	9770
24091.000	0	9772
24092.000	7	9779
24093.000	-6	9768
24094.000	-2	9771
24095.000	0	9772
24096.000	1	9773
24097.000	0	9772
24098.000	1	9773
24099.000	0	9773
24100.000	0	9773
24101.000	0	9773
24102.000	13	9786
24103.000	0	9777
24104.000	3	9780
24105.000	-11	9766
24106.000	2	9776
24107.000	-1	9774
24108.000	4	9778
24109.000	-8	9768
24110.000	3	9776
24111.000	0	9774
24112.000	5	9779
24113.000	-8	9768
24114.000	3	9776
24115.000	0	9774
24116.000	5	9779
24117.000	-8	9768
24118.000	3	9776
24119.000	0	9774
24120.000	5	9779
24121.000	-2	9774
24122.000	-9	9766
24123.000	-2	9770
24124.000	7	9779
24125.000	1	9775
24126.000	-8	9766
24127.000	-1	9771
24128.000	1	9772
24129.000	1	9773
24130.000	-5	9767
24131.000	0	9771
24132.000	2	9773
24133.000	3	9774
24134.000	-12	9760
24135.000	1	9769
24136.000	11	9780
24137.000	4	9776
24138.000	0	9773
24139.000	-7	9766
24140.000	0	9771
24141.000	1	9772
24142.000	8	9779
24143.000	-5	9769
24144.000	5	9777
24145.000	7	9781
24146.000	5	9781
24147.000	-3	9774
24148.000	2	9779
24149.000	3	9780
24150.000	1	9779
24151.000	1	9779
24152.000	-5	9774
24153.000	0	9777
24154.000	2	9779
24155.000	2	9780
24156.000	2	9780
24157.000	0	9779
24158.000	0	9779
24159.000	7	9786
24160.000	0	9781
24161.000	5	9786
24162.000	4	9787
24163.000	-3	9781
24164.000	-5	9778
24165.000	3	9784
24166.000	-2	9780
24167.000	-4	9778
24168.000	4	9784
24169.000	-1	9781
24170.000	4	9785
24171.000	-2	9781
24172.000	3	9785
24173.000	-10	9773
24174.000	3	9783
24175.000	6	9787
24176.000	-2	9781
24177.000	3	9785
24178.000	3	9786
24179.000	-3	9781
24180.000	1	9784
24181.000	3	9786
24182.000	3	9787
24183.000	-12	9773
24184.000	1	9782
24185.000	4	9786
24186.000	-9	9774
24187.000	3	9783
24188.000	5	9786
24189.000	-2	9781
24190.000	-3	9779
24191.000	3	9784
24192.000	5	9787
24193.000	-3	9780
24194.000	-5	9778
24195.000	4	9785
24196.000	-3	9779
24197.000	-9	9772
24198.000	-2	9777
24199.000	0	9778
24200.000	8	9786
24201.000	-6	9774
24202.000	-1	9778
24203.000	0	9778
24204.000	1	9779
24205.000	1	9780
24206.000	1	9780
24207.000	0	9779
24208.000	6	9785
24209.000	-6	9775
24210.000	4	9783
24211.000	0	9780
24212.000	-1	9779
24213.000	-8	9772
24214.000	5	9783
24215.000	2	9781
24216.000	-1	9779
24217.000	-7	9773
24218.000	6	9783
24219.000	2	9781
24220.000	0	9780
24221.000	-1	9779
24222.000	-7	9773
24223.000	-7	9770
24224.000	2	9777
24225.000	3	9779
24226.000	-3	9774
24227.000	2	9778
24228.000	4	9781
24229.000	2	9780
24230.000	2	9780
24231.000	-6	9773
24232.000	0	9777
24233.000	2	9779
24234.000	2	9780
24235.000	1	9779
24236.000	-12	9767
24237.000	1	9776
24238.000	-2	9773
24239.000	3	9778
24240.000	-2	9774
24241.000	-3	9772
24242.000	-2	9772
24243.000	5	9779
24244.000	6	9781
24245.000	-3	9774
24246.000	-4	9772
24247.000	-3	9772
24248.000	4	9778
24249.000	5	9780
24250.000	-2	9775
24251.000	3	9779
24252.000	-4	9773
24253.000	3	9779
24254.000	-10	9767
24255.000	3	9777
24256.000	-1	9773
24257.000	-2	9772
24258.000	-8	9766
24259.000	0	9771
24260.000	1	9772
24261.000	2	9773
24262.000	-5	9767
24263.000	0	9771
24264.000	2	9773
24265.000	3	9774
24266.000	-5	9767
24267.000	-6	9765
24268.000	2	9771
24269.000	-2	9767
24270.000	3	9772
24271.000	-2	9768
24272.000	-4	9765
24273.000	-2	9766
24274.000	4	9771
24275.000	6	9774
24276.000	4	9774
24277.000	-10	9761
24278.000	1	9769
24279.000	4	9773
24280.000	4	9774
24281.000	-10	9761
24282.000	2	9770
24283.000	5	9774
24284.000	3	9773
24285.000	-3	9768
24286.000	1	9771
24287.000	9	9780
24288.000	8	9781
24289.000	-6	9770
24290.000	-3	9771
24291.000	5	9778
24292.000	0	9774
24293.000	4	9778
24294.000	-8	9768
24295.000	-3	9770
24296.000	0	9772
24297.000	0	9772
24298.000	-6	9766
24299.000	1	9772
24300.000	2	9773
24301.000	1	9772
24302.000	2	9774
24303.000	-6	9766
24304.000	1	9772
24305.000	2	9773
24306.000	2	9773
24307.000	1	9773
24308.000	-6	9766
24309.000	1	9772
24310.000	2	9773
24311.000	2	9773
24312.000	7	9779
24313.000	-5	9769
24314.000	-2	9771
24315.000	0	9772
24316.000	7	9779
24317.000	1	9775
24318.000	-8	9766
24319.000	5	9777
24320.000	0	9774
24321.000	6	9780
24322.000	-7	9768
24323.000	-3	9770
24324.000	6	9778
24325.000	0	9774
24326.000	5	9779
24327.000	-7	9769
24328.000	3	9777
24329.000	-1	9773
24330.000	5	9779
24331.000	5	9781
24332.000	-9	9768
24333.000	2	9776
24334.000	4	9779
24335.000	-2	9774
24336.000	3	9779
24337.000	3	9780
24338.000	-4	9773
24339.000	-4	9772
24340.000	2	9777
24341.000	4	9780
24342.000	4	9781
24343.000	-4	9774
24344.000	1	9778
24345.000	2	9779
24346.000	2	9780
24347.000	1	9779
24348.000	1	9780
24349.000	1	9780
24350.000	-7	9772
24351.000	7	9784
24352.000	2	9781
24353.000	6	9786
24354.000	-1	9781
24355.000	-2	9779
24356.000	4	9785
24357.000	-8	9774
24358.000	3	9783
24359.000	0	9780
24360.000	5	9785
24361.000	-1	9781
24362.000	3	9785
24363.000	4	9787
24364.000	-3	9781
24365.000	2	9785
24366.000	-4	9779
24367.000	-4	9778
24368.000	3	9784
24369.000	4	9786
24370.000	4	9787
24371.000	-4	9780
24372.000	1	9784
24373.000	2	9785
24374.000	-10	9774
24375.000	1	9782
24376.000	5	9786
24377.000	4	9787
24378.000	3	9787
24379.000	1	9786
24380.000	0	9785
24381.000	1	9786
24382.000	-6	9780
24383.000	0	9784
24384.000	1	9785
24385.000	-4	9780
24386.000	1	9784
24387.000	3	9786
24388.000	9	9793
24389.000	1	9788
24390.000	-1	9786
24391.000	-15	9772
24392.000	-1	9781
24393.000	4	9786
24394.000	3	9786
24395.000	3	9787
24396.000	-6	9779
24397.000	1	9784
24398.000	2	9785
24399.000	-4	9780
24400.000	-5	9778
24401.000	-4	9777
24402.000	-8	9772
24403.000	-1	9777
24404.000	7	9784
24405.000	2	9782
24406.000	0	9780
24407.000	5	9785
24408.000	-1	9781
24409.000	4	9785
24410.000	-2	9781
24411.000	-4	9778
24412.000	-3	9778
24413.000	-8	9772
24414.000	0	9777
24415.000	8	9785
24416.000	1	9781
24417.000	0	9780
24418.000	-1	9779
24419.000	-1	9779
24420.000	5	9785
24421.000	-7	9774
24422.000	-1	9778
24423.000	6	9785
24424.000	1	9781
24425.000	5	9786
24426.000	5	9787
24427.000	3	9787
24428.000	-11	9774
24429.000	1	9782
24430.000	-3	9779
24431.000	-2	9779
24432.000	-2	9778
24433.000	5	9785
24434.000	0	9781
24435.000	-8	9773
24436.000	-2	9777
24437.000	7	9785
24438.000	1	9781
24439.000	-1	9779
24440.000	-2	9778
24441.000	-1	9779
24442.000	-13	9766
24443.000	0	9775
24444.000	-3	9772
24445.000	4	9778
24446.000	5	9781
24447.000	-3	9774
24448.000	2	9778
24449.000	-4	9773
24450.000	2	9778
24451.000	4	9780
24452.000	-4	9773
24453.000	2	9778
24454.000	-10	9767
24455.000	2	9776
24456.000	6	9780
24457.000	-2	9774
24458.000	3	9779
24459.000	3	9780
24460.000	3	9780
24461.000	-5	9773
24462.000	1	9778
24463.000	2	9779
24464.000	2	9780
24465.000	-11	9767
24466.000	-6	9769
24467.000	4	9777
24468.000	-1	9773
24469.000	-1	9773
24470.000	5	9779
24471.000	-1	9774
24472.000	-3	9772
24473.000	4	9778
24474.000	-2	9773
24475.000	-2	9773
24476.000	4	9778
24477.000	-8	9767
24478.000	-2	9771
24479.000	6	9778
24480.000	0	9774
24481.000	-1	9773
24482.000	-1	9773
24483.000	5	9779
24484.000	-1	9774
24485.000	4	9779
24486.000	-2	9774
24487.000	-10	9765
24488.000	-2	9770
24489.000	6	9778
24490.000	1	9775
24491.000	0	9774
24492.000	5	9779
24493.000	-1	9774
24494.000	-3	9772
24495.000	-2	9772
24496.000	5	9779
24497.000	-1	9774
24498.000	4	9779
24499.000	-2	9774
24500.000	3	9778
24501.000	4	9780
24502.000	-3	9774
24503.000	-5	9772
24504.000	-4	9771
24505.000	4	9778
24506.000	12	9787
24507.000	4	9783
24508.000	0	9780
24509.000	0	9780
24510.000	-8	9772
24511.000	6	9783
24512.000	2	9781
24513.000	0	9780
24514.000	-1	9779
24515.000	-1	9779
24516.000	-7	9772
24517.000	0	9777
24518.000	9	9786
24519.000	2	9782
24520.000	-1	9779
24521.000	-2	9778
24522.000	-1	9779
24523.000	-13	9766
24524.000	0	9775
24525.000	10	9785
24526.000	4	9782
24527.000	1	9781
24528.000	-7	9773
24529.000	5	9783
24530.000	2	9781
24531.000	0	9780
24532.000	-7	9773
24533.000	-1	9777
24534.000	1	9778
24535.000	2	9780
24536.000	1	9779
24537.000	7	9786
24538.000	1	9782
24539.000	-2	9779
24540.000	-2	9778
24541.000	-1	9779
24542.000	-7	9773
24543.000	-1	9776
24544.000	2	9779
24545.000	2	9780
24546.000	1	9779
24547.000	1	9780
24548.000	1	9780
24549.000	0	9779
24550.000	0	9779
24551.000	-1	9778
24552.000	-6	9773
24553.000	0	9777
24554.000	-4	9773
24555.000	2	9778
24556.000	-4	9773
24557.000	3	9778
24558.000	4	9780
24559.000	-10	9767
24560.000	1	9775
24561.000	5	9780
24562.000	5	9781
24563.000	3	9781
24564.000	7	9786
24565.000	1	9782
24566.000	-2	9779
24567.000	-2	9778
24568.000	-1	9779
24569.000	6	9786
24570.000	-1	9780
24571.000	-2	9779
24572.000	-2	9778
24573.000	-8	9772
24574.000	6	9783
24575.000	2	9781
24576.000	-1	9779
24577.000	0	9780
24578.000	-1	9779
24579.000	0	9779
24580.000	-7	9772
24581.000	0	9777
24582.000	2	9779
24583.000	8	9786
24584.000	2	9782
24585.000	-1	9780
24586.000	-8	9772
24587.000	-1	9777
24588.000	7	9785
24589.000	8	9788
24590.000	-1	9781
24591.000	-3	9779
24592.000	-9	9772
24593.000	-2	9776
24594.000	0	9778
24595.000	8	9786
24596.000	2	9782
24597.000	-1	9780
24598.000	-2	9778
24599.000	5	9785
24600.000	-1	9780
24601.000	-9	9772
24602.000	-1	9777
24603.000	0	9778
24604.000	1	9779
24605.000	1	9779
24606.000	1	9780
24607.000	-12	9767
24608.000	0	9775
24609.000	4	9779
24610.000	-3	9774
24611.000	3	9779
24612.000	3	9780
24613.000	-4	9773
24614.000	2	9778
24615.000	3	9780
24616.000	2	9780
24617.000	2	9780
24618.000	0	9779
24619.000	-6	9773
24620.000	7	9784
24621.000	8	9787
24622.000	0	9782
24623.000	4	9786
24624.000	-3	9780
24625.000	-10	9772
24626.000	4	9783
24627.000	6	9786
24628.000	6	9788
24629.000	-3	9781
24630.000	-5	9778
24631.000	3	9784
24632.000	4	9786
24633.000	3	9786
24634.000	-10	9774
24635.000	1	9782
24636.000	4	9786
24637.000	4	9787
24638.000	-4	9780
24639.000	1	9784
24640.000	3	9786
24641.000	3	9787
24642.000	-5	9780
24643.000	0	9783
24644.000	2	9785
24645.000	2	9786
24646.000	-5	9780
24647.000	8	9791
24648.000	2	9788
24649.000	0	9786
24650.000	-1	9785
24651.000	-7	9779
24652.000	6	9790
24653.000	2	9788
24654.000	7	9793
24655.000	-1	9787
24656.000	-3	9785
24657.000	4	9791
24658.000	-1	9787
24659.000	-3	9785
24660.000	-3	9784
24661.000	5	9791
24662.000	6	9794
24663.000	-8	9781
24664.000	2	9789
24665.000	5	9793
24666.000	-2	9787
24667.000	2	9791
24668.000	-2	9787
24669.000	-4	9785
24670.000	3	9790
24671.000	5	9793
24672.000	-9	9781
24673.000	-5	9782
24674.000	5	9791
24675.000	0	9787
24676.000	-8	9779
24677.000	-1	9784
24678.000	1	9785
24679.000	7	9792
24680.000	1	9788
24681.000	-14	9773
24682.000	-2	9781
24683.000	3	9785
24684.000	3	9786
24685.000	-4	9780
24686.000	2	9785
24687.000	3	9786
24688.000	2	9786
24689.000	7	9792
24690.000	-6	9781
24691.000	-1	9784
24692.000	7	9792
24693.000	0	9787
24694.000	5	9792
24695.000	-8	9781
24696.000	-3	9783
24697.000	6	9791
24698.000	7	9794
24699.000	-2	9787
24700.000	3	9792
24701.000	-10	9779
24702.000	3	9789
24703.000	5	9792
24704.000	5	9794
24705.000	3	9793
24706.000	1	9792
24707.000	-5	9787
24708.000	0	9790
24709.000	2	9792
24710.000	2	9793
24711.000	1	9792
24712.000	-12	9780
24713.000	0	9788
24714.000	4	9792
24715.000	4	9793
24716.000	3	9793
24717.000	2	9793
24718.000	-6	9786
24719.000	-6	9784
24720.000	2	9790
24721.000	-3	9786
24722.000	-4	9784
24723.000	4	9791
24724.000	-7	9781
24725.000	-3	9783
24726.000	0	9785
24727.000	7	9792
24728.000	1	9788
24729.000	-2	9785
24730.000	-15	9772
24731.000	-1	9781
24732.000	3	9785
24733.000	4	9787
24734.000	-10	9774
24735.000	1	9782
24736.000	-1	9780
24737.000	4	9785
24738.000	4	9786
24739.000	-3	9780
24740.000	-4	9779
24741.000	-4	9777
24742.000	4	9784
24743.000	6	9787
24744.000	4	9787
24745.000	-4	9780
24746.000	-5	9778
24747.000	2	9784
24748.000	4	9786
24749.000	-3	9780
24750.000	2	9785
24751.000	3	9786
24752.000	2	9786
24753.000	2	9787
24754.000	1	9786
24755.000	-13	9773
24756.000	0	9782
24757.000	4	9786
24758.000	10	9793
24759.000	-4	9782
24760.000	0	9785
24761.000	1	9786
24762.000	1	9786
24763.000	-13	9772
24764.000	1	9782
24765.000	4	9786
24766.000	10	9793
24767.000	-10	9776
24768.000	0	9783
24769.000	2	9785
24770.000	3	9786
24771.000	-4	9780
24772.000	1	9784
24773.000	2	9785
24774.000	2	9786
24775.000	8	9793
24776.000	-12	9775
24777.000	5	9788
24778.000	2	9787
24779.000	-6	9780
24780.000	-6	9778
24781.000	2	9784
24782.000	-3	9780
24783.000	-4	9778
24784.000	4	9784
24785.000	-1	9781
24786.000	4	9785
24787.000	-2	9781
24788.000	3	9785
24789.000	3	9786
24790.000	-4	9780
24791.000	8	9791
24792.000	10	9795
24793.000	-6	9782
24794.000	-3	9783
24795.000	6	9791
24796.000	1	9788
24797.000	-2	9785
24798.000	-2	9785
24799.000	5	9791
24800.000	-7	9781
24801.000	5	9791
24802.000	6	9793
24803.000	-8	9781
24804.000	3	9789
24805.000	6	9793
24806.000	4	9793
24807.000	-10	9780
24808.000	-5	9782
24809.000	5	9791
24810.000	0	9787
24811.000	-2	9785
24812.000	4	9791
24813.000	-1	9787
24814.000	4	9792
24815.000	4	9793
24816.000	-3	9787
24817.000	2	9791
24818.000	3	9793
24819.000	-5	9786
24820.000	2	9791
24821.000	-4	9786
24822.000	2	9791
24823.000	-3	9786
24824.000	3	9791
24825.000	4	9793
24826.000	-10	9780
24827.000	-5	9782
24828.000	4	9790
24829.000	0	9787
24830.000	-8	9779
24831.000	5	9790
24832.000	1	9787
24833.000	6	9792
24834.000	-8	9780
24835.000	-3	9783
24836.000	7	9792
24837.000	-6	9781
24838.000	5	9790
24839.000	6	9793
24840.000	-7	9782
24841.000	3	9789
24842.000	-1	9786
24843.000	5	9792
24844.000	-8	9781
24845.000	-3	9783
24846.000	-1	9784
24847.000	0	9785
24848.000	1	9786
24849.000	1	9786
24850.000	0	9786
24851.000	-7	9779
24852.000	1	9784
24853.000	8	9792
24854.000	-5	9781
24855.000	0	9785
24856.000	7	9792
24857.000	-5	9782
24858.000	-2	9783
24859.000	7	9792
24860.000	1	9788
24861.000	-8	9779
24862.000	-1	9784
24863.000	0	9784
24864.000	1	9785
24865.000	2	9787
24866.000	1	9786
24867.000	0	9786
24868.000	0	9786
24869.000	6	9792
24870.000	0	9787
24871.000	-8	9779
24872.000	5	9790
24873.000	0	9786
24874.000	6	9792
24875.000	-8	9780
24876.000	-2	9784
24877.000	6	9791
24878.000	-6	9781
24879.000	4	9789
24880.000	1	9787
24881.000	5	9792
24882.000	-8	9780
24883.000	-2	9784
24884.000	-1	9784
24885.000	7	9792
24886.000	-6	9781
24887.000	-1	9784
24888.000	6	9791
24889.000	-5	9782
24890.000	-2	9783
24891.000	7	9792
24892.000	-5	9782
24893.000	5	9790
24894.000	0	9787
24895.000	-8	9779
24896.000	5	9789
24897.000	1	9787
24898.000	-6	9780
24899.000	-1	9783
24900.000	1	9785
24901.000	2	9786
24902.000	1	9786
24903.000	7	9792
24904.000	0	9787
24905.000	-8	9779
24906.000	5	9790
24907.000	0	9786
24908.000	-1	9785
24909.000	-1	9785
24910.000	0	9786
24911.000	-1	9785
24912.000	0	9786
24913.000	6	9792
24914.000	0	9787
24915.000	-8	9779
24916.000	-2	9783
24917.000	7	9791
24918.000	-5	9781
24919.000	6	9791
24920.000	0	9787
24921.000	-1	9786
24922.000	-1	9785
24923.000	5	9791
24924.000	-7	9781
24925.000	-2	9784
24926.000	6	9791
24927.000	-6	9781
24928.000	-1	9784
24929.000	1	9786
24930.000	-6	9779
24931.000	1	9784
24932.000	2	9785
24933.000	-10	9774
24934.000	1	9782
24935.000	4	9785
24936.000	5	9788
24937.000	-10	9774
24938.000	1	9782
24939.000	5	9786
24940.000	-2	9781
24941.000	2	9784
24942.000	3	9786
24943.000	-3	9781
24944.000	-5	9778
24945.000	3	9784
24946.000	4	9786
24947.000	-10	9773
24948.000	2	9782
24949.000	-1	9780
24950.000	-2	9779
24951.000	-1	9779
24952.000	5	9785
24953.000	-1	9780
24954.000	-2	9779
24955.000	-2	9778
24956.000	5	9785
24957.000	-7	9774
24958.000	-2	9777
24959.000	6	9785
24960.000	-6	9774
24961.000	5	9784
24962.000	1	9781
24963.000	5	9785
24964.000	-8	9774
24965.000	4	9784
24966.000	-1	9780
24967.000	-1	9779
24968.000	-2	9778
24969.000	6	9786
24970.000	6	9787
24971.000	-3	9780
24972.000	-3	9779
24973.000	3	9784
24974.000	4	9786
24975.000	-3	9780
24976.000	-5	9778
24977.000	-3	9778
24978.000	4	9784
24979.000	-1	9780
24980.000	-8	9773
24981.000	-2	9777
24982.000	7	9785
24983.000	1	9781
24984.000	5	9785
24985.000	-8	9774
24986.000	-2	9778
24987.000	6	9785
24988.000	6	9787
24989.000	-8	9775
24990.000	-3	9777
24991.000	5	9784
24992.000	6	9787
24993.000	-1	9782
24994.000	-10	9772
24995.000	3	9782
24996.000	0	9780
24997.000	5	9785
24998.000	6	9788
24999.000	-3	9780
25000.000	-4	9779
25001.000	-3	9778
25002.000	4	9784
25003.000	5	9787
25004.000	-3	9780
25005.000	-4	9778
25006.000	3	9784
25007.000	-1	9781
25008.000	3	9785
25009.000	-2	9781
25010.000	-4	9778
25011.000	4	9785
25012.000	5	9787
25013.000	3	9786
25014.000	-11	9773
25015.000	2	9783
25016.000	-2	9780
25017.000	3	9784
25018.000	-8	9774
25019.000	-3	9777
25020.000	6	9785
25021.000	1	9781
25022.000	-8	9773
25023.000	5	9783
25024.000	1	9781
25025.000	-1	9779
25026.000	-8	9772
25027.000	0	9777
25028.000	8	9785
25029.000	1	9781
25030.000	-7	9773
25031.000	-1	9777
25032.000	1	9779
25033.000	-5	9773
25034.000	1	9778
25035.000	3	9780
25036.000	9	9787
25037.000	-5	9775
25038.000	5	9784
25039.000	0	9780
25040.000	-2	9778
25041.000	-1	9779
25042.000	6	9786
25043.000	-1	9780
25044.000	-2	9779
25045.000	-2	9778
25046.000	-1	9779
25047.000	-1	9779
25048.000	6	9785
25049.000	6	9787
25050.000	-8	9775
25051.000	3	9783
25052.000	-8	9773
25053.000	4	9783
25054.000	0	9780
25055.000	-1	9779
25056.000	-1	9779
25057.000	6	9786
25058.000	0	9781
25059.000	4	9785
25060.000	4	9787
25061.000	-4	9780
25062.000	2	9785
25063.000	3	9786
25064.000	3	9787
25065.000	1	9786
25066.000	7	9792
25067.000	-6	9781
25068.000	-2	9784
25069.000	0	9785
25070.000	-6	9779
25071.000	1	9784
25072.000	9	9792
25073.000	-5	9781
25074.000	0	9785
25075.000	0	9785
25076.000	1	9786
25077.000	1	9786
25078.000	-6	9779
25079.000	0	9783
25080.000	9	9792
25081.000	-4	9782
25082.000	-1	9784
25083.000	1	9786
25084.000	-6	9779
25085.000	1	9784
25086.000	2	9785
25087.000	-4	9780
25088.000	1	9784
25089.000	9	9792
25090.000	-4	9782
25091.000	6	9791
25092.000	1	9787
25093.000	-7	9780
25094.000	5	9790
25095.000	1	9787
25096.000	-7	9779
25097.000	-1	9783
25098.000	1	9785
25099.000	1	9785
25100.000	1	9786
25101.000	-5	9780
25102.000	0	9783
25103.000	9	9792
25104.000	-4	9782
25105.000	-1	9784
25106.000	0	9785
25107.000	-5	9780
25108.000	7	9790
25109.000	-4	9781
25110.000	0	9784
25111.000	2	9786
25112.000	1	9786
25113.000	1	9786
25114.000	-6	9779
25115.000	1	9784
25116.000	-5	9779
25117.000	9	9791
25118.000	-4	9781
25119.000	1	9785
25120.000	-5	9779
25121.000	8	9791
25122.000	3	9788
25123.000	-6	9780
25124.000	0	9784
25125.000	2	9786
25126.000	1	9786
25127.000	1	9786
25128.000	0	9785
25129.000	1	9786
25130.000	-6	9780
25131.000	-1	9783
25132.000	2	9785
25133.000	2	9786
25134.000	2	9787
25135.000	-6	9779
25136.000	1	9784
25137.000	-5	9779
25138.000	2	9784
25139.000	3	9786
25140.000	-3	9781
25141.000	8	9791
25142.000	-4	9781
25143.000	0	9784
25144.000	8	9792
25145.000	-5	9781
25146.000	-1	9784
25147.000	1	9786
25148.000	1	9786
25149.000	-6	9779
25150.000	7	9790
25151.000	2	9788
25152.000	-7	9779
25153.000	0	9784
25154.000	-5	9779
25155.000	8	9791
25156.000	9	9794
25157.000	-6	9782
25158.000	4	9790
25159.000	-6	9781
25160.000	4	9789
25161.000	-6	9780
25162.000	6	9791
25163.000	1	9787
25164.000	5	9792
25165.000	-1	9787
25166.000	-3	9785
25167.000	-2	9785
25168.000	-2	9784
25169.000	-1	9785
25170.000	6	9792
25171.000	-6	9781
25172.000	4	9790
25173.000	-6	9781
25174.000	-1	9784
25175.000	0	9785
25176.000	-5	9780
25177.000	7	9790
25178.000	2	9787
25179.000	-12	9774
25180.000	0	9782
25181.000	-4	9778
25182.000	4	9785
25183.000	4	9786
25184.000	-9	9774
25185.000	2	9783
25186.000	-2	9779
25187.000	4	9785
25188.000	-1	9781
25189.000	3	9785
25190.000	4	9787
25191.000	-3	9781
25192.000	8	9791
25193.000	-4	9781
25194.000	0	9784
25195.000	8	9792
25196.000	2	9788
25197.000	-1	9786
25198.000	-2	9785
25199.000	6	9792
25200.000	-7	9781
25201.000	4	9790
25202.000	-1	9786
25203.000	5	9792
25204.000	5	9793
25205.000	-9	9781
25206.000	2	9789
25207.000	-8	9780
25208.000	5	9790
25209.000	-7	9780
25210.000	5	9790
25211.000	1	9787
25212.000	0	9786
25213.000	-1	9785
25214.000	-8	9778
25215.000	0	9784
25216.000	2	9786
25217.000	1	9785
25218.000	-5	9780
25219.000	1	9784
25220.000	-4	9779
25221.000	9	9791
25222.000	-4	9781
25223.000	1	9785
25224.000	2	9786
25225.000	-5	9780
25226.000	1	9784
25227.000	-4	9779
25228.000	2	9784
25229.000	-10	9773
25230.000	9	9789
25231.000	-7	9776
25232.000	9	9789
25233.000	5	9788
25234.000	-10	9775
25235.000	1	9783
25236.000	-3	9779
25237.000	4	9785
25238.000	4	9786
25239.000	-3	9780
25240.000	-4	9779
25241.000	-3	9778
25242.000	4	9784
25243.000	-8	9774
25244.000	4	9783
25245.000	-7	9773
25246.000	5	9783
25247.000	1	9781
25248.000	-7	9773
25249.000	5	9783
25250.000	-5	9775
25251.000	0	9778
25252.000	-6	9772
25253.000	8	9784
25254.000	-4	9775
25255.000	1	9778
25256.000	-5	9773
25257.000	1	9777
25258.000	-10	9767
25259.000	3	9777
25260.000	-1	9773
25261.000	5	9779
25262.000	-2	9774
25263.000	4	9779
25264.000	10	9786
25265.000	-3	9776
25266.000	0	9778
25267.000	-6	9772
25268.000	7	9784
25269.000	3	9782
25270.000	-6	9774
25271.000	0	9778
25272.000	-6	9772
25273.000	8	9784
25274.000	3	9781
25275.000	-5	9774
25276.000	0	9778
25277.000	1	9779
25278.000	8	9786
25279.000	1	9781
25280.000	-1	9780
25281.000	-2	9778
25282.000	5	9785
25283.000	-1	9780
25284.000	4	9785
25285.000	-2	9780
25286.000	-3	9779
25287.000	4	9785
25288.000	5	9787
25289.000	-3	9780
25290.000	2	9785
25291.000	3	9786
25292.000	-4	9780
25293.000	2	9785
25294.000	-11	9772
25295.000	2	9782
25296.000	6	9787
25297.000	-2	9781
25298.000	-10	9772
25299.000	-3	9776
25300.000	7	9785
25301.000	-5	9775
25302.000	-1	9778
25303.000	0	9778
25304.000	-6	9772
25305.000	8	9785
25306.000	9	9788
25307.000	-7	9775
25308.000	4	9784
25309.000	6	9787
25310.000	5	9788
25311.000	-10	9774
25312.000	-5	9776
25313.000	5	9785
25314.000	6	9787
25315.000	-2	9781
25316.000	-4	9778
25317.000	3	9784
25318.000	-2	9780
25319.000	-3	9778
25320.000	5	9785
25321.000	5	9787
25322.000	-10	9773
25323.000	3	9783
25324.000	4	9785
25325.000	-8	9775
25326.000	3	9783
25327.000	5	9786
25328.000	-8	9775
25329.000	-4	9776
25330.000	6	9785
25331.000	-6	9775
25332.000	-2	9777
25333.000	0	9778
25334.000	-5	9773
25335.000	0	9777
25336.000	3	9780
25337.000	-5	9773
25338.000	2	9778
25339.000	3	9780
25340.000	-4	9774
25341.000	1	9778
25342.000	3	9780
25343.000	-5	9773
25344.000	2	9778
25345.000	3	9780
25346.000	-11	9767
25347.000	2	9776
25348.000	4	9779
25349.000	-2	9774
25350.000	-4	9772
25351.000	4	9778
25352.000	-2	9774
25353.000	-3	9772
25354.000	-2	9772
25355.000	-1	9773
25356.000	5	9778
25357.000	0	9775
25358.000	4	9779
25359.000	-2	9774
25360.000	-3	9772
25361.000	3	9777
25362.000	5	9780
25363.000	-9	9768
25364.000	2	9776
25365.000	-1	9774
25366.000	-2	9772
25367.000	4	9778
25368.000	-7	9768
25369.000	4	9777
25370.000	0	9774
25371.000	5	9779
25372.000	-8	9768
25373.000	-3	9770
25374.000	0	9772
25375.000	-7	9765
25376.000	7	9777
25377.000	3	9775
25378.000	-6	9767
25379.000	6	9777
25380.000	1	9774
25381.000	-7	9767
25382.000	5	9776
25383.000	-5	9768
25384.000	7	9778
25385.000	7	9781
25386.000	6	9782
25387.000	-3	9774
25388.000	-5	9772
25389.000	2	9777
25390.000	-2	9774
25391.000	4	9779
25392.000	4	9780
25393.000	-4	9773
25394.000	2	9778
25395.000	3	9780
25396.000	-11	9767
25397.000	1	9775
25398.000	-1	9774
25399.000	-2	9772
25400.000	5	9779
25401.000	-1	9774
25402.000	3	9778
25403.000	-2	9774
25404.000	-10	9765
25405.000	4	9776
25406.000	-6	9768
25407.000	6	9778
25408.000	1	9775
25409.000	-1	9773
25410.000	-1	9773
25411.000	-8	9765
25412.000	6	9777
25413.000	2	9775
25414.000	-6	9767
25415.000	-1	9770
25416.000	8	9779
25417.000	-5	9769
25418.000	6	9778
25419.000	-6	9768
25420.000	-1	9771
25421.000	7	9779
25422.000	-6	9768
25423.000	6	9778
25424.000	-6	9768
25425.000	5	9777
25426.000	1	9775
25427.000	-1	9773
25428.000	-1	9773
25429.000	6	9779
25430.000	-8	9767
25431.000	5	9778
25432.000	-7	9767
25433.000	5	9777
25434.000	7	9781
25435.000	-7	9769
25436.000	4	9778
25437.000	-8	9767
25438.000	5	9777
25439.000	0	9774
25440.000	-7	9767
25441.000	5	9777
25442.000	1	9774
25443.000	-7	9767
25444.000	-1	9770
25445.000	-5	9766
25446.000	1	9771
25447.000	-3	9767
25448.000	3	9772
25449.000	3	9773
25450.000	-10	9761
25451.000	2	9770
25452.000	-8	9760
25453.000	5	9771
25454.000	0	9768
25455.000	5	9773
25456.000	5	9774
25457.000	-3	9768
25458.000	3	9773
25459.000	-4	9767
25460.000	2	9771
25461.000	-2	9768
25462.000	9	9778
25463.000	3	9775
25464.000	-6	9767
25465.000	6	9777
25466.000	-4	9769
25467.000	-1	9771
25468.000	8	9779
25469.000	-5	9769
25470.000	-1	9771
25471.000	0	9772
25472.000	0	9772
25473.000	1	9773
25474.000	1	9773
25475.000	6	9779
25476.000	-6	9768
25477.000	-2	9771
25478.000	0	9772
25479.000	1	9773
25480.000	7	9779
25481.000	1	9775
25482.000	-2	9773
25483.000	4	9778
25484.000	-8	9767
25485.000	4	9777
25486.000	0	9774
25487.000	-2	9772
25488.000	-1	9773
25489.000	6	9779
25490.000	-7	9768
25491.000	4	9777
25492.000	0	9774
25493.000	-2	9772
25494.000	-1	9773
25495.000	-1	9772
25496.000	-1	9772
25497.000	0	9773
25498.000	7	9780
25499.000	-7	9768
25500.000	5	9778
25501.000	0	9774
25502.000	-2	9772
25503.000	-1	9773
25504.000	5	9778
25505.000	-7	9768
25506.000	5	9778
25507.000	0	9774
25508.000	-2	9772
25509.000	-1	9773
25510.000	5	9778
25511.000	-6	9769
25512.000	-2	9771
25513.000	6	9778
25514.000	-6	9768
25515.000	5	9777
25516.000	-6	9768
25517.000	-1	9771
25518.000	7	9779
25519.000	-6	9768
25520.000	5	9777
25521.000	1	9775
25522.000	-1	9773
25523.000	6	9780
25524.000	5	9780
25525.000	-2	9775
25526.000	-5	9771
25527.000	3	9778
25528.000	-8	9768
25529.000	3	9776
25530.000	0	9774
25531.000	-2	9772
25532.000	-1	9773
25533.000	5	9778
25534.000	0	9775
25535.000	-9	9766
25536.000	5	9777
25537.000	7	9781
25538.000	-7	9769
25539.000	3	9777
25540.000	-1	9773
25541.000	-1	9773
25542.000	-2	9772
25543.000	5	9778
25544.000	-7	9768
25545.000	5	9778
25546.000	0	9774
25547.000	-2	9772
25548.000	-1	9773
25549.000	5	9778
25550.000	-6	9769
25551.000	4	9777
25552.000	0	9774
25553.000	-2	9772
25554.000	5	9779
25555.000	-7	9768
25556.000	4	9777
25557.000	6	9780
25558.000	-1	9775
25559.000	3	9779
25560.000	3	9780
25561.000	-10	9767
25562.000	2	9776
25563.000	5	9780
25564.000	-9	9768
25565.000	2	9776
25566.000	6	9780
25567.000	-2	9774
25568.000	-4	9772
25569.000	-2	9772
25570.000	4	9778
25571.000	6	9781
25572.000	-3	9774
25573.000	2	9778
25574.000	3	9780
25575.000	-3	9774
25576.000	1	9778
25577.000	3	9780
25578.000	-4	9774
25579.000	1	9778
25580.000	3	9780
25581.000	2	9780
25582.000	2	9780
25583.000	0	9779
25584.000	-6	9773
25585.000	0	9777
25586.000	-4	9773
25587.000	2	9778
25588.000	3	9780
25589.000	-4	9773
25590.000	2	9778
25591.000	3	9780
25592.000	-5	9773
25593.000	8	9784
25594.000	3	9782
25595.000	-6	9774
25596.000	6	9784
25597.000	-5	9775
25598.000	0	9778
25599.000	1	9779
25600.000	-6	9772
25601.000	1	9778
25602.000	-10	9767
25603.000	2	9776
25604.000	12	9786
25605.000	-8	9770
25606.000	1	9777
25607.000	-3	9773
25608.000	3	9778
25609.000	4	9780
25610.000	-3	9774
25611.000	2	9778
25612.000	3	9780
25613.000	-4	9774
25614.000	1	9778
25615.000	-4	9773
25616.000	3	9779
25617.000	3	9780
25618.000	-4	9773
25619.000	8	9784
25620.000	3	9782
25621.000	-6	9774
25622.000	6	9784
25623.000	2	9782
25624.000	-7	9773
25625.000	-1	9777
25626.000	1	9779
25627.000	-5	9773
25628.000	7	9784
25629.000	-4	9775
25630.000	1	9778
25631.000	1	9779
25632.000	-4	9774
25633.000	0	9777
25634.000	9	9786
25635.000	-11	9769
25636.000	0	9776
25637.000	9	9785
25638.000	-3	9776
25639.000	0	9778
25640.000	-5	9773
25641.000	1	9778
25642.000	9	9786
25643.000	-4	9776
25644.000	-1	9777
25645.000	-6	9772
25646.000	2	9778
25647.000	9	9786
25648.000	-4	9776
25649.000	-1	9777
25650.000	1	9779
25651.000	1	9779
25652.000	1	9780
25653.000	-6	9773
25654.000	0	9777
25655.000	2	9779
25656.000	-4	9774
25657.000	1	9778
25658.000	3	9780
25659.000	-11	9767
25660.000	2	9776
25661.000	4	9779
25662.000	-9	9767
25663.000	3	9777
25664.000	-1	9773
25665.000	5	9779
25666.000	5	9781
25667.000	-3	9774
25668.000	2	9778
25669.000	-3	9774
25670.000	8	9784
25671.000	3	9781
25672.000	1	9780
25673.000	0	9780
25674.000	-7	9773
25675.000	6	9783
25676.000	8	9787
25677.000	-6	9776
25678.000	3	9783
25679.000	-6	9775
25680.000	4	9783
25681.000	0	9780
25682.000	-7	9773
25683.000	5	9783
25684.000	-5	9775
25685.000	-1	9777
25686.000	2	9780
25687.000	-6	9772
25688.000	8	9785
25689.000	-4	9775
25690.000	0	9778
25691.000	8	9786
25692.000	1	9781
25693.000	-1	9779
25694.000	5	9785
25695.000	-7	9775
25696.000	-3	9777
25697.000	6	9785
25698.000	-6	9774
25699.000	-1	9778
25700.000	7	9785
25701.000	-6	9774
25702.000	5	9784
25703.000	0	9780
25704.000	-1	9779
25705.000	0	9780
25706.000	5	9785
25707.000	-7	9774
25708.000	4	9783
25709.000	0	9780
25710.000	-8	9772
25711.000	5	9783
25712.000	1	9781
25713.000	-6	9774
25714.000	5	9783
25715.000	1	9781
25716.000	-6	9774
25717.000	5	9783
25718.000	8	9788
25719.000	-1	9781
25720.000	-3	9779
25721.000	-2	9779
25722.000	-8	9772
25723.000	5	9783
25724.000	1	9780
25725.000	0	9780
25726.000	0	9780
25727.000	0	9780
25728.000	-7	9773
25729.000	6	9783
25730.000	1	9780
25731.000	-6	9774
25732.000	6	9784
25733.000	1	9781
25734.000	-7	9773
25735.000	0	9778
25736.000	1	9779
25737.000	1	9779
25738.000	1	9779
25739.000	1	9780
25740.000	7	9786
25741.000	-6	9775
25742.000	4	9783
25743.000	6	9786
25744.000	-7	9775
25745.000	3	9783
25746.000	-8	9773
25747.000	5	9784
25748.000	0	9780
25749.000	-1	9779
25750.000	6	9786
25751.000	-7	9775
25752.000	3	9783
25753.000	6	9786
25754.000	-7	9775
25755.000	3	9783
25756.000	5	9786
25757.000	-2	9781
25758.000	3	9785
25759.000	-9	9774
25760.000	3	9783
25761.000	5	9786
25762.000	-8	9775
25763.000	3	9783
25764.000	-1	9780
25765.000	-2	9779
25766.000	5	9785
25767.000	-8	9774
25768.000	4	9783
25769.000	6	9786
25770.000	-1	9781
25771.000	3	9785
25772.000	4	9787
25773.000	-4	9780
25774.000	2	9785
25775.000	-4	9779
25776.000	8	9790
25777.000	4	9789
25778.000	-6	9780
25779.000	6	9790
25780.000	1	9787
25781.000	0	9786
25782.000	6	9792
25783.000	6	9794
25784.000	-9	9781
25785.000	2	9789
25786.000	5	9793
25787.000	-9	9780
25788.000	10	9796
25789.000	-1	9788
25790.000	-4	9785
25791.000	-4	9784
25792.000	4	9791
25793.000	-1	9787
25794.000	-3	9785
25795.000	-8	9779
25796.000	5	9789
25797.000	1	9787
25798.000	-6	9780
25799.000	5	9789
25800.000	1	9787
25801.000	-6	9780
25802.000	5	9789
25803.000	2	9788
25804.000	-7	9779
25805.000	-1	9783
25806.000	1	9785
25807.000	-5	9779
25808.000	1	9784
25809.000	3	9786
25810.000	-4	9780
25811.000	1	9784
25812.000	-3	9780
25813.000	2	9784
25814.000	3	9786
25815.000	-10	9774
25816.000	2	9783
25817.000	-8	9773
25818.000	4	9783
25819.000	0	9780
25820.000	-7	9773
25821.000	-1	9777
25822.000	7	9785
25823.000	-5	9775
25824.000	-1	9777
25825.000	-5	9773
25826.000	1	9778
25827.000	3	9780
25828.000	2	9780
25829.000	7	9785
25830.000	1	9781
25831.000	5	9786
25832.000	5	9787
25833.000	-3	9781
25834.000	8	9791
25835.000	3	9788
25836.000	-6	9780
25837.000	-1	9783
25838.000	-5	9779
25839.000	8	9791
25840.000	3	9788
25841.000	-6	9780
25842.000	-1	9783
25843.000	-11	9773
25844.000	2	9782
25845.000	5	9786
25846.000	-2	9781
25847.000	3	9785
25848.000	-3	9780
25849.000	3	9785
25850.000	4	9787
25851.000	-11	9773
25852.000	2	9783
25853.000	-2	9779
25854.000	4	9785
25855.000	-8	9774
25856.000	4	9784
25857.000	-7	9774
25858.000	5	9784
25859.000	-6	9774
25860.000	-1	9777
25861.000	1	9779
25862.000	1	9779
25863.000	1	9780
25864.000	0	9779
25865.000	0	9779
25866.000	0	9779
25867.000	1	9780
25868.000	0	9779
25869.000	6	9785
25870.000	6	9787
25871.000	-2	9781
25872.000	9	9791
25873.000	-3	9782
25874.000	1	9785
25875.000	-5	9779
25876.000	1	9784
25877.000	3	9786
25878.000	2	9786
25879.000	-5	9780
25880.000	1	9784
25881.000	9	9792
25882.000	-5	9781
25883.000	0	9785
25884.000	-6	9779
25885.000	8	9791
25886.000	-4	9781
25887.000	6	9790
25888.000	-4	9782
25889.000	-7	9778
25890.000	7	9790
25891.000	-3	9782
25892.000	7	9791
25893.000	8	9794
25894.000	0	9788
25895.000	-3	9785
25896.000	-3	9784
25897.000	5	9791
25898.000	-1	9787
25899.000	4	9792
25900.000	-9	9780
25901.000	3	9789
25902.000	-7	9780
25903.000	5	9790
25904.000	1	9787
25905.000	5	9792
25906.000	-7	9781
25907.000	3	9789
25908.000	0	9787
25909.000	5	9792
25910.000	-2	9787
25911.000	3	9791
25912.000	-8	9781
25913.000	9	9795
25914.000	-7	9782
25915.000	2	9789
25916.000	-1	9787
25917.000	4	9791
25918.000	5	9794
25919.000	-10	9780
25920.000	-4	9783
25921.000	-2	9784
25922.000	6	9791
25923.000	1	9788
25924.000	5	9792
25925.000	-2	9787
25926.000	-4	9784
25927.000	-2	9785
25928.000	4	9790
25929.000	-1	9787
25930.000	5	9792
25931.000	-2	9787
25932.000	3	9791
25933.000	-9	9780
25934.000	3	9789
25935.000	-8	9779
25936.000	5	9790
25937.000	7	9793
25938.000	-8	9781
25939.000	-3	9783
25940.000	-7	9778
25941.000	7	9790
25942.000	-4	9781
25943.000	0	9784
25944.000	2	9786
25945.000	-5	9780
25946.000	1	9784
25947.000	-4	9779
25948.000	2	9784
25949.000	-3	9780
25950.000	2	9784
25951.000	4	9787
25952.000	-3	9781
25953.000	1	9784
25954.000	-3	9780
25955.000	2	9784
25956.000	-3	9780
25957.000	2	9784
25958.000	-2	9781
25959.000	3	9785
25960.000	3	9786
25961.000	-3	9781
25962.000	8	9791
25963.000	-4	9781
25964.000	7	9791
25965.000	-5	9781
25966.000	5	9790
25967.000	-5	9781
25968.000	-1	9784
25969.000	8	9792
25970.000	-12	9775
25971.000	5	9788
25972.000	-10	9775
25973.000	0	9782
25974.000	-2	9780
25975.000	4	9785
25976.000	4	9786
25977.000	-3	9780
25978.000	2	9785
25979.000	-3	9780
25980.000	2	9784
25981.000	-9	9774
25982.000	9	9789
25983.000	-8	9775
25984.000	3	9783
25985.000	5	9786
25986.000	-2	9781
25987.000	3	9785
25988.000	-4	9779
25989.000	3	9785
25990.000	-3	9780
25991.000	3	9785
25992.000	-3	9780
25993.000	9	9791
25994.000	10	9795
25995.000	-6	9782
25996.000	-2	9784
25997.000	0	9785
25998.000	0	9785
25999.000	-6	9779
26000.000	7	9790
26001.000	8	9794
26002.000	-6	9782
26003.000	4	9790
26004.000	-1	9786
26005.000	-2	9785
26006.000	-8	9778
26007.000	6	9790
26008.000	1	9787
26009.000	0	9786
26010.000	5	9791
26011.000	-6	9782
26012.000	-3	9783
26013.000	0	9785
26014.000	1	9786
26015.000	0	9785
26016.000	1	9786
26017.000	-7	9779
26018.000	0	9783
26019.000	9	9792
26020.000	-5	9781
26021.000	-7	9778
26022.000	1	9784
26023.000	10	9793
26024.000	-4	9782
26025.000	6	9791
26026.000	-6	9780
26027.000	6	9791
26028.000	-6	9780
26029.000	6	9791
26030.000	-6	9780
26031.000	-1	9784
26032.000	1	9785
26033.000	1	9786
26034.000	-5	9780
26035.000	7	9790
26036.000	-5	9781
26037.000	7	9791
26038.000	-5	9781
26039.000	6	9791
26040.000	-6	9780
26041.000	6	9791
26042.000	-6	9780
26043.000	5	9790
26044.000	1	9787
26045.000	0	9786
26046.000	-1	9785
26047.000	5	9791
26048.000	0	9788
26049.000	4	9792
26050.000	-9	9780
26051.000	10	9796
26052.000	-7	9782
26053.000	2	9789
26054.000	-1	9787
26055.000	4	9791
26056.000	-2	9787
26057.000	4	9792
26058.000	4	9793
26059.000	3	9793
26060.000	-12	9779
26061.000	1	9789
26062.000	-2	9786
26063.000	4	9791
26064.000	4	9793
26065.000	4	9794
26066.000	-4	9787
26067.000	-6	9784
26068.000	-4	9784
26069.000	4	9791
26070.000	-1	9787
26071.000	-3	9785
26072.000	-2	9785
26073.000	-1	9785
26074.000	-1	9785
26075.000	-7	9779
26076.000	7	9790
26077.000	-5	9781
26078.000	7	9791
26079.000	-5	9781
26080.000	6	9791
26081.000	0	9786
26082.000	0	9786
26083.000	-2	9784
26084.000	-1	9785
26085.000	-6	9780
26086.000	0	9784
26087.000	2	9786
26088.000	-5	9779
26089.000	8	9791
26090.000	-4	9781
26091.000	7	9791
26092.000	-6	9780
26093.000	6	9790
26094.000	-5	9781
26095.000	6	9791
26096.000	7	9793
26097.000	-7	9782
26098.000	3	9789
26099.000	-7	9780
26100.000	-2	9783
26101.000	-6	9779
26102.000	7	9790
26103.000	-4	9781
26104.000	1	9785
26105.000	-5	9779
26106.000	-5	9778
26107.000	3	9784
26108.000	5	9787
26109.000	-3	9780
26110.000	2	9785
26111.000	-3	9780
26112.000	2	9784
26113.000	-3	9780
26114.000	3	9785
26115.000	3	9786
26116.000	3	9787
26117.000	-11	9774
26118.000	1	9782
26119.000	-3	9779
26120.000	4	9785
26121.000	5	9787
26122.000	-3	9780
26123.000	-4	9779
26124.000	3	9784
26125.000	4	9786
26126.000	-3	9780
26127.000	2	9785
26128.000	-3	9780
26129.000	2	9784
26130.000	-10	9773
26131.000	3	9783
26132.000	6	9787
26133.000	-2	9781
26134.000	-3	9779
26135.000	-3	9778
26136.000	4	9784
26137.000	-7	9774
26138.000	4	9783
26139.000	-6	9774
26140.000	5	9784
26141.000	-6	9774
26142.000	5	9783
26143.000	1	9781
26144.000	-7	9773
26145.000	5	9783
26146.000	-5	9775
26147.000	6	9784
26148.000	1	9781
26149.000	-7	9773
26150.000	-2	9776
26151.000	-5	9772
26152.000	2	9778
26153.000	3	9780
26154.000	3	9780
26155.000	1	9779
26156.000	1	9780
26157.000	7	9786
26158.000	-6	9775
26159.000	4	9783
26160.000	-6	9774
26161.000	5	9784
26162.000	0	9780
26163.000	-1	9779
26164.000	-1	9779
26165.000	-1	9779
26166.000	7	9786
26167.000	-1	9780
26168.000	4	9785
26169.000	-1	9781
26170.000	3	9785
26171.000	3	9786
26172.000	3	9787
26173.000	2	9787
26174.000	-6	9779
26175.000	1	9784
26176.000	-5	9779
26177.000	2	9784
26178.000	-3	9780
26179.000	3	9785
26180.000	-3	9780
26181.000	-4	9778
26182.000	-3	9778
26183.000	5	9785
26184.000	-1	9780
26185.000	4	9785
26186.000	-8	9774
26187.000	3	9783
26188.000	-1	9780
26189.000	5	9785
26190.000	-7	9775
26191.000	3	9783
26192.000	-1	9780
26193.000	-1	9779
26194.000	-2	9778
26195.000	-7	9773
26196.000	0	9777
26197.000	-5	9772
26198.000	2	9778
26199.000	-4	9773
26200.000	9	9784
26201.000	-2	9776
26202.000	0	9777
26203.000	-4	9773
26204.000	8	9784
26205.000	-4	9775
26206.000	7	9784
26207.000	-4	9776
26208.000	-1	9777
26209.000	-5	9773
26210.000	7	9784
26211.000	2	9781
26212.000	-6	9773
26213.000	7	9784
26214.000	-5	9775
26215.000	6	9784
26216.000	1	9781
26217.000	6	9786
26218.000	-1	9781
26219.000	10	9792
26220.000	-9	9776
26221.000	1	9783
26222.000	3	9785
26223.000	-3	9780
26224.000	-4	9778
26225.000	-3	9778
26226.000	4	9784
26227.000	-7	9774
26228.000	4	9783
26229.000	0	9780
26230.000	-1	9779
26231.000	5	9785
26232.000	-8	9774
26233.000	4	9783
26234.000	0	9780
26235.000	5	9785
26236.000	-7	9775
26237.000	3	9783
26238.000	-7	9774
26239.000	5	9784
26240.000	7	9787
26241.000	-1	9781
26242.000	3	9785
26243.000	-9	9774
26244.000	2	9782
26245.000	-1	9780
26246.000	-2	9778
26247.000	-1	9779
26248.000	-1	9779
26249.000	-6	9773
26250.000	6	9783
26251.000	-5	9774
26252.000	6	9784
26253.000	2	9782
26254.000	-1	9779
26255.000	0	9780
26256.000	-8	9772
26257.000	6	9783
26258.000	-5	9774
26259.000	7	9785
26260.000	-6	9774
26261.000	6	9784
26262.000	-5	9775
26263.000	-1	9777
26264.000	1	9779
26265.000	1	9779
26266.000	-6	9773
26267.000	1	9778
26268.000	-4	9773
26269.000	8	9784
26270.000	3	9781
26271.000	-5	9774
26272.000	6	9784
26273.000	-5	9775
26274.000	-1	9777
26275.000	8	9786
26276.000	-5	9775
26277.000	-1	9778
26278.000	-6	9772
26279.000	7	9784
26280.000	-4	9775
26281.000	0	9777
26282.000	-4	9773
26283.000	8	9784
26284.000	3	9782
26285.000	-6	9774
26286.000	-1	9777
26287.000	2	9779
26288.000	1	9779
26289.000	1	9779
26290.000	7	9786
26291.000	-6	9775
26292.000	5	9784
26293.000	-6	9774
26294.000	5	9784
26295.000	-6	9774
26296.000	6	9784
26297.000	7	9787
26298.000	-7	9775
26299.000	3	9783
26300.000	-1	9780
26301.000	4	9785
26302.000	-8	9774
26303.000	4	9784
26304.000	-1	9780
26305.000	5	9785
26306.000	5	9787
26307.000	-3	9780
26308.000	2	9785
26309.000	-10	9773
26310.000	3	9783
26311.000	-1	9780
26312.000	4	9785
26313.000	-1	9781
26314.000	-3	9779
26315.000	4	9785
26316.000	4	9786
26317.000	-9	9774
26318.000	2	9782
26319.000	-1	9780
26320.000	5	9786
26321.000	4	9786
26322.000	-3	9780
26323.000	9	9792
26324.000	-4	9781
26325.000	1	9785
26326.000	7	9791
26327.000	-5	9781
26328.000	6	9791
26329.000	-6	9781
26330.000	-1	9784
26331.000	0	9785
26332.000	7	9792
26333.000	-5	9782
26334.000	5	9790
26335.000	-6	9781
26336.000	5	9790
26337.000	7	9793
26338.000	-7	9782
26339.000	3	9789
26340.000	-1	9786
26341.000	5	9792
26342.000	-8	9781
26343.000	3	9789
26344.000	0	9787
26345.000	4	9791
26346.000	-7	9781
26347.000	3	9789
26348.000	0	9787
26349.000	5	9792
26350.000	-9	9780
26351.000	4	9790
26352.000	0	9787
26353.000	-2	9785
26354.000	5	9791
26355.000	-7	9781
26356.000	4	9790
26357.000	6	9793
26358.000	-2	9787
26359.000	3	9791
26360.000	-2	9787
26361.000	2	9791
26362.000	-3	9786
26363.000	3	9791
26364.000	-3	9786
26365.000	3	9791
26366.000	-9	9780
26367.000	9	9795
26368.000	-1	9788
26369.000	3	9792
26370.000	-10	9780
26371.000	2	9789
26372.000	-1	9786
26373.000	5	9792
26374.000	-8	9781
26375.000	3	9789
26376.000	-1	9786
26377.000	-1	9786
26378.000	5	9791
26379.000	-7	9781
26380.000	-3	9783
26381.000	-6	9779
26382.000	7	9790
26383.000	-4	9781
26384.000	6	9790
26385.000	2	9788
26386.000	-7	9779
26387.000	5	9789
26388.000	-5	9781
26389.000	6	9790
26390.000	1	9787
26391.000	0	9786
26392.000	5	9791
26393.000	-7	9781
26394.000	4	9790
26395.000	-7	9780
26396.000	5	9790
26397.000	7	9793
26398.000	-7	9782
26399.000	3	9789
26400.000	-7	9780
26401.000	-2	9783
26402.000	0	9785
26403.000	1	9786
26404.000	1	9786
26405.000	-6	9779
26406.000	7	9790
26407.000	2	9788
26408.000	0	9786
26409.000	-1	9785
26410.000	-7	9779
26411.000	6	9790
26412.000	2	9788
26413.000	-6	9780
26414.000	5	9789
26415.000	1	9787
26416.000	-6	9780
26417.000	6	9790
26418.000	-6	9780
26419.000	6	9790
26420.000	1	9787
26421.000	-7	9779
26422.000	-1	9783
26423.000	2	9786
26424.000	1	9786
26425.000	7	9792
26426.000	-6	9781
26427.000	-1	9784
26428.000	-6	9779
26429.000	7	9790
26430.000	2	9787
26431.000	0	9786
26432.000	0	9786
26433.000	-7	9779
26434.000	6	9790
26435.000	8	9794
26436.000	-6	9782
26437.000	4	9790
26438.000	-7	9780
26439.000	-2	9783
26440.000	7	9792
26441.000	1	9788
26442.000	5	9792
26443.000	-8	9781
26444.000	3	9789
26445.000	-7	9780
26446.000	5	9790
26447.000	-6	9780
26448.000	6	9791
26449.000	0	9786
26450.000	0	9786
26451.000	-1	9785
26452.000	-1	9785
26453.000	-1	9785
26454.000	0	9786
26455.000	6	9792
26456.000	0	9787
26457.000	-2	9785
26458.000	5	9792
26459.000	-8	9780
26460.000	4	9790
26461.000	-7	9780
26462.000	5	9790
26463.000	-6	9780
26464.000	5	9790
26465.000	1	9787
26466.000	-7	9779
26467.000	6	9790
26468.000	1	9787
26469.000	-1	9785
26470.000	-1	9785
26471.000	6	9792
26472.000	0	9788
26473.000	-2	9786
26474.000	4	9791
26475.000	-8	9780
26476.000	4	9790
26477.000	-1	9786
26478.000	5	9792
26479.000	-1	9787
26480.000	-3	9785
26481.000	4	9791
26482.000	-1	9787
26483.000	-3	9785
26484.000	4	9791
26485.000	-8	9780
26486.000	-3	9783
26487.000	6	9791
26488.000	-6	9781
26489.000	-1	9784
26490.000	7	9792
26491.000	1	9788
26492.000	-1	9786
26493.000	5	9792
26494.000	-8	9780
26495.000	4	9790
26496.000	0	9787
26497.000	-2	9785
26498.000	-2	9784
26499.000	6	9792
26500.000	-7	9781
26501.000	4	9790
26502.000	0	9787
26503.000	-7	9780
26504.000	5	9790
26505.000	1	9787
26506.000	-1	9785
26507.000	-1	9785
26508.000	0	9786
26509.000	-1	9785
26510.000	0	9786
26511.000	6	9792
26512.000	-6	9781
26513.000	-2	9784
26514.000	6	9791
26515.000	7	9794
26516.000	-7	9782
26517.000	-4	9783
26518.000	-7	9779
26519.000	6	9789
26520.000	2	9787
26521.000	0	9786
26522.000	-6	9780
26523.000	-1	9783
26524.000	-5	9779
26525.000	2	9784
26526.000	3	9786
26527.000	3	9787
26528.000	-5	9780
26529.000	-5	9778
26530.000	2	9784
26531.000	-2	9780
26532.000	3	9785
26533.000	-3	9780
26534.000	-3	9779
26535.000	4	9785
26536.000	11	9793
26537.000	-3	9782
26538.000	0	9784
26539.000	-5	9779
26540.000	8	9791
26541.000	2	9787
26542.000	-6	9780
26543.000	6	9790
26544.000	2	9788
26545.000	-7	9779
26546.000	-1	9783
26547.000	1	9785
26548.000	-5	9779
26549.000	2	9785
26550.000	2	9785
26551.000	2	9786
26552.000	-11	9774
26553.000	1	9782
26554.000	-2	9780
26555.000	3	9784
26556.000	-2	9780
26557.000	4	9785
26558.000	4	9787
26559.000	3	9787
26560.000	-11	9774
26561.000	1	9782
26562.000	4	9786
26563.000	4	9787
26564.000	-4	9780
26565.000	2	9785
26566.000	2	9785
26567.000	3	9787
26568.000	-12	9773
26569.000	1	9782
26570.000	4	9786
26571.000	4	9787
26572.000	-10	9774
26573.000	1	9782
26574.000	5	9786
26575.000	-2	9781
26576.000	-4	9778
26577.000	-3	9778
26578.000	-2	9778
26579.000	5	9785
26580.000	-7	9774
26581.000	-2	9777
26582.000	7	9785
26583.000	-6	9774
26584.000	-1	9778
26585.000	7	9785
26586.000	-6	9774
26587.000	-1	9778
26588.000	0	9778
26589.000	1	9779
26590.000	1	9780
26591.000	7	9786
26592.000	-6	9775
26593.000	-3	9776
26594.000	0	9778
26595.000	8	9786
26596.000	7	9788
26597.000	-8	9775
26598.000	2	9782
26599.000	5	9786
26600.000	-1	9782
26601.000	2	9784
26602.000	10	9793
26603.000	-4	9782
26604.000	0	9785
26605.000	-5	9780
26606.000	7	9790
26607.000	2	9787
26608.000	-6	9780
26609.000	6	9790
26610.000	2	9788
26611.000	-1	9785
26612.000	6	9792
26613.000	-7	9781
26614.000	4	9790
26615.000	6	9793
26616.000	-8	9781
26617.000	9	9795
26618.000	6	9795
26619.000	-4	9787
26620.000	1	9791
26621.000	2	9792
26622.000	-4	9787
26623.000	1	9790
26624.000	-4	9786
26625.000	2	9791
26626.000	4	9793
26627.000	-11	9779
26628.000	2	9789
26629.000	5	9793
26630.000	-2	9787
26631.000	-4	9785
26632.000	4	9791
26633.000	-2	9787
26634.000	-3	9785
26635.000	-3	9784
26636.000	5	9791
26637.000	6	9794
26638.000	-9	9780
26639.000	3	9790
26640.000	12	9800
26641.000	-9	9782
26642.000	1	9790
26643.000	-3	9786
26644.000	3	9791
26645.000	4	9793
26646.000	-4	9786
26647.000	2	9791
26648.000	3	9792
26649.000	-10	9780
26650.000	1	9788
26651.000	-1	9787
26652.000	-2	9785
26653.000	-2	9785
26654.000	5	9791
26655.000	-1	9787
26656.000	-2	9785
26657.000	-2	9785
26658.000	6	9792
26659.000	5	9793
26660.000	-9	9780
26661.000	3	9790
26662.000	-8	9780
26663.000	5	9790
26664.000	-7	9780
26665.000	6	9791
26666.000	0	9786
26667.000	0	9786
26668.000	5	9791
26669.000	-7	9781
26670.000	4	9790
26671.000	-7	9780
26672.000	5	9790
26673.000	0	9786
26674.000	-7	9779
26675.000	6	9790
26676.000	-6	9780
26677.000	0	9784
26678.000	1	9785
26679.000	1	9786
26680.000	1	9786
26681.000	-6	9779
26682.000	0	9783
26683.000	2	9785
26684.000	2	9786
26685.000	2	9787
26686.000	1	9786
26687.000	0	9786
26688.000	-6	9780
26689.000	-1	9783
26690.000	-4	9779
26691.000	2	9784
26692.000	3	9786
26693.000	-4	9780
26694.000	9	9792
26695.000	-4	9781
26696.000	0	9784
26697.000	-4	9780
26698.000	1	9784
26699.000	-4	9779
26700.000	9	9791
26701.000	-3	9782
26702.000	1	9785
26703.000	-5	9779
26704.000	2	9785
26705.000	3	9786
26706.000	2	9786
26707.000	-5	9780
26708.000	1	9784
26709.000	-4	9779
26710.000	8	9790
26711.000	-3	9782
26712.000	8	9792
26713.000	-5	9781
26714.000	-1	9784
26715.000	-5	9779
26716.000	7	9790
26717.000	-3	9782
26718.000	0	9784
26719.000	2	9786
26720.000	1	9786
26721.000	-5	9780
26722.000	0	9783
26723.000	-4	9779
26724.000	2	9784
26725.000	-3	9780
26726.000	3	9785
26727.000	-10	9773
26728.000	9	9789
26729.000	-7	9776
26730.000	-3	9777
26731.000	5	9785
26732.000	6	9787
26733.000	-9	9774
26734.000	-3	9777
26735.000	5	9784
26736.000	-7	9774
26737.000	5	9784
26738.000	1	9781
26739.000	5	9785
26740.000	-1	9781
26741.000	3	9785
26742.000	-2	9781
26743.000	3	9785
26744.000	-3	9780
26745.000	-4	9778
26746.000	-2	9779
26747.000	4	9784
26748.000	5	9786
26749.000	-2	9781
26750.000	3	9785
26751.000	-3	9780
26752.000	2	9784
26753.000	-3	9780
26754.000	3	9785
26755.000	-3	9780
26756.000	9	9791
26757.000	-3	9782
26758.000	8	9792
26759.000	-5	9781
26760.000	-1	9784
26761.000	1	9785
26762.000	1	9786
26763.000	1	9786
26764.000	-6	9779
26765.000	0	9783
26766.000	-4	9779
26767.000	2	9784
26768.000	-9	9774
26769.000	2	9782
26770.000	6	9787
26771.000	-2	9781
26772.000	-3	9779
26773.000	3	9784
26774.000	-2	9780
26775.000	4	9785
26776.000	-3	9780
26777.000	4	9786
26778.000	3	9786
26779.000	-3	9781
26780.000	8	9791
26781.000	-4	9781
26782.000	0	9784
26783.000	-5	9779
26784.000	8	9791
26785.000	3	9788
26786.000	-6	9780
26787.000	0	9784
26788.000	-11	9773
26789.000	1	9782
26790.000	11	9792
26791.000	-2	9782
26792.000	-5	9779
26793.000	-4	9778
26794.000	3	9784
26795.000	4	9786
26796.000	-3	9780
26797.000	3	9785
26798.000	-3	9780
26799.000	2	9784
26800.000	-3	9780
26801.000	9	9791
26802.000	4	9789
26803.000	-6	9780
26804.000	0	9784
26805.000	1	9785
26806.000	8	9792
26807.000	-5	9782
26808.000	5	9790
26809.000	-6	9781
26810.000	5	9790
26811.000	-6	9780
26812.000	-7	9778
26813.000	7	9790
26814.000	-3	9782
26815.000	1	9785
26816.000	-5	9779
26817.000	1	9784
26818.000	-3	9780
26819.000	3	9785
26820.000	-3	9780
26821.000	3	9785
26822.000	-10	9773
26823.000	9	9789
26824.000	0	9783
26825.000	3	9786
26826.000	-4	9779
26827.000	-11	9771
26828.000	4	9783
26829.000	0	9780
26830.000	5	9785
26831.000	-7	9775
26832.000	4	9784
26833.000	-1	9780
26834.000	5	9785
26835.000	-1	9781
26836.000	3	9785
26837.000	-9	9774
26838.000	10	9790
26839.000	-1	9782
26840.000	3	9786
26841.000	-4	9779
26842.000	2	9784
26843.000	-3	9780
26844.000	-4	9778
26845.000	4	9785
26846.000	-2	9780
26847.000	4	9785
26848.000	-2	9781
26849.000	3	9785
26850.000	-3	9780
26851.000	-4	9778
26852.000	-3	9778
26853.000	5	9785
26854.000	-1	9780
26855.000	-2	9779
26856.000	-2	9778
26857.000	-1	9779
26858.000	-7	9773
26859.000	6	9783
26860.000	-5	9774
26861.000	6	9784
26862.000	-5	9775
26863.000	6	9784
26864.000	-5	9775
26865.000	-1	9777
26866.000	-6	9772
26867.000	8	9784
26868.000	-4	9775
26869.000	7	9784
26870.000	-5	9775
26871.000	6	9784
26872.000	-5	9775
26873.000	-1	9777
26874.000	1	9779
26875.000	7	9785
26876.000	-5	9775
26877.000	5	9784
26878.000	0	9780
26879.000	5	9785
26880.000	-8	9774
26881.000	4	9784
26882.000	0	9781
26883.000	-2	9779
26884.000	-2	9778
26885.000	-1	9779
26886.000	6	9785
26887.000	-6	9775
26888.000	-2	9777
26889.000	0	9779
26890.000	0	9779
26891.000	-6	9773
26892.000	7	9784
26893.000	-4	9775
26894.000	7	9785
26895.000	7	9787
26896.000	-7	9775
26897.000	4	9784
26898.000	-7	9774
26899.000	4	9783
26900.000	0	9780
26901.000	6	9786
26902.000	-8	9774
26903.000	4	9784
26904.000	-1	9780
26905.000	-1	9779
26906.000	-2	9778
26907.000	6	9786
26908.000	-7	9774
26909.000	4	9783
26910.000	0	9780
26911.000	5	9785
26912.000	-1	9781
26913.000	3	9785
26914.000	-2	9781
26915.000	3	9785
26916.000	3	9786
26917.000	9	9793
26918.000	-4	9782
26919.000	-8	9777
26920.000	1	9784
26921.000	2	9785
26922.000	3	9787
26923.000	1	9786
26924.000	1	9786
26925.000	-6	9779
26926.000	7	9790
26927.000	-4	9782
26928.000	6	9790
26929.000	1	9787
26930.000	-7	9779
26931.000	6	9790
26932.000	1	9787
26933.000	6	9792
26934.000	-7	9781
26935.000	-3	9783
26936.000	6	9791
26937.000	0	9787
26938.000	5	9792
26939.000	-2	9787
26940.000	-3	9785
26941.000	-2	9785
26942.000	11	9797
26943.000	-1	9789
26944.000	-4	9785
26945.000	-4	9784
26946.000	-3	9784
26947.000	5	9791
26948.000	-1	9787
26949.000	5	9792
26950.000	-2	9787
26951.000	3	9791
26952.000	-3	9786
26953.000	-4	9784
26954.000	-2	9785
26955.000	5	9791
26956.000	-8	9780
26957.000	-2	9784
26958.000	6	9791
26959.000	-6	9781
26960.000	6	9791
26961.000	0	9787
26962.000	5	9792
26963.000	-1	9787
26964.000	4	9792
26965.000	-9	9780
26966.000	-4	9782
26967.000	6	9791
26968.000	0	9787
26969.000	5	9792
26970.000	-2	9787
26971.000	-3	9785
26972.000	-2	9785
26973.000	-2	9784
26974.000	6	9792
26975.000	-1	9787
26976.000	5	9792
26977.000	-8	9781
26978.000	9	9795
26979.000	-1	9788
26980.000	-10	9779
26981.000	3	9789
26982.000	0	9787
26983.000	5	9792
26984.000	-1	9787
26985.000	3	9791
26986.000	4	9793
26987.000	-3	9787
26988.000	2	9791
26989.000	-10	9780
26990.000	2	9789
26991.000	-1	9786
26992.000	4	9791
26993.000	-1	9787
26994.000	-3	9785
26995.000	4	9791
26996.000	-2	9786
26997.000	4	9792
26998.000	-2	9787
26999.000	3	9791
27000.000	-3	9786
27001.000	3	9791
27002.000	-3	9786
27003.000	-3	9785
27004.000	3	9790
27005.000	-2	9786
27006.000	4	9792
27007.000	-8	9781
27008.000	3	9789
27009.000	-1	9786
27010.000	5	9792
27011.000	-2	9787
27012.000	3	9791
27013.000	-2	9787
27014.000	3	9791
27015.000	-3	9786
27016.000	-4	9784
27017.000	4	9791
27018.000	-8	9780
27019.000	4	9790
27020.000	-1	9786
27021.000	5	9792
27022.000	-1	9787
27023.000	4	9792
27024.000	-3	9786
27025.000	3	9791
27026.000	-2	9787
27027.000	2	9791
27028.000	-3	9786
27029.000	-4	9784
27030.000	-2	9785
27031.000	-2	9784
27032.000	-1	9785
27033.000	-6	9780
27034.000	6	9790
27035.000	2	9788
27036.000	6	9792
27037.000	-7	9781
27038.000	4	9790
27039.000	0	9787
27040.000	-8	9779
27041.000	5	9790
27042.000	1	9787
27043.000	5	9791
27044.000	-7	9781
27045.000	4	9790
27046.000	-7	9780
27047.000	-7	9778
27048.000	6	9789
27049.000	-3	9782
27050.000	7	9791
27051.000	-5	9781
27052.000	6	9790
27053.000	2	9788
27054.000	5	9792
27055.000	-8	9780
27056.000	4	9790
27057.000	-7	9780
27058.000	-1	9784
27059.000	7	9792
27060.000	-6	9781
27061.000	6	9791
27062.000	0	9787
27063.000	5	9792
27064.000	-7	9781
27065.000	3	9789
27066.000	0	9787
27067.000	5	9792
27068.000	-2	9787
27069.000	3	9791
27070.000	-2	9787
27071.000	3	9791
27072.000	-3	9786
27073.000	-3	9785
27074.000	3	9790
27075.000	-1	9787
27076.000	-3	9785
27077.000	4	9791
27078.000	-2	9786
27079.000	-3	9785
27080.000	-2	9785
27081.000	-1	9785
27082.000	-1	9785
27083.000	6	9792
27084.000	-6	9781
27085.000	11	9797
27086.000	0	9789
27087.000	3	9792
27088.000	-10	9780
27089.000	2	9789
27090.000	6	9793
27091.000	-2	9787
27092.000	3	9792
27093.000	-10	9779
27094.000	9	9795
27095.000	-1	9788
27096.000	3	9792
27097.000	3	9793
27098.000	-4	9787
27099.000	1	9790
27100.000	-10	9780
27101.000	2	9789
27102.000	11	9798
27103.000	-1	9790
27104.000	1	9791
27105.000	-11	9780
27106.000	7	9794
27107.000	5	9794
27108.000	-4	9787
27109.000	1	9791
27110.000	-4	9786
27111.000	2	9791
27112.000	3	9792
27113.000	2	9792
27114.000	2	9793
27115.000	1	9793
27116.000	-6	9786
27117.000	0	9790
27118.000	-5	9785
27119.000	2	9791
27120.000	3	9792
27121.000	-10	9780
27122.000	2	9789
27123.000	5	9793
27124.000	-2	9787
27125.000	3	9792
27126.000	-3	9786
27127.000	2	9791
27128.000	-3	9786
27129.000	3	9791
27130.000	3	9792
27131.000	-3	9787
27132.000	2	9791
27133.000	-4	9786
27134.000	2	9791
27135.000	-3	9786
27136.000	3	9791
27137.000	-3	9786
27138.000	3	9791
27139.000	-3	9786
27140.000	3	9791
27141.000	-9	9780
27142.000	3	9789
27143.000	-1	9786
27144.000	4	9791
27145.000	-1	9787
27146.000	3	9791
27147.000	-2	9787
27148.000	3	9791
27149.000	-3	9786
27150.000	9	9797
27151.000	-2	9789
27152.000	1	9791
27153.000	-5	9786
27154.000	1	9790
27155.000	3	9792
27156.000	-4	9786
27157.000	2	9791
27158.000	-4	9786
27159.000	9	9798
27160.000	-4	9787
27161.000	8	9798
27162.000	-5	9787
27163.000	6	9797
27164.000	-6	9787
27165.000	6	9797
27166.000	7	9800
27167.000	-7	9788
27168.000	3	9796
27169.000	0	9794
27170.000	4	9798
27171.000	-8	9787
27172.000	4	9796
27173.000	-7	9787
27174.000	4	9796
27175.000	-6	9787
27176.000	-1	9790
27177.000	-5	9786
27178.000	1	9790
27179.000	-3	9786
27180.000	2	9791
27181.000	-3	9786
27182.000	3	9791
27183.000	-3	9786
27184.000	3	9791
27185.000	-3	9786
27186.000	3	9791
27187.000	-3	9786
27188.000	-4	9784
27189.000	-2	9785
27190.000	-2	9784
27191.000	-1	9785
27192.000	0	9786
27193.000	0	9786
27194.000	6	9792
27195.000	0	9787
27196.000	5	9792
27197.000	-8	9781
27198.000	3	9789
27199.000	-1	9786
27200.000	4	9791
27201.000	-8	9780
27202.000	4	9790
27203.000	6	9793
27204.000	-1	9788
27205.000	3	9792
27206.000	-3	9786
27207.000	2	9791
27208.000	-3	9786
27209.000	3	9791
27210.000	3	9792
27211.000	-3	9787
27212.000	8	9797
27213.000	-4	9788
27214.000	1	9791
27215.000	-5	9786
27216.000	8	9797
27217.000	2	9794
27218.000	-6	9786
27219.000	0	9790
27220.000	8	9798
27221.000	-5	9788
27222.000	-1	9790
27223.000	-5	9786
27224.000	1	9790
27225.000	-4	9786
27226.000	2	9791
27227.000	3	9792
27228.000	-10	9780
27229.000	2	9789
27230.000	-2	9786
27231.000	5	9792
27232.000	-2	9787
27233.000	4	9792
27234.000	-3	9786
27235.000	3	9791
27236.000	10	9799
27237.000	-4	9788
27238.000	7	9798
27239.000	-6	9787
27240.000	-1	9790
27241.000	-6	9785
27242.000	1	9790
27243.000	3	9792
27244.000	2	9792
27245.000	8	9799
27246.000	-5	9788
27247.000	-1	9791
27248.000	-7	9785
27249.000	7	9796
27250.000	-4	9788
27251.000	7	9797
27252.000	-5	9787
27253.000	-1	9790
27254.000	1	9792
27255.000	2	9793
27256.000	0	9792
27257.000	7	9799
27258.000	-6	9788
27259.000	5	9797
27260.000	-6	9787
27261.000	5	9797
27262.000	6	9799
27263.000	-7	9788
27264.000	3	9796
27265.000	-7	9787
27266.000	5	9797
27267.000	-6	9787
27268.000	5	9796
27269.000	0	9793
27270.000	0	9793
27271.000	5	9798
27272.000	-7	9787
27273.000	4	9796
27274.000	0	9793
27275.000	5	9798
27276.000	-2	9793
27277.000	4	9798
27278.000	4	9799
27279.000	3	9800
27280.000	-5	9793
27281.000	1	9797
27282.000	2	9798
27283.000	2	9799
27284.000	-5	9793
27285.000	1	9797
27286.000	2	9798
27287.000	-4	9793
27288.000	7	9803
27289.000	-3	9795
27290.000	0	9797
27291.000	-5	9792
27292.000	8	9803
27293.000	-4	9794
27294.000	1	9798
27295.000	8	9805
27296.000	-5	9794
27297.000	-1	9797
27298.000	0	9798
27299.000	7	9805
27300.000	-5	9795
27301.000	-2	9796
27302.000	-6	9792
27303.000	7	9803
27304.000	9	9807
27305.000	-6	9795
27306.000	5	9804
27307.000	-7	9793
27308.000	4	9802
27309.000	-6	9793
27310.000	5	9803
27311.000	8	9807
27312.000	-1	9800
27313.000	-3	9798
27314.000	-3	9797
27315.000	-2	9797
27316.000	-1	9798
27317.000	0	9798
27318.000	-7	9791
27319.000	6	9802
27320.000	2	9800
27321.000	-12	9787
27322.000	6	9801
27323.000	-4	9793
27324.000	2	9798
27325.000	2	9798
27326.000	-4	9793
27327.000	1	9797
27328.000	-4	9792
27329.000	3	9798
27330.000	3	9799
27331.000	-10	9787
27332.000	2	9796
27333.000	-8	9786
27334.000	4	9796
27335.000	12	9805
27336.000	-1	9796
27337.000	2	9798
27338.000	-4	9793
27339.000	1	9797
27340.000	3	9799
27341.000	-5	9792
27342.000	2	9797
27343.000	9	9805
27344.000	-4	9795
27345.000	0	9798
27346.000	-6	9792
27347.000	7	9803
27348.000	3	9801
27349.000	0	9799
27350.000	0	9799
27351.000	-1	9798
27352.000	0	9798
27353.000	0	9798
27354.000	-1	9797
27355.000	-6	9792
27356.000	0	9796
27357.000	2	9798
27358.000	-4	9793
27359.000	7	9803
27360.000	-4	9794
27361.000	1	9798
27362.000	2	9799
27363.000	-5	9793
27364.000	7	9803
27365.000	2	9800
27366.000	0	9799
27367.000	0	9799
27368.000	6	9805
27369.000	-7	9794
27370.000	-2	9796
27371.000	-7	9791
27372.000	7	9803
27373.000	3	9801
27374.000	0	9799
27375.000	0	9799
27376.000	6	9805
27377.000	-1	9800
27378.000	-2	9798
27379.000	4	9804
27380.000	-7	9794
27381.000	3	9802
27382.000	0	9800
27383.000	-1	9799
27384.000	-2	9797
27385.000	0	9799
27386.000	-1	9798
27387.000	0	9798
27388.000	-1	9797
27389.000	7	9805
27390.000	-6	9794
27391.000	4	9802
27392.000	6	9806
27393.000	-8	9793
27394.000	4	9803
27395.000	-1	9799
27396.000	-2	9798
27397.000	-2	9797
27398.000	-1	9798
27399.000	6	9804
27400.000	0	9800
27401.000	-2	9798
27402.000	-2	9798
27403.000	5	9804
27404.000	6	9807
27405.000	-2	9800
27406.000	-4	9798
27407.000	-4	9797
27408.000	4	9803
27409.000	-1	9800
27410.000	-8	9792
27411.000	4	9802
27412.000	1	9800
27413.000	-8	9791
27414.000	6	9803
27415.000	1	9800
27416.000	-7	9792
27417.000	0	9797
27418.000	-5	9792
27419.000	7	9802
27420.000	3	9801
27421.000	-5	9793
27422.000	-1	9796
27423.000	2	9799
27424.000	1	9798
27425.000	8	9806
27426.000	-6	9794
27427.000	5	9803
27428.000	0	9800
27429.000	-8	9792
27430.000	-1	9796
27431.000	8	9805
27432.000	-5	9794
27433.000	5	9803
27434.000	1	9800
27435.000	-8	9792
27436.000	-1	9796
27437.000	7	9804
27438.000	-5	9794
27439.000	-1	9797
27440.000	1	9798
27441.000	-12	9786
27442.000	1	9795
27443.000	5	9799
27444.000	-3	9793
27445.000	-3	9792
27446.000	3	9797
27447.000	-8	9787
27448.000	3	9795
27449.000	-1	9792
27450.000	-1	9792
27451.000	5	9798
27452.000	-1	9793
27453.000	-2	9792
27454.000	-2	9791
27455.000	5	9798
27456.000	-1	9793
27457.000	-2	9792
27458.000	-2	9791
27459.000	5	9798
27460.000	-1	9793
27461.000	-2	9792
27462.000	-2	9791
27463.000	-2	9791
27464.000	6	9798
27465.000	6	9800
27466.000	-8	9788
27467.000	-4	9789
27468.000	5	9797
27469.000	-7	9787
27470.000	-2	9790
27471.000	1	9792
27472.000	-6	9785
27473.000	1	9790
27474.000	2	9792
27475.000	3	9793
27476.000	-12	9779
27477.000	1	9789
27478.000	4	9792
27479.000	-2	9787
27480.000	3	9792
27481.000	-10	9779
27482.000	-4	9782
27483.000	6	9791
27484.000	-6	9781
27485.000	-2	9783
27486.000	0	9785
27487.000	-5	9780
27488.000	1	9784
27489.000	8	9791
27490.000	3	9789
27491.000	-13	9774
27492.000	-2	9781
27493.000	9	9791
27494.000	-3	9782
27495.000	1	9785
27496.000	7	9791
27497.000	8	9794
27498.000	-7	9782
27499.000	3	9790
27500.000	-1	9787
27501.000	-2	9785
27502.000	-2	9785
27503.000	5	9791
27504.000	-7	9781
27505.000	4	9790
27506.000	0	9787
27507.000	-1	9786
27508.000	-8	9778
27509.000	6	9790
27510.000	1	9787
27511.000	6	9792
27512.000	0	9788
27513.000	-3	9785
27514.000	4	9791
27515.000	-1	9787
27516.000	-3	9785
27517.000	4	9791
27518.000	-8	9780
27519.000	4	9790
27520.000	-1	9786
27521.000	5	9792
27522.000	-7	9781
27523.000	3	9789
27524.000	6	9793
27525.000	-2	9787
27526.000	-3	9785
27527.000	4	9791
27528.000	-2	9787
27529.000	-3	9785
27530.000	-2	9785
27531.000	4	9790
27532.000	-1	9787
27533.000	-8	9779
27534.000	-2	9783
27535.000	7	9791
27536.000	1	9787
27537.000	-1	9786
27538.000	-7	9779
27539.000	-1	9783
27540.000	7	9791
27541.000	2	9788
27542.000	-1	9786
27543.000	-8	9778
27544.000	-1	9783
27545.000	2	9786
27546.000	2	9786
27547.000	-5	9780
27548.000	0	9783
27549.000	8	9791
27550.000	9	9795
27551.000	-7	9782
27552.000	-3	9783
27553.000	6	9792
27554.000	0	9787
27555.000	-2	9785
27556.000	4	9791
27557.000	6	9794
27558.000	3	9793
27559.000	-10	9781
27560.000	1	9789
27561.000	4	9792
27562.000	4	9793
27563.000	-3	9787
27564.000	2	9791
27565.000	2	9792
27566.000	-5	9786
27567.000	2	9791
27568.000	9	9799
27569.000	-4	9788
27570.000	-1	9790
27571.000	-6	9785
27572.000	1	9790
27573.000	3	9792
27574.000	-4	9786
27575.000	2	9791
27576.000	3	9793
27577.000	-5	9786
27578.000	-5	9784
27579.000	3	9791
27580.000	4	9793
27581.000	-3	9787
27582.000	2	9791
27583.000	3	9792
27584.000	3	9793
27585.000	-5	9786
27586.000	1	9791
27587.000	2	9792
27588.000	2	9793
27589.000	-12	9779
27590.000	7	9795
27591.000	5	9795
27592.000	-5	9786
27593.000	1	9791
27594.000	2	9792
27595.000	2	9793
27596.000	1	9792
27597.000	7	9799
27598.000	1	9795
27599.000	-2	9792
27600.000	-2	9791
27601.000	5	9798
27602.000	5	9799
27603.000	-8	9788
27604.000	-4	9789
27605.000	-2	9790
27606.000	-6	9786
27607.000	6	9796
27608.000	3	9795
27609.000	-6	9786
27610.000	-1	9790
27611.000	1	9791
27612.000	2	9793
27613.000	-5	9786
27614.000	-6	9784
27615.000	8	9796
27616.000	-2	9788
27617.000	2	9792
27618.000	2	9792
27619.000	-12	9779
27620.000	1	9788
27621.000	11	9799
27622.000	5	9796
27623.000	-6	9786
27624.000	6	9797
27625.000	1	9793
27626.000	-7	9786
27627.000	6	9797
27628.000	8	9800
27629.000	-7	9788
27630.000	3	9796
27631.000	0	9794
27632.000	4	9798
27633.000	-8	9787
27634.000	-3	9789
27635.000	6	9798
27636.000	-6	9787
27637.000	-1	9791
27638.000	6	9797
27639.000	1	9794
27640.000	-7	9786
27641.000	-2	9789
27642.000	1	9792
27643.000	7	9798
27644.000	-5	9788
27645.000	-1	9791
27646.000	7	9798
27647.000	-6	9787
27648.000	5	9797
27649.000	0	9793
27650.000	5	9798
27651.000	-7	9788
27652.000	-3	9789
27653.000	6	9798
27654.000	-6	9787
27655.000	5	9797
27656.000	0	9793
27657.000	6	9799
27658.000	-2	9793
27659.000	-3	9791
27660.000	5	9798
27661.000	-2	9793
27662.000	-3	9791
27663.000	4	9797
27664.000	5	9800
27665.000	-9	9787
27666.000	2	9795
27667.000	-1	9793
27668.000	4	9798
27669.000	-8	9787
27670.000	4	9796
27671.000	5	9799
27672.000	-7	9788
27673.000	3	9796
27674.000	-2	9792
27675.000	5	9798
27676.000	-8	9787
27677.000	4	9796
27678.000	-1	9793
27679.000	5	9798
27680.000	-8	9787
27681.000	-3	9789
27682.000	-1	9791
27683.000	1	9792
27684.000	-6	9786
27685.000	7	9797
27686.000	2	9794
27687.000	0	9792
27688.000	0	9792
27689.000	-1	9791
27690.000	0	9792
27691.000	6	9798
27692.000	-7	9787
27693.000	-2	9790
27694.000	0	9791
27695.000	1	9792
27696.000	1	9793
27697.000	6	9798
27698.000	7	9801
27699.000	-2	9794
27700.000	-4	9791
27701.000	4	9798
27702.000	-3	9792
27703.000	-3	9791
27704.000	4	9797
27705.000	-8	9787
27706.000	4	9796
27707.000	6	9799
27708.000	-1	9794
27709.000	3	9798
27710.000	-3	9793
27711.000	3	9798
27712.000	3	9799
27713.000	-10	9787
27714.000	2	9796
27715.000	-2	9792
27716.000	-2	9792
27717.000	-2	9791
27718.000	5	9797
27719.000	-13	9781
27720.000	4	9794
27721.000	2	9793
27722.000	-6	9786
27723.000	0	9790
27724.000	2	9792
27725.000	-4	9787
27726.000	-5	9784
27727.000	2	9790
27728.000	4	9793
27729.000	-3	9787
27730.000	2	9791
27731.000	-3	9786
27732.000	-4	9785
27733.000	-3	9784
27734.000	5	9791
27735.000	-1	9787
27736.000	-9	9779
27737.000	4	9789
27738.000	-6	9780
27739.000	0	9784
27740.000	1	9785
27741.000	-6	9779
27742.000	1	9784
27743.000	3	9786
27744.000	-4	9780
27745.000	1	9784
27746.000	3	9786
27747.000	2	9786
27748.000	-5	9780
27749.000	1	9784
27750.000	9	9792
27751.000	2	9788
27752.000	-13	9774
27753.000	5	9788
27754.000	3	9787
27755.000	-6	9779
27756.000	-6	9777
27757.000	2	9784
27758.000	-2	9780
27759.000	3	9785
27760.000	4	9787
27761.000	3	9787
27762.000	-5	9780
27763.000	1	9784
27764.000	3	9786
27765.000	-5	9779
27766.000	1	9784
27767.000	3	9786
27768.000	2	9786
27769.000	-4	9781
27770.000	0	9783
27771.000	2	9785
27772.000	-4	9780
27773.000	2	9785
27774.000	2	9785
27775.000	-4	9780
27776.000	8	9791
27777.000	2	9787
27778.000	1	9787
27779.000	-1	9785
27780.000	0	9786
27781.000	-7	9779
27782.000	0	9784
27783.000	8	9792
27784.000	-11	9775
27785.000	5	9788
27786.000	3	9787
27787.000	-5	9780
27788.000	0	9784
27789.000	2	9786
27790.000	1	9785
27791.000	2	9787
27792.000	1	9786
27793.000	6	9792
27794.000	-6	9781
27795.000	4	9790
27796.000	0	9787
27797.000	-7	9780
27798.000	5	9790
27799.000	7	9793
27800.000	-7	9781
27801.000	4	9790
27802.000	-1	9786
27803.000	-2	9785
27804.000	5	9791
27805.000	6	9794
27806.000	-9	9781
27807.000	-4	9783
27808.000	4	9790
27809.000	0	9787
27810.000	-1	9786
27811.000	5	9792
27812.000	-8	9780
27813.000	-3	9783
27814.000	6	9791
27815.000	-6	9781
27816.000	-1	9784
27817.000	1	9786
27818.000	-6	9779
27819.000	1	9784
27820.000	2	9785
27821.000	9	9793
27822.000	-5	9782
27823.000	-2	9783
27824.000	1	9786
27825.000	-6	9779
27826.000	1	9784
27827.000	2	9785
27828.000	-4	9780
27829.000	1	9784
27830.000	9	9792
27831.000	-4	9782
27832.000	0	9785
27833.000	1	9786
27834.000	0	9785
27835.000	-5	9780
27836.000	0	9783
27837.000	9	9792
27838.000	-5	9781
27839.000	0	9785
27840.000	1	9786
27841.000	1	9786
27842.000	-6	9779
27843.000	6	9789
27844.000	2	9787
27845.000	1	9787
27846.000	-7	9779
27847.000	-1	9783
27848.000	-5	9779
27849.000	-4	9778
27850.000	3	9784
27851.000	4	9786
27852.000	4	9787
27853.000	-4	9780
27854.000	-5	9778
27855.000	9	9791
27856.000	-3	9781
27857.000	1	9784
27858.000	2	9786
27859.000	-5	9779
27860.000	2	9785
27861.000	2	9785
27862.000	-4	9780
27863.000	1	9784
27864.000	3	9786
27865.000	3	9787
27866.000	-5	9780
27867.000	-6	9777
27868.000	8	9790
27869.000	-9	9775
27870.000	8	9789
27871.000	4	9788
27872.000	-11	9774
27873.000	1	9783
27874.000	4	9786
27875.000	3	9786
27876.000	-10	9774
27877.000	1	9782
27878.000	5	9786
27879.000	-9	9774
27880.000	9	9789
27881.000	-7	9776
27882.000	2	9783
27883.000	-1	9780
27884.000	4	9785
27885.000	4	9786
27886.000	4	9787
27887.000	2	9787
27888.000	-6	9779
27889.000	7	9790
27890.000	2	9788
27891.000	-6	9780
27892.000	-1	9783
27893.000	-5	9779
27894.000	8	9791
27895.000	2	9787
27896.000	-5	9781
27897.000	6	9790
27898.000	-5	9781
27899.000	0	9784
27900.000	1	9785
27901.000	-5	9780
27902.000	1	9784
27903.000	-4	9779
27904.000	8	9790
27905.000	-10	9775
27906.000	1	9783
27907.000	-2	9780
27908.000	3	9784
27909.000	11	9793
27910.000	-3	9783
27911.000	0	9785
27912.000	1	9786
27913.000	1	9786
27914.000	-6	9779
27915.000	6	9789
27916.000	9	9794
27917.000	-6	9782
27918.000	4	9790
27919.000	-7	9780
27920.000	4	9789
27921.000	-6	9780
27922.000	-1	9784
27923.000	7	9791
27924.000	-5	9781
27925.000	-1	9784
27926.000	-6	9779
27927.000	1	9784
27928.000	3	9786
27929.000	-4	9780
27930.000	1	9784
27931.000	3	9786
27932.000	-4	9780
27933.000	1	9784
27934.000	-3	9780
27935.000	2	9784
27936.000	-3	9780
27937.000	3	9785
27938.000	-3	9780
27939.000	9	9791
27940.000	3	9788
27941.000	-5	9781
27942.000	6	9790
27943.000	-5	9781
27944.000	6	9790
27945.000	-5	9781
27946.000	6	9791
27947.000	-6	9780
27948.000	6	9791
27949.000	1	9787
27950.000	-1	9786
27951.000	5	9791
27952.000	-8	9780
27953.000	-2	9784
27954.000	-6	9779
27955.000	0	9783
27956.000	-4	9779
27957.000	3	9785
27958.000	-3	9780
27959.000	2	9784
27960.000	-2	9781
27961.000	3	9785
27962.000	3	9786
27963.000	-3	9781
27964.000	1	9784
27965.000	-10	9773
27966.000	3	9783
27967.000	-2	9779
27968.000	5	9785
27969.000	-1	9781
27970.000	3	9785
27971.000	-2	9781
27972.000	3	9785
27973.000	10	9793
27974.000	-11	9775
27975.000	6	9789
27976.000	-3	9781
27977.000	1	9784
27978.000	-4	9780
27979.000	2	9785
27980.000	-4	9779
27981.000	3	9785
27982.000	3	9786
27983.000	-10	9774
27984.000	2	9783
27985.000	4	9785
27986.000	-2	9781
27987.000	3	9785
27988.000	-3	9780
27989.000	3	9785
27990.000	-3	9780
27991.000	3	9785
27992.000	3	9786
27993.000	-3	9781
27994.000	2	9785
27995.000	-4	9779
27996.000	2	9784
27997.000	-3	9780
27998.000	2	9784
27999.000	4	9787
28000.000	3	9787
28001.000	-5	9780
28002.000	8	9791
28003.000	-4	9782
28004.000	6	9790
28005.000	-5	9781
28006.000	6	9791
28007.000	-6	9780
28008.000	5	9790
28009.000	1	9787
28010.000	-7	9779
28011.000	6	9790
28012.000	-12	9774
28013.000	0	9783
28014.000	-4	9779
28015.000	3	9784
28016.000	-2	9780
28017.000	3	9785
28018.000	4	9787
28019.000	-4	9780
28020.000	2	9785
28021.000	3	9786
28022.000	3	9787
28023.000	1	9786
28024.000	-6	9779
28025.000	0	9783
28026.000	-4	9779
28027.000	8	9790
28028.000	-3	9782
28029.000	8	9792
28030.000	1	9787
28031.000	0	9786
28032.000	-1	9785
28033.000	-1	9785
28034.000	-7	9779
28035.000	6	9790
28036.000	-5	9781
28037.000	0	9784
28038.000	-5	9779
28039.000	8	9791
28040.000	-3	9782
28041.000	0	9784
28042.000	-5	9779
28043.000	2	9785
28044.000	-4	9779
28045.000	3	9785
28046.000	-3	9780
28047.000	9	9791
28048.000	-9	9776
28049.000	7	9789
28050.000	-3	9781
28051.000	2	9785
28052.000	-4	9780
28053.000	8	9791
28054.000	-4	9781
28055.000	1	9785
28056.000	2	9786
28057.000	1	9786
28058.000	1	9786
28059.000	1	9786
28060.000	0	9786
28061.000	-6	9780
28062.000	6	9790
28063.000	2	9788
28064.000	6	9792
28065.000	-7	9781
28066.000	4	9790
28067.000	-7	9780
28068.000	5	9790
28069.000	1	9787
28070.000	5	9792
28071.000	-1	9787
28072.000	4	9792
28073.000	-9	9780
28074.000	-4	9782
28075.000	6	9791
28076.000	6	9793
28077.000	5	9794
28078.000	-3	9787
28079.000	1	9790
28080.000	-4	9786
28081.000	3	9792
28082.000	9	9798
28083.000	-4	9788
28084.000	0	9791
28085.000	-5	9786
28086.000	7	9796
28087.000	-4	9788
28088.000	0	9790
28089.000	-11	9779
28090.000	2	9789
28091.000	-2	9786
28092.000	4	9791
28093.000	-1	9787
28094.000	4	9792
28095.000	-3	9786
28096.000	3	9791
28097.000	-3	9786
28098.000	3	9791
28099.000	-3	9786
28100.000	3	9791
28101.000	-3	9786
28102.000	3	9791
28103.000	-3	9786
28104.000	9	9797
28105.000	-2	9789
28106.000	1	9791
28107.000	-5	9786
28108.000	1	9790
28109.000	3	9792
28110.000	-4	9786
28111.000	1	9790
28112.000	-3	9786
28113.000	2	9791
28114.000	4	9793
28115.000	2	9792
28116.000	2	9793
28117.000	-6	9786
28118.000	1	9791
28119.000	-4	9786
28120.000	8	9797
28121.000	3	9794
28122.000	1	9793
28123.000	6	9798
28124.000	-7	9787
28125.000	-3	9789
28126.000	-6	9785
28127.000	7	9796
28128.000	2	9794
28129.000	-12	9780
28130.000	0	9789
28131.000	-3	9786
28132.000	3	9791
28133.000	4	9793
28134.000	-9	9781
28135.000	2	9789
28136.000	-8	9780
28137.000	4	9789
28138.000	1	9787
28139.000	-1	9786
28140.000	-2	9784
28141.000	6	9792
28142.000	6	9794
28143.000	-2	9787
28144.000	2	9791
28145.000	-9	9780
28146.000	2	9789
28147.000	-1	9786
28148.000	-2	9785
28149.000	-1	9785
28150.000	-1	9785
28151.000	5	9791
28152.000	-6	9781
28153.000	-2	9784
28154.000	-7	9778
28155.000	1	9784
28156.000	3	9786
28157.000	2	9786
28158.000	-5	9780
28159.000	1	9784
28160.000	2	9785
28161.000	-4	9780
28162.000	1	9784
28163.000	3	9786
28164.000	-4	9780
28165.000	2	9785
28166.000	9	9792
28167.000	-5	9781
28168.000	0	9785
28169.000	0	9785
28170.000	-5	9780
28171.000	7	9790
28172.000	2	9787
28173.000	-6	9780
28174.000	0	9784
28175.000	1	9785
28176.000	2	9786
28177.000	-5	9780
28178.000	0	9783
28179.000	2	9785
28180.000	-4	9780
28181.000	-5	9778
28182.000	3	9784
28183.000	4	9786
28184.000	-3	9780
28185.000	2	9785
28186.000	3	9786
28187.000	-4	9780
28188.000	-5	9778
28189.000	2	9783
28190.000	4	9786
28191.000	-2	9781
28192.000	2	9785
28193.000	-3	9780
28194.000	8	9790
28195.000	4	9789
28196.000	0	9786
28197.000	-6	9780
28198.000	-1	9783
28199.000	8	9792
28200.000	-4	9782
28201.000	-1	9784
28202.000	1	9786
28203.000	-6	9779
28204.000	1	9784
28205.000	8	9791
28206.000	3	9789
28207.000	-14	9773
28208.000	-1	9782
28209.000	3	9785
28210.000	-3	9780
28211.000	2	9784
28212.000	4	9787
28213.000	-4	9780
28214.000	1	9784
28215.000	3	9786
28216.000	-10	9774
28217.000	1	9782
28218.000	5	9786
28219.000	-9	9774
28220.000	3	9783
28221.000	-1	9780
28222.000	4	9785
28223.000	-8	9774
28224.000	4	9784
28225.000	6	9787
28226.000	-8	9775
28227.000	-4	9776
28228.000	6	9785
28229.000	0	9781
28230.000	-8	9773
28231.000	-2	9776
28232.000	7	9785
28233.000	8	9788
28234.000	-1	9781
28235.000	-3	9779
28236.000	4	9785
28237.000	-2	9780
28238.000	3	9785
28239.000	4	9787
28240.000	3	9787
28241.000	-5	9780
28242.000	1	9784
28243.000	2	9785
28244.000	3	9787
28245.000	-5	9780
28246.000	7	9790
28247.000	2	9788
28248.000	0	9786
28249.000	5	9791
28250.000	0	9788
28251.000	-2	9786
28252.000	4	9791
28253.000	5	9793
28254.000	-9	9781
28255.000	2	9789
28256.000	-2	9786
28257.000	5	9792
28258.000	4	9793
28259.000	-3	9787
28260.000	3	9792
28261.000	3	9793
28262.000	-5	9786
28263.000	2	9791
28264.000	-4	9786
28265.000	2	9791
28266.000	10	9799
28267.000	3	9795
28268.000	-7	9786
28269.000	-1	9790
28270.000	1	9792
28271.000	8	9799
28272.000	1	9794
28273.000	-8	9786
28274.000	-2	9789
28275.000	1	9792
28276.000	-5	9786
28277.000	1	9790
28278.000	8	9798
28279.000	3	9795
28280.000	-13	9780
28281.000	-2	9787
28282.000	3	9792
28283.000	4	9793
28284.000	2	9793
28285.000	-5	9786
28286.000	1	9791
28287.000	2	9792
28288.000	-11	9780
28289.000	1	9788
28290.000	11	9799
28291.000	4	9795
28292.000	-5	9787
28293.000	0	9791
28294.000	1	9792
28295.000	-12	9779
28296.000	1	9788
28297.000	5	9793
28298.000	-2	9787
28299.000	3	9792
28300.000	3	9792
28301.000	-4	9786
28302.000	2	9791
28303.000	-4	9786
28304.000	-4	9785
28305.000	3	9790
28306.000	5	9793
28307.000	-9	9781
28308.000	2	9789
28309.000	-2	9786
28310.000	-2	9785
28311.000	5	9791
28312.000	5	9793
28313.000	4	9793
28314.000	-3	9788
28315.000	-6	9784
28316.000	-4	9784
28317.000	4	9791
28318.000	5	9793
28319.000	-9	9780
28320.000	3	9790
28321.000	-1	9787
28322.000	-2	9785
28323.000	-2	9785
28324.000	5	9791
28325.000	-1	9787
28326.000	-2	9785
28327.000	-2	9785
28328.000	6	9792
28329.000	-1	9787
28330.000	-9	9779
28331.000	4	9789
28332.000	1	9787
28333.000	6	9792
28334.000	-1	9787
28335.000	-3	9785
28336.000	-2	9785
28337.000	-2	9784
28338.000	6	9792
28339.000	-7	9781
28340.000	4	9790
28341.000	0	9787
28342.000	5	9792
28343.000	5	9793
28344.000	-9	9781
28345.000	2	9789
28346.000	5	9793
28347.000	-2	9787
28348.000	3	9792
28349.000	-3	9786
28350.000	-4	9785
28351.000	-3	9784
28352.000	5	9791
28353.000	5	9793
28354.000	-2	9787
28355.000	-5	9784
28356.000	10	9797
28357.000	5	9795
28358.000	1	9793
28359.000	0	9792
28360.000	-13	9779
28361.000	0	9788
28362.000	4	9792
28363.000	3	9792
28364.000	-4	9786
28365.000	2	9791
28366.000	3	9793
28367.000	2	9793
28368.000	-5	9786
28369.000	1	9791
28370.000	8	9798
28371.000	2	9794
28372.000	-1	9792
28373.000	-1	9792
28374.000	-7	9785
28375.000	0	9790
28376.000	7	9797
28377.000	2	9794
28378.000	-1	9792
28379.000	-7	9786
28380.000	-7	9784
28381.000	1	9790
28382.000	-3	9786
28383.000	3	9791
28384.000	4	9793
28385.000	9	9799
28386.000	-10	9783
28387.000	-1	9789
28388.000	2	9791
28389.000	2	9792
28390.000	-4	9787
28391.000	1	9790
28392.000	-4	9786
28393.000	2	9791
28394.000	4	9793
28395.000	-4	9786
28396.000	8	9797
28397.000	3	9795
28398.000	0	9792
28399.000	0	9792
28400.000	-1	9791
28401.000	6	9798
28402.000	-7	9787
28403.000	5	9797
28404.000	0	9793
28405.000	-8	9785
28406.000	5	9796
28407.000	1	9793
28408.000	-7	9786
28409.000	-1	9790
28410.000	1	9791
28411.000	2	9793
28412.000	-5	9786
28413.000	0	9790
28414.000	3	9793
28415.000	-5	9786
28416.000	2	9791
28417.000	2	9792
28418.000	-4	9786
28419.000	2	9791
28420.000	3	9793
28421.000	8	9799
28422.000	-5	9788
28423.000	-1	9791
28424.000	0	9791
28425.000	-5	9786
28426.000	0	9790
28427.000	2	9792
28428.000	3	9793
28429.000	-5	9786
28430.000	1	9791
28431.000	2	9792
28432.000	-11	9780
28433.000	1	9788
28434.000	4	9792
28435.000	-2	9787
28436.000	-3	9785
28437.000	4	9791
28438.000	-2	9787
28439.000	-3	9785
28440.000	4	9791
28441.000	-8	9780
28442.000	4	9790
28443.000	6	9793
28444.000	-2	9787
28445.000	-3	9785
28446.000	-3	9784
28447.000	5	9791
28448.000	-8	9780
28449.000	4	9790
28450.000	0	9787
28451.000	5	9792
28452.000	-7	9781
28453.000	4	9790
28454.000	-1	9786
28455.000	-8	9779
28456.000	4	9789
28457.000	2	9788
28458.000	-1	9785
28459.000	-1	9785
28460.000	0	9786
28461.000	-7	9779
28462.000	6	9790
28463.000	2	9788
28464.000	-7	9779
28465.000	0	9784
28466.000	7	9791
28467.000	-5	9781
28468.000	0	9785
28469.000	7	9792
28470.000	1	9788
28471.000	-8	9779
28472.000	-1	9784
28473.000	1	9785
28474.000	1	9786
28475.000	-6	9779
28476.000	7	9790
28477.000	3	9788
28478.000	-6	9780
28479.000	-1	9783
28480.000	1	9785
28481.000	1	9785
28482.000	-5	9780
28483.000	1	9784
28484.000	3	9786
28485.000	-5	9779
28486.000	1	9784
28487.000	3	9786
28488.000	2	9786
28489.000	-5	9780
28490.000	-5	9778
28491.000	2	9784
28492.000	-2	9780
28493.000	3	9785
28494.000	-2	9781
28495.000	-4	9778
28496.000	-3	9778
28497.000	5	9785
28498.000	-7	9774
28499.000	4	9783
28500.000	0	9780
28501.000	-8	9772
28502.000	5	9783
28503.000	8	9788
28504.000	-7	9775
28505.000	-3	9777
28506.000	6	9785
28507.000	-6	9775
28508.000	-2	9777
28509.000	6	9784
28510.000	-5	9775
28511.000	5	9784
28512.000	7	9787
28513.000	-7	9775
28514.000	3	9783
28515.000	5	9786
28516.000	-8	9775
28517.000	3	9783
28518.000	5	9786
28519.000	-8	9775
28520.000	3	9783
28521.000	5	9786
28522.000	-8	9775
28523.000	3	9783
28524.000	5	9786
28525.000	5	9788
28526.000	-10	9774
28527.000	2	9783
28528.000	4	9786
28529.000	-3	9780
28530.000	10	9792
28531.000	3	9788
28532.000	1	9787
28533.000	-7	9779
28534.000	-1	9783
28535.000	8	9792
28536.000	-11	9775
28537.000	6	9789
28538.000	3	9788
28539.000	-6	9780
28540.000	0	9784
28541.000	8	9792
28542.000	-4	9782
28543.000	-8	9777
28544.000	1	9784
28545.000	3	9786
28546.000	-10	9774
28547.000	2	9783
28548.000	4	9785
28549.000	5	9788
28550.000	-4	9780
28551.000	2	9785
28552.000	-11	9772
28553.000	2	9782
28554.000	6	9787
28555.000	5	9788
28556.000	-4	9780
28557.000	1	9784
28558.000	3	9786
28559.000	3	9787
28560.000	-12	9773
28561.000	1	9782
28562.000	4	9786
28563.000	-3	9780
28564.000	-3	9779
28565.000	3	9784
28566.000	5	9787
28567.000	-9	9774
28568.000	-5	9776
28569.000	5	9784
28570.000	-7	9774
28571.000	-1	9778
28572.000	7	9785
28573.000	0	9780
28574.000	-7	9773
28575.000	-2	9776
28576.000	8	9786
28577.000	-5	9775
28578.000	5	9784
28579.000	7	9787
28580.000	-8	9774
28581.000	4	9784
28582.000	5	9786
28583.000	-8	9775
28584.000	3	9783
28585.000	5	9786
28586.000	-8	9775
28587.000	3	9783
28588.000	5	9786
28589.000	-2	9781
28590.000	-3	9779
28591.000	-3	9778
28592.000	5	9785
28593.000	-8	9774
28594.000	-2	9777
28595.000	6	9785
28596.000	1	9781
28597.000	-8	9773
28598.000	4	9782
28599.000	8	9788
28600.000	-7	9775
28601.000	3	9783
28602.000	0	9781
28603.000	4	9785
28604.000	-1	9781
28605.000	-3	9779
28606.000	4	9785
28607.000	5	9787
28608.000	-3	9780
28609.000	-5	9778
28610.000	4	9785
28611.000	4	9786
28612.000	-3	9780
28613.000	2	9785
28614.000	3	9786
28615.000	2	9786
28616.000	2	9787
28617.000	1	9786
28618.000	-6	9780
28619.000	6	9790
28620.000	2	9788
28621.000	0	9786
28622.000	5	9791
28623.000	0	9788
28624.000	4	9792
28625.000	-2	9787
28626.000	-10	9778
28627.000	4	9789
28628.000	6	9792
28629.000	0	9788
28630.000	3	9791
28631.000	-2	9787
28632.000	2	9791
28633.000	-3	9786
28634.000	-3	9785
28635.000	-9	9778
28636.000	-2	9783
28637.000	1	9785
28638.000	1	9785
28639.000	1	9786
28640.000	1	9786
28641.000	1	9786
28642.000	0	9786
28643.000	0	9786
28644.000	0	9786
28645.000	-7	9779
28646.000	-6	9777
28647.000	2	9784
28648.000	4	9786
28649.000	3	9786
28650.000	2	9786
28651.000	2	9787
28652.000	0	9786
28653.000	-13	9773
28654.000	0	9782
28655.000	4	9786
28656.000	-2	9781
28657.000	2	9784
28658.000	4	9787
28659.000	-11	9773
28660.000	2	9783
28661.000	-2	9779
28662.000	4	9785
28663.000	5	9787
28664.000	4	9787
28665.000	-5	9780
28666.000	1	9784
28667.000	-10	9773
28668.000	2	9782
28669.000	-1	9780
28670.000	4	9785
28671.000	-2	9780
28672.000	4	9785
28673.000	-9	9774
28674.000	-3	9777
28675.000	-1	9778
28676.000	0	9779
28677.000	1	9780
28678.000	0	9779
28679.000	0	9779
28680.000	0	9779
28681.000	1	9780
28682.000	-7	9772
28683.000	0	9777
28684.000	2	9779
28685.000	2	9780
28686.000	2	9780
28687.000	0	9779
28688.000	0	9779
28689.000	-6	9773
28690.000	0	9777
28691.000	2	9779
28692.000	9	9787
28693.000	1	9781
28694.000	-1	9780
28695.000	5	9785
28696.000	-8	9774
28697.000	-3	9777
28698.000	6	9785
28699.000	1	9781
28700.000	-2	9779
28701.000	-2	9778
28702.000	-1	9779
28703.000	0	9779
28704.000	0	9779
28705.000	6	9785
28706.000	0	9781
28707.000	-2	9779
28708.000	-2	9778
28709.000	-1	9779
28710.000	6	9786
28711.000	-1	9780
28712.000	4	9785
28713.000	-2	9780
28714.000	4	9786
28715.000	-3	9780
28716.000	-10	9772
28717.000	-3	9776
28718.000	7	9785
28719.000	1	9781
28720.000	-1	9779
28721.000	-2	9778
28722.000	-7	9773
28723.000	-1	9776
28724.000	2	9779
28725.000	2	9780
28726.000	-5	9773
28727.000	-6	9771
28728.000	9	9784
28729.000	4	9782
28730.000	2	9781
28731.000	-7	9773
28732.000	6	9783
28733.000	2	9781
28734.000	0	9780
28735.000	-7	9773
28736.000	5	9783
28737.000	2	9781
28738.000	0	9780
28739.000	-1	9779
28740.000	-7	9773
28741.000	-7	9770
28742.000	1	9776
28743.000	4	9780
28744.000	4	9781
28745.000	-4	9774
28746.000	1	9778
28747.000	2	9779
28748.000	-4	9774
28749.000	7	9784
28750.000	-4	9775
28751.000	1	9778
28752.000	2	9780
28753.000	1	9779
28754.000	-6	9773
28755.000	1	9778
28756.000	-4	9773
28757.000	2	9778
28758.000	3	9780
28759.000	2	9779
28760.000	2	9780
28761.000	1	9780
28762.000	1	9780
28763.000	-7	9772
28764.000	0	9777
28765.000	2	9779
28766.000	2	9780
28767.000	-5	9773
28768.000	1	9778
28769.000	9	9786
28770.000	1	9781
28771.000	0	9780
28772.000	-1	9779
28773.000	-8	9772
28774.000	-1	9776
28775.000	2	9779
28776.000	2	9780
28777.000	1	9779
28778.000	-5	9774
28779.000	-6	9771
28780.000	2	9777
28781.000	3	9779
28782.000	-3	9774
28783.000	2	9778
28784.000	-9	9768
28785.000	3	9777
28786.000	-2	9773
28787.000	-2	9772
28788.000	5	9779
28789.000	6	9781
28790.000	-9	9768
28791.000	-4	9770
28792.000	5	9778
28793.000	0	9774
28794.000	4	9778
28795.000	-1	9775
28796.000	3	9778
28797.000	-2	9774
28798.000	2	9778
28799.000	4	9780
28800.000	-10	9767
28801.000	-5	9769
28802.000	5	9778
28803.000	6	9780
28804.000	5	9781
28805.000	3	9781
28806.000	-6	9773
28807.000	-5	9772
28808.000	2	9777
28809.000	4	9780
28810.000	3	9780
28811.000	-5	9773
28812.000	2	9779
28813.000	2	9779
28814.000	-4	9774
28815.000	1	9778
28816.000	3	9780
28817.000	8	9786
28818.000	-5	9775
28819.000	-1	9778
28820.000	1	9779
28821.000	7	9786
28822.000	7	9788
28823.000	4	9787
28824.000	-10	9774
28825.000	2	9783
28826.000	4	9786
28827.000	-2	9781
28828.000	2	9784
28829.000	-3	9780
28830.000	3	9785
28831.000	4	9787
28832.000	2	9786
28833.000	2	9787
28834.000	1	9786
28835.000	-6	9780
28836.000	-1	9783
28837.000	2	9785
28838.000	2	9786
28839.000	-5	9780
28840.000	1	9784
28841.000	3	9786
28842.000	-11	9773
28843.000	1	9782
28844.000	5	9786
28845.000	4	9787
28846.000	2	9786
28847.000	2	9787
28848.000	1	9786
28849.000	-6	9780
28850.000	0	9784
28851.000	1	9785
28852.000	-4	9780
28853.000	1	9784
28854.000	-3	9780
28855.000	-4	9778
28856.000	-4	9777
28857.000	-2	9778
28858.000	6	9785
28859.000	0	9781
28860.000	-2	9779
28861.000	-2	9778
28862.000	-1	9779
28863.000	5	9785
28864.000	0	9781
28865.000	-15	9766
28866.000	-2	9775
28867.000	3	9779
28868.000	-3	9774
28869.000	2	9778
28870.000	3	9780
28871.000	3	9780
28872.000	-5	9773
28873.000	1	9778
28874.000	-4	9773
28875.000	-5	9771
28876.000	-3	9771
28877.000	-2	9772
28878.000	6	9779
28879.000	0	9775
28880.000	4	9779
28881.000	-2	9774
28882.000	3	9778
28883.000	-3	9773
28884.000	3	9778
28885.000	4	9780
28886.000	-4	9773
28887.000	-4	9772
28888.000	2	9777
28889.000	-8	9768
28890.000	-3	9770
28891.000	-1	9771
28892.000	1	9773
28893.000	0	9772
28894.000	1	9773
28895.000	7	9780
28896.000	0	9775
28897.000	-9	9766
28898.000	-2	9770
28899.000	7	9778
28900.000	2	9776
28901.000	5	9779
28902.000	-1	9775
28903.000	3	9778
28904.000	4	9780
28905.000	3	9780
28906.000	1	9779
28907.000	1	9780
28908.000	-12	9767
28909.000	0	9775
28910.000	4	9779
28911.000	4	9781
28912.000	2	9780
28913.000	1	9779
28914.000	1	9780
28915.000	7	9786
28916.000	0	9781
28917.000	-2	9779
28918.000	-1	9779
28919.000	-8	9772
28920.000	5	9783
28921.000	1	9780
28922.000	7	9787
28923.000	-1	9781
28924.000	-2	9779
28925.000	4	9785
28926.000	-2	9780
28927.000	-3	9778
28928.000	-2	9778
28929.000	-1	9779
28930.000	-1	9779
28931.000	0	9779
28932.000	0	9779
28933.000	0	9779
28934.000	-1	9778
28935.000	0	9779
28936.000	1	9780
28937.000	-7	9772
28938.000	0	9777
28939.000	2	9779
28940.000	2	9780
28941.000	-5	9773
28942.000	1	9778
28943.000	2	9779
28944.000	-11	9767
28945.000	-5	9769
28946.000	5	9778
28947.000	6	9780
28948.000	-2	9774
28949.000	3	9779
28950.000	-3	9774
28951.000	3	9779
28952.000	-3	9774
28953.000	2	9778
28954.000	-2	9774
28955.000	2	9778
28956.000	-2	9774
28957.000	2	9778
28958.000	4	9780
28959.000	-4	9773
28960.000	2	9778
28961.000	3	9780
28962.000	-4	9774
28963.000	-6	9771
28964.000	10	9785
28965.000	-2	9776
28966.000	1	9778
28967.000	-5	9772
28968.000	2	9778
28969.000	-3	9774
28970.000	15	9791
28971.000	-9	9771
28972.000	5	9782
28973.000	2	9781
28974.000	0	9780
28975.000	-7	9773
28976.000	0	9777
28977.000	8	9785
28978.000	2	9782
28979.000	-1	9779
28980.000	-2	9778
28981.000	-1	9779
28982.000	6	9785
28983.000	0	9781
28984.000	5	9786
28985.000	-2	9781
28986.000	-4	9778
28987.000	-15	9766
28988.000	11	9787
28989.000	-4	9776
28990.000	0	9778
28991.000	1	9779
28992.000	1	9780
28993.000	0	9779
28994.000	0	9779
28995.000	-6	9773
28996.000	0	9777
28997.000	2	9779
28998.000	2	9780
28999.000	1	9779
29000.000	-5	9774
29001.000	0	9777
29002.000	2	9779
29003.000	-4	9774
29004.000	1	9778
29005.000	3	9780
29006.000	-4	9774
29007.000	1	9778
29008.000	3	9780
29009.000	2	9780
29010.000	-5	9773
29011.000	1	9778
29012.000	2	9779
29013.000	2	9780
29014.000	1	9779
29015.000	1	9780
29016.000	-6	9773
29017.000	0	9777
29018.000	2	9779
29019.000	2	9780
29020.000	1	9779
29021.000	1	9780
29022.000	1	9780
29023.000	0	9779
29024.000	0	9779
29025.000	0	9779
29026.000	-1	9778
29027.000	0	9779
29028.000	1	9780
29029.000	-7	9772
29030.000	0	9777
29031.000	2	9779
29032.000	-4	9774
29033.000	1	9778
29034.000	3	9780
29035.000	2	9780
29036.000	-5	9773
29037.000	1	9778
29038.000	2	9779
29039.000	2	9780
29040.000	1	9779
29041.000	-5	9774
29042.000	6	9783
29043.000	3	9782
29044.000	0	9780
29045.000	-1	9779
29046.000	-1	9779
29047.000	-6	9773
29048.000	-1	9776
29049.000	8	9785
29050.000	2	9782
29051.000	-6	9774
29052.000	-1	9777
29053.000	0	9778
29054.000	1	9779
29055.000	1	9779
29056.000	1	9780
29057.000	1	9780
29058.000	0	9779
29059.000	0	9779
29060.000	12	9791
29061.000	0	9783
29062.000	-3	9780
29063.000	-4	9778
29064.000	3	9784
29065.000	-1	9781
29066.000	4	9785
29067.000	-3	9780
29068.000	3	9785
29069.000	-2	9781
29070.000	3	9785
29071.000	3	9786
29072.000	-3	9781
29073.000	1	9784
29074.000	3	9786
29075.000	-4	9780
29076.000	1	9784
29077.000	3	9786
29078.000	-4	9780
29079.000	-5	9778
29080.000	3	9784
29081.000	4	9786
29082.000	10	9793
29083.000	2	9788
29084.000	-8	9779
29085.000	-1	9784
29086.000	1	9785
29087.000	-6	9779
29088.000	1	9784
29089.000	-3	9780
29090.000	2	9784
29091.000	3	9786
29092.000	-4	9780
29093.000	2	9785
29094.000	-3	9780
29095.000	2	9784
29096.000	-3	9780
29097.000	-4	9778
29098.000	-3	9778
29099.000	-1	9779
29100.000	5	9785
29101.000	0	9781
29102.000	-2	9779
29103.000	-2	9778
29104.000	-1	9779
29105.000	-1	9779
29106.000	0	9779
29107.000	0	9779
29108.000	-7	9772
29109.000	6	9783
29110.000	9	9788
29111.000	6	9788
29112.000	-9	9774
29113.000	-4	9777
29114.000	-2	9778
29115.000	0	9779
29116.000	0	9779
29117.000	0	9779
29118.000	0	9779
29119.000	0	9779
29120.000	1	9780
29121.000	-7	9772
29122.000	0	9777
29123.000	-4	9773
29124.000	2	9778
29125.000	-3	9774
29126.000	2	9778
29127.000	-3	9773
29128.000	3	9778
29129.000	-3	9773
29130.000	3	9778
29131.000	-2	9774
29132.000	-4	9772
29133.000	-3	9771
29134.000	5	9779
29135.000	-1	9774
29136.000	-2	9773
29137.000	-2	9772
29138.000	-2	9772
29139.000	0	9773
29140.000	6	9779
29141.000	-1	9774
29142.000	-1	9773
29143.000	4	9778
29144.000	5	9780
29145.000	4	9781
29146.000	2	9780
29147.000	-5	9774
29148.000	0	9777
29149.000	2	9779
29150.000	2	9780
29151.000	2	9780
29152.000	-6	9773
29153.000	-6	9771
29154.000	-5	9770
29155.000	4	9778
29156.000	5	9780
29157.000	-2	9775
29158.000	2	9778
29159.000	4	9781
29160.000	2	9780
29161.000	2	9780
29162.000	0	9779
29163.000	-6	9773
29164.000	-6	9771
29165.000	2	9777
29166.000	4	9780
29167.000	-4	9773
29168.000	2	9778
29169.000	10	9787
29170.000	3	9783
29171.000	-1	9779
29172.000	-8	9772
29173.000	-1	9777
29174.000	1	9778
29175.000	2	9780
29176.000	8	9786
29177.000	1	9782
29178.000	-2	9779
29179.000	-2	9778
29180.000	5	9785
29181.000	-1	9780
29182.000	-2	9779
29183.000	-8	9772
29184.000	-1	9777
29185.000	-6	9772
29186.000	8	9784
29187.000	3	9781
29188.000	1	9780
29189.000	0	9780
29190.000	-1	9779
29191.000	0	9779
29192.000	0	9779
29193.000	0	9779
29194.000	-7	9772
29195.000	6	9783
29196.000	2	9781
29197.000	0	9780
29198.000	0	9780
29199.000	0	9780
29200.000	6	9786
29201.000	-1	9780
29202.000	-2	9779
29203.000	4	9784
29204.000	-7	9775
29205.000	-3	9777
29206.000	0	9779
29207.000	7	9786
29208.000	6	9787
29209.000	-1	9782
29210.000	3	9785
29211.000	-3	9780
29212.000	2	9784
29213.000	3	9786
29214.000	-3	9781
29215.000	1	9784
29216.000	-3	9780
29217.000	2	9784
29218.000	3	9786
29219.000	3	9787
29220.000	2	9787
29221.000	1	9786
29222.000	0	9786
29223.000	-6	9780
29224.000	6	9790
29225.000	2	9788
29226.000	0	9786
29227.000	-1	9785
29228.000	-1	9785
29229.000	0	9786
29230.000	-6	9780
29231.000	6	9790
29232.000	-5	9781
29233.000	0	9784
29234.000	2	9786
29235.000	1	9786
29236.000	1	9786
29237.000	1	9786
29238.000	0	9786
29239.000	0	9786
29240.000	0	9786
29241.000	-6	9780
29242.000	-1	9783
29243.000	2	9785
29244.000	2	9786
29245.000	-5	9780
29246.000	1	9784
29247.000	2	9785
29248.000	3	9787
29249.000	8	9793
29250.000	0	9787
29251.000	-2	9785
29252.000	-2	9785
29253.000	6	9792
29254.000	-1	9787
29255.000	4	9792
29256.000	-2	9787
29257.000	-4	9784
29258.000	-9	9778
29259.000	5	9789
29260.000	1	9787
29261.000	0	9786
29262.000	-1	9785
29263.000	0	9786
29264.000	-1	9785
29265.000	0	9786
29266.000	0	9786
29267.000	0	9786
29268.000	0	9786
29269.000	-6	9780
29270.000	0	9784
29271.000	1	9785
29272.000	2	9786
29273.000	-11	9774
29274.000	1	9782
29275.000	4	9786
29276.000	-3	9780
29277.000	3	9785
29278.000	4	9787
29279.000	2	9786
29280.000	-5	9780
29281.000	1	9784
29282.000	3	9786
29283.000	2	9786
29284.000	-6	9779
29285.000	1	9784
29286.000	-4	9779
29287.000	2	9784
29288.000	-3	9780
29289.000	3	9785
29290.000	-3	9780
29291.000	-10	9772
29292.000	3	9782
29293.000	0	9780
29294.000	0	9780
29295.000	6	9786
29296.000	-1	9781
29297.000	-3	9778
29298.000	-2	9778
29299.000	-1	9779
29300.000	-1	9779
29301.000	6	9785
29302.000	0	9781
29303.000	-2	9779
29304.000	4	9784
29305.000	-1	9781
29306.000	4	9785
29307.000	4	9787
29308.000	3	9787
29309.000	-5	9780
29310.000	1	9784
29311.000	3	9786
29312.000	2	9786
29313.000	1	9786
29314.000	0	9785
29315.000	-6	9779
29316.000	1	9784
29317.000	-5	9779
29318.000	2	9784
29319.000	3	9786
29320.000	-4	9780
29321.000	-4	9779
29322.000	3	9784
29323.000	4	9786
29324.000	-3	9780
29325.000	2	9785
29326.000	3	9786
29327.000	2	9786
29328.000	2	9787
29329.000	-6	9779
29330.000	1	9784
29331.000	2	9786
29332.000	-5	9779
29333.000	1	9784
29334.000	-4	9779
29335.000	3	9785
29336.000	3	9786
29337.000	3	9787
29338.000	-5	9780
29339.000	1	9784
29340.000	3	9786
29341.000	2	9786
29342.000	1	9786
29343.000	-6	9779
29344.000	0	9783
29345.000	-10	9773
29346.000	-5	9775
29347.000	5	9784
29348.000	1	9781
29349.000	-2	9779
29350.000	5	9785
29351.000	-1	9781
29352.000	-3	9778
29353.000	-2	9778
29354.000	-1	9779
29355.000	-1	9779
29356.000	6	9785
29357.000	0	9781
29358.000	5	9786
29359.000	-2	9781
29360.000	3	9785
29361.000	-3	9780
29362.000	2	9784
29363.000	-2	9781
29364.000	-4	9778
29365.000	4	9785
29366.000	-2	9780
29367.000	4	9785
29368.000	-3	9780
29369.000	4	9786
29370.000	-3	9780
29371.000	3	9785
29372.000	-3	9780
29373.000	-4	9778
29374.000	-3	9778
29375.000	5	9785
29376.000	-7	9774
29377.000	-2	9777
29378.000	6	9785
29379.000	0	9780
29380.000	5	9785
29381.000	-1	9781
29382.000	-3	9779
29383.000	4	9785
29384.000	-1	9781
29385.000	3	9785
29386.000	-9	9774
29387.000	-3	9777
29388.000	-1	9778
29389.000	0	9779
29390.000	1	9780
29391.000	0	9779
29392.000	0	9779
29393.000	0	9779
29394.000	7	9786
29395.000	0	9781
29396.000	-8	9773
29397.000	-9	9770
29398.000	1	9777
29399.000	3	9779
29400.000	3	9780
29401.000	2	9780
29402.000	7	9786
29403.000	1	9782
29404.000	5	9786
29405.000	-2	9781
29406.000	-4	9778
29407.000	4	9785
29408.000	-8	9774
29409.000	3	9783
29410.000	0	9780
29411.000	-1	9779
29412.000	5	9785
29413.000	-1	9781
29414.000	-3	9778
29415.000	-2	9778
29416.000	-2	9778
29417.000	6	9785
29418.000	0	9781
29419.000	-2	9779
29420.000	-8	9772
29421.000	-2	9776
29422.000	2	9779
29423.000	1	9779
29424.000	1	9779
29425.000	1	9780
29426.000	0	9779
29427.000	-6	9773
29428.000	0	9777
29429.000	-4	9773
29430.000	2	9778
29431.000	3	9780
29432.000	-10	9767
29433.000	2	9776
29434.000	4	9779
29435.000	4	9780
29436.000	3	9780
29437.000	2	9780
29438.000	1	9780
29439.000	0	9779
29440.000	0	9779
29441.000	6	9785
29442.000	0	9781
29443.000	-2	9779
29444.000	-8	9772
29445.000	-2	9776
29446.000	1	9778
29447.000	2	9780
29448.000	8	9786
29449.000	1	9782
29450.000	-2	9779
29451.000	-8	9772
29452.000	5	9783
29453.000	1	9781
29454.000	6	9786
29455.000	-1	9781
29456.000	-3	9778
29457.000	-2	9778
29458.000	5	9785
29459.000	6	9787
29460.000	-2	9781
29461.000	2	9785
29462.000	-3	9780
29463.000	2	9784
29464.000	-3	9780
29465.000	2	9784
29466.000	-2	9781
29467.000	3	9785
29468.000	-9	9774
29469.000	-4	9776
29470.000	5	9784
29471.000	7	9787
29472.000	-2	9781
29473.000	-3	9779
29474.000	-3	9778
29475.000	-2	9778
29476.000	5	9785
29477.000	0	9781
29478.000	-8	9773
29479.000	4	9783
29480.000	1	9781
29481.000	-1	9779
29482.000	5	9785
29483.000	0	9781
29484.000	-3	9778
29485.000	-2	9778
29486.000	5	9785
29487.000	-1	9780
29488.000	4	9785
29489.000	5	9787
29490.000	-10	9774
29491.000	-4	9777
29492.000	5	9785
29493.000	-1	9780
29494.000	4	9785
29495.000	5	9787
29496.000	-9	9774
29497.000	-4	9777
29498.000	4	9784
29499.000	0	9781
29500.000	-2	9779
29501.000	-1	9779
29502.000	-1	9779
29503.000	-1	9779
29504.000	-7	9772
29505.000	7	9784
29506.000	2	9781
29507.000	-1	9779
29508.000	0	9780
29509.000	6	9786
29510.000	-1	9780
29511.000	-2	9779
29512.000	-8	9772
29513.000	-2	9776
29514.000	1	9778
29515.000	2	9780
29516.000	1	9779
29517.000	1	9780
29518.000	1	9780
29519.000	-7	9772
29520.000	0	9777
29521.000	-4	9773
29522.000	2	9778
29523.000	3	9780
29524.000	-10	9767
29525.000	1	9775
29526.000	5	9780
29527.000	11	9787
29528.000	-4	9776
29529.000	-7	9771
29530.000	1	9777
29531.000	3	9780
29532.000	3	9780
29533.000	1	9779
29534.000	-5	9774
29535.000	0	9777
29536.000	2	9779
29537.000	2	9780
29538.000	2	9780
29539.000	-6	9773
29540.000	6	9783
29541.000	2	9781
29542.000	7	9787
29543.000	6	9788
29544.000	-2	9781
29545.000	2	9785
29546.000	-4	9779
29547.000	2	9784
29548.000	3	9786
29549.000	-10	9774
29550.000	2	9783
29551.000	5	9786
29552.000	4	9787
29553.000	-4	9780
29554.000	-5	9778
29555.000	3	9784
29556.000	4	9786
29557.000	3	9786
29558.000	-4	9780
29559.000	-6	9777
29560.000	9	9790
29561.000	5	9789
29562.000	1	9787
29563.000	0	9786
29564.000	-7	9779
29565.000	0	9784
29566.000	2	9786
29567.000	8	9792
29568.000	-5	9782
29569.000	-2	9783
29570.000	1	9786
29571.000	-6	9779
29572.000	1	9784
29573.000	-4	9779
29574.000	2	9784
29575.000	-4	9779
29576.000	3	9785
29577.000	-2	9781
29578.000	-4	9778
29579.000	-3	9778
29580.000	5	9785
29581.000	-1	9780
29582.000	-8	9773
29583.000	4	9783
29584.000	1	9781
29585.000	-7	9773
29586.000	5	9783
29587.000	1	9781
29588.000	0	9780
29589.000	-1	9779
29590.000	6	9786
29591.000	-1	9780
29592.000	-2	9779
29593.000	-2	9778
29594.000	5	9785
29595.000	-1	9780
29596.000	-2	9779
29597.000	5	9785
29598.000	-2	9780
29599.000	-3	9778
29600.000	5	9785
29601.000	5	9787
29602.000	-3	9780
29603.000	-4	9779
29604.000	2	9783
29605.000	-8	9774
29606.000	3	9783
29607.000	0	9780
29608.000	-1	9779
29609.000	-2	9778
29610.000	-1	9779
29611.000	0	9779
29612.000	0	9779
29613.000	6	9785
29614.000	6	9787
29615.000	-2	9781
29616.000	-3	9779
29617.000	3	9784
29618.000	-9	9773
29619.000	3	9783
29620.000	0	9780
29621.000	-8	9772
29622.000	5	9783
29623.000	-5	9775
29624.000	0	9778
29625.000	1	9779
29626.000	-6	9772
29627.000	1	9778
29628.000	-10	9767
29629.000	2	9776
29630.000	5	9779
29631.000	-1	9775
29632.000	3	9779
29633.000	3	9780
29634.000	-4	9773
29635.000	2	9778
29636.000	-3	9774
29637.000	2	9778
29638.000	3	9780
29639.000	-4	9773
29640.000	2	9778
29641.000	-4	9773
29642.000	3	9779
29643.000	3	9780
29644.000	-4	9773
29645.000	2	9778
29646.000	3	9780
29647.000	2	9780
29648.000	-5	9773
29649.000	7	9784
29650.000	2	9781
29651.000	-6	9774
29652.000	6	9784
29653.000	-5	9775
29654.000	0	9778
29655.000	7	9785
29656.000	-5	9775
29657.000	5	9784
29658.000	1	9781
29659.000	-1	9779
29660.000	-2	9778
29661.000	-7	9773
29662.000	6	9783
29663.000	-5	9774
29664.000	6	9784
29665.000	8	9788
29666.000	-7	9775
29667.000	4	9784
29668.000	-7	9774
29669.000	-2	9777
29670.000	0	9778
29671.000	1	9779
29672.000	7	9786
29673.000	-6	9775
29674.000	5	9784
29675.000	-6	9774
29676.000	4	9783
29677.000	-5	9775
29678.000	5	9783
29679.000	7	9787
29680.000	0	9782
29681.000	3	9785
29682.000	-3	9780
29683.000	3	9785
29684.000	-9	9774
29685.000	3	9783
29686.000	-1	9780
29687.000	-2	9779
29688.000	4	9784
29689.000	-7	9774
29690.000	4	9783
29691.000	0	9780
29692.000	-1	9779
29693.000	-2	9778
29694.000	6	9786
29695.000	6	9787
29696.000	-9	9774
29697.000	2	9782
29698.000	-7	9774
29699.000	4	9783
29700.000	-6	9774
29701.000	5	9783
29702.000	-5	9775
29703.000	5	9783
29704.000	1	9781
29705.000	-7	9773
29706.000	5	9783
29707.000	-5	9775
29708.000	6	9784
29709.000	1	9781
29710.000	-1	9779
29711.000	6	9786
29712.000	-8	9774
29713.000	4	9783
29714.000	-6	9774
29715.000	-2	9777
29716.000	7	9785
29717.000	-5	9775
29718.000	-1	9778
29719.000	0	9778
29720.000	1	9779
29721.000	1	9780
29722.000	-6	9773
29723.000	0	9777
29724.000	-4	9773
29725.000	2	9778
29726.000	3	9780
29727.000	-4	9773
29728.000	2	9778
29729.000	-4	9773
29730.000	9	9785
29731.000	10	9788
29732.000	-6	9775
29733.000	-2	9778
29734.000	-7	9772
29735.000	7	9784
29736.000	2	9781
29737.000	-6	9774
29738.000	6	9784
29739.000	1	9781
29740.000	-7	9773
29741.000	-1	9777
29742.000	2	9779
29743.000	-5	9773
29744.000	1	9778
29745.000	3	9780
29746.000	-4	9774
29747.000	1	9778
29748.000	9	9786
29749.000	-11	9769
29750.000	0	9776
29751.000	3	9779
29752.000	-4	9773
29753.000	2	9778
29754.000	3	9780
29755.000	-4	9773
29756.000	2	9778
29757.000	-10	9767
29758.000	3	9777
29759.000	5	9780
29760.000	-2	9774
29761.000	9	9785
29762.000	4	9782
29763.000	-6	9774
29764.000	6	9784
29765.000	8	9788
29766.000	-7	9775
29767.000	3	9783
29768.000	0	9781
29769.000	-2	9779
29770.000	-2	9778
29771.000	6	9786
29772.000	-1	9780
29773.000	-2	9779
29774.000	4	9784
29775.000	-1	9781
29776.000	-9	9772
29777.000	5	9784
29778.000	0	9780
29779.000	-7	9773
29780.000	5	9783
29781.000	1	9781
29782.000	-7	9773
29783.000	6	9784
29784.000	8	9788
29785.000	-7	9775
29786.000	-3	9777
29787.000	5	9784
29788.000	1	9781
29789.000	-2	9779
29790.000	5	9785
29791.000	-7	9775
29792.000	4	9784
29793.000	-1	9780
29794.000	-2	9778
29795.000	-1	9779
29796.000	6	9786
29797.000	-7	9774
29798.000	-2	9777
29799.000	6	9785
29800.000	-6	9774
29801.000	5	9784
29802.000	7	9787
29803.000	-7	9775
29804.000	3	9783
29805.000	-1	9780
29806.000	-2	9779
29807.000	5	9785
29808.000	5	9787
29809.000	-2	9781
29810.000	2	9785
29811.000	3	9786
29812.000	-4	9780
29813.000	1	9784
29814.000	3	9786
29815.000	-4	9780
29816.000	1	9784
29817.000	3	9786
29818.000	2	9786
29819.000	2	9787
29820.000	1	9786
29821.000	-6	9780
29822.000	0	9784
29823.000	1	9785
29824.000	-11	9773
29825.000	2	9783
29826.000	5	9786
29827.000	-9	9774
29828.000	2	9782
29829.000	-1	9780
29830.000	-1	9779
29831.000	-1	9779
29832.000	5	9785
29833.000	-7	9774
29834.000	4	9783
29835.000	-7	9773
29836.000	5	9783
29837.000	1	9781
29838.000	0	9780
29839.000	-1	9779
29840.000	5	9785
29841.000	-7	9774
29842.000	4	9783
29843.000	-7	9773
29844.000	-1	9777
29845.000	7	9785
29846.000	-5	9775
29847.000	5	9784
29848.000	7	9787
29849.000	-1	9781
29850.000	3	9785
29851.000	-9	9774
29852.000	-4	9776
29853.000	6	9785
29854.000	-6	9775
29855.000	4	9783
29856.000	-6	9774
29857.000	5	9783
29858.000	1	9781
29859.000	-1	9779
29860.000	-1	9779
29861.000	6	9786
29862.000	-7	9774
29863.000	4	9783
29864.000	7	9787
29865.000	-8	9775
29866.000	3	9783
29867.000	-8	9773
29868.000	5	9784
29869.000	7	9787
29870.000	-8	9774
29871.000	-3	9777
29872.000	0	9779
29873.000	0	9779
29874.000	0	9779
29875.000	0	9779
29876.000	-6	9773
29877.000	6	9783
29878.000	2	9781
29879.000	-6	9774
29880.000	6	9784
29881.000	1	9781
29882.000	-7	9773
29883.000	0	9778
29884.000	8	9786
29885.000	-5	9775
29886.000	5	9784
29887.000	0	9780
29888.000	-7	9773
29889.000	-1	9777
29890.000	1	9779
29891.000	1	9779
29892.000	1	9779
29893.000	1	9780
29894.000	-6	9773
29895.000	0	9777
29896.000	2	9779
29897.000	3	9781
29898.000	1	9780
29899.000	0	9779
29900.000	-6	9773
29901.000	7	9784
29902.000	2	9781
29903.000	-7	9773
29904.000	6	9784
29905.000	1	9781
29906.000	0	9780
29907.000	-1	9779
29908.000	-1	9779
29909.000	0	9779
29910.000	6	9785
29911.000	-6	9775
29912.000	4	9783
29913.000	0	9780
29914.000	-1	9779
29915.000	-2	9778
29916.000	6	9786
29917.000	-7	9774
29918.000	4	9783
29919.000	-7	9773
29920.000	-1	9777
29921.000	7	9785
29922.000	-5	9775
29923.000	-1	9778
29924.000	7	9785
29925.000	-6	9774
29926.000	5	9784
29927.000	-6	9774
29928.000	-1	9777
29929.000	7	9785
29930.000	-5	9775
29931.000	5	9784
29932.000	1	9781
29933.000	-1	9779
29934.000	-2	9778
29935.000	-1	9779
29936.000	6	9785
29937.000	0	9781
29938.000	-2	9779
29939.000	-2	9778
29940.000	5	9785
29941.000	-1	9780
29942.000	-8	9773
29943.000	4	9783
29944.000	1	9781
29945.000	-1	9779
29946.000	-1	9779
29947.000	-1	9779
29948.000	-7	9772
29949.000	7	9784
29950.000	-5	9774
29951.000	7	9785
29952.000	1	9781
29953.000	6	9786
29954.000	-8	9774
29955.000	4	9784
29956.000	-7	9774
29957.000	5	9784
29958.000	0	9780
29959.000	6	9786
29960.000	-8	9774
29961.000	4	9784
29962.000	-1	9780
29963.000	-8	9772
29964.000	5	9783
29965.000	-5	9775
29966.000	6	9784
29967.000	1	9781
29968.000	-1	9779
29969.000	-1	9779
29970.000	6	9786
29971.000	-7	9774
29972.000	4	9783
29973.000	-6	9774
29974.000	5	9784
29975.000	-6	9774
29976.000	5	9783
29977.000	-5	9775
29978.000	5	9783
29979.000	1	9781
29980.000	-7	9773
29981.000	5	9783
29982.000	-5	9775
29983.000	0	9778
29984.000	-6	9772
29985.000	1	9777
29986.000	-3	9774
29987.000	9	9785
29988.000	-3	9775
29989.000	1	9778
29990.000	-5	9773
29991.000	1	9777
29992.000	-3	9774
29993.000	9	9785
29994.000	-9	9769
29995.000	7	9783
29996.000	-3	9775
29997.000	1	9778
29998.000	-4	9773
29999.000	2	9778
30000.000	10	9787
30001.000	-4	9776
30002.000	6	9784
30003.000	-6	9774
30004.000	5	9783
30005.000	1	9781
30006.000	0	9780
30007.000	-2	9778
30008.000	6	9786
30009.000	-1	9780
30010.000	11	9792
30011.000	-2	9782
30012.000	1	9785
30013.000	-4	9780
30014.000	8	9791
30015.000	-4	9781
30016.000	6	9790
30017.000	-5	9781
30018.000	0	9784
30019.000	-11	9773
30020.000	1	9782
30021.000	-2	9779
30022.000	4	9785
30023.000	5	9787
30024.000	-3	9780
30025.000	2	9785
30026.000	-10	9773
30027.000	-10	9770
30028.000	5	9782
30029.000	8	9787
30030.000	-6	9775
30031.000	5	9784
30032.000	0	9781
30033.000	-2	9779
30034.000	-1	9779
30035.000	-8	9772
30036.000	12	9789
30037.000	2	9783
30038.000	4	9786
30039.000	-2	9781
30040.000	3	9785
30041.000	-4	9779
30042.000	3	9785
30043.000	-3	9780
30044.000	3	9785
30045.000	-3	9780
30046.000	-4	9778
30047.000	4	9785
30048.000	-2	9780
30049.000	4	9785
30050.000	-3	9780
30051.000	3	9785
30052.000	-2	9781
30053.000	-10	9772
30054.000	4	9783
30055.000	0	9780
30056.000	5	9785
30057.000	-7	9775
30058.000	4	9784
30059.000	-7	9774
30060.000	-2	9777
30061.000	1	9779
30062.000	0	9778
30063.000	-5	9773
30064.000	1	9778
30065.000	-4	9773
30066.000	-5	9771
30067.000	10	9784
30068.000	-2	9775
30069.000	8	9785
30070.000	-4	9775
30071.000	6	9784
30072.000	-5	9775
30073.000	-1	9777
30074.000	7	9785
30075.000	1	9781
30076.000	6	9786
30077.000	-8	9774
30078.000	-3	9777
30079.000	5	9784
30080.000	-6	9774
30081.000	5	9784
30082.000	1	9781
30083.000	-1	9779
30084.000	-8	9772
30085.000	5	9783
30086.000	-5	9774
30087.000	-6	9772
30088.000	8	9784
30089.000	-4	9774
30090.000	8	9785
30091.000	-5	9775
30092.000	0	9778
30093.000	-6	9772
30094.000	8	9784
30095.000	-4	9775
30096.000	1	9778
30097.000	1	9779
30098.000	2	9780
30099.000	-6	9773
30100.000	1	9778
30101.000	2	9779
30102.000	-4	9774
30103.000	1	9778
30104.000	-4	9773
30105.000	9	9785
30106.000	-3	9775
30107.000	1	9778
30108.000	-5	9773
30109.000	8	9784
30110.000	-4	9775
30111.000	1	9778
30112.000	2	9780
30113.000	-6	9772
30114.000	8	9785
30115.000	-4	9775
30116.000	6	9784
30117.000	-5	9775
30118.000	6	9784
30119.000	1	9781
30120.000	-7	9773
30121.000	6	9784
30122.000	-6	9774
30123.000	6	9784
30124.000	-5	9775
30125.000	5	9783
30126.000	-6	9774
30127.000	6	9784
30128.000	1	9781
30129.000	-7	9773
30130.000	5	9783
30131.000	2	9782
30132.000	-1	9779
30133.000	-1	9779
30134.000	-7	9773
30135.000	-1	9776
30136.000	-4	9773
30137.000	8	9784
30138.000	-3	9775
30139.000	-6	9771
30140.000	8	9784
30141.000	-3	9775
30142.000	2	9779
30143.000	-5	9773
30144.000	2	9778
30145.000	-4	9773
30146.000	-4	9772
30147.000	10	9784
30148.000	-2	9775
30149.000	2	9779
30150.000	2	9779
30151.000	2	9780
30152.000	-6	9773
30153.000	-5	9772
30154.000	8	9783
30155.000	-3	9775
30156.000	2	9779
30157.000	-4	9773
30158.000	-5	9771
30159.000	3	9778
30160.000	-2	9774
30161.000	10	9785
30162.000	-3	9775
30163.000	1	9778
30164.000	2	9779
30165.000	-4	9774
30166.000	7	9784
30167.000	-4	9775
30168.000	7	9785
30169.000	1	9781
30170.000	-1	9779
30171.000	-1	9779
30172.000	6	9786
30173.000	-1	9780
30174.000	-8	9773
30175.000	4	9783
30176.000	1	9781
30177.000	5	9785
30178.000	-1	9781
30179.000	-2	9779
30180.000	-2	9779
30181.000	4	9784
30182.000	-1	9780
30183.000	-2	9779
30184.000	-2	9778
30185.000	-7	9773
30186.000	5	9783
30187.000	-5	9774
30188.000	6	9784
30189.000	-5	9775
30190.000	6	9784
30191.000	-5	9775
30192.000	6	9784
30193.000	0	9780
30194.000	-1	9779
30195.000	-7	9773
30196.000	6	9784
30197.000	1	9781
30198.000	0	9780
30199.000	-1	9779
30200.000	5	9785
30201.000	0	9781
30202.000	4	9785
30203.000	-1	9781
30204.000	3	9785
30205.000	-10	9773
30206.000	10	9790
30207.000	-7	9776
30208.000	2	9783
30209.000	-1	9780
30210.000	4	9785
30211.000	-2	9780
30212.000	-3	9779
30213.000	-3	9778
30214.000	5	9785
30215.000	-1	9780
30216.000	4	9785
30217.000	5	9787
30218.000	-4	9780
30219.000	2	9785
30220.000	-3	9780
30221.000	2	9784
30222.000	-3	9780
30223.000	3	9785
30224.000	-3	9780
30225.000	3	9785
30226.000	-3	9780
30227.000	3	9785
30228.000	-3	9780
30229.000	-4	9778
30230.000	-3	9778
30231.000	-2	9778
30232.000	6	9785
30233.000	6	9787
30234.000	-2	9781
30235.000	-3	9779
30236.000	3	9784
30237.000	-9	9773
30238.000	4	9784
30239.000	-1	9780
30240.000	5	9785
30241.000	-8	9774
30242.000	10	9790
30243.000	-7	9776
30244.000	10	9790
30245.000	-2	9781
30246.000	9	9792
30247.000	-4	9782
30248.000	0	9784
30249.000	-5	9779
30250.000	-5	9778
30251.000	9	9790
30252.000	-9	9775
30253.000	8	9789
30254.000	-2	9782
30255.000	1	9784
30256.000	-10	9773
30257.000	8	9788
30258.000	-1	9782
30259.000	3	9786
30260.000	-4	9779
30261.000	2	9784
30262.000	-3	9780
30263.000	3	9785
30264.000	-3	9780
30265.000	3	9785
30266.000	-3	9780
30267.000	3	9785
30268.000	-3	9780
30269.000	3	9785
30270.000	-3	9780
30271.000	2	9784
30272.000	-2	9781
30273.000	3	9785
30274.000	3	9786
30275.000	9	9793
30276.000	-4	9782
30277.000	-1	9784
30278.000	0	9785
30279.000	-6	9779
30280.000	7	9790
30281.000	-4	9781
30282.000	0	9784
30283.000	2	9786
30284.000	-5	9780
30285.000	7	9790
30286.000	-4	9781
30287.000	7	9791
30288.000	-5	9781
30289.000	-7	9778
30290.000	1	9784
30291.000	-4	9779
30292.000	9	9791
30293.000	-2	9782
30294.000	-6	9778
30295.000	9	9791
30296.000	3	9788
30297.000	1	9787
30298.000	0	9786
30299.000	6	9792
30300.000	-7	9781
30301.000	5	9791
30302.000	0	9787
30303.000	4	9791
30304.000	-1	9787
30305.000	4	9792
30306.000	-3	9786
30307.000	3	9791
30308.000	-3	9786
30309.000	-3	9785
30310.000	3	9790
30311.000	-8	9780
30312.000	10	9796
30313.000	0	9789
30314.000	3	9792
30315.000	-4	9786
30316.000	3	9792
30317.000	3	9792
30318.000	-4	9786
30319.000	8	9797
30320.000	-4	9788
30321.000	1	9791
30322.000	1	9792
30323.000	2	9793
30324.000	7	9799
30325.000	0	9794
30326.000	5	9799
30327.000	-2	9793
30328.000	-3	9792
30329.000	4	9798
30330.000	4	9799
30331.000	-2	9794
30332.000	2	9797
30333.000	3	9799
30334.000	2	9799
30335.000	1	9799
30336.000	1	9799
30337.000	1	9799
30338.000	0	9798
30339.000	0	9798
30340.000	-1	9797
30341.000	0	9798
30342.000	7	9805
30343.000	0	9800
30344.000	-2	9798
30345.000	-2	9798
30346.000	5	9804
30347.000	-1	9800
30348.000	-2	9798
30349.000	-2	9798
30350.000	5	9804
30351.000	0	9801
30352.000	-3	9798
30353.000	-2	9798
30354.000	-1	9798
30355.000	5	9804
30356.000	-6	9794
30357.000	-2	9796
30358.000	0	9798
30359.000	6	9804
30360.000	7	9807
30361.000	-1	9801
30362.000	-3	9798
30363.000	9	9810
30364.000	-2	9801
30365.000	1	9804
30366.000	-4	9799
30367.000	2	9804
30368.000	16	9818
30369.000	2	9809
30370.000	-2	9806
30371.000	-3	9804
30372.000	-3	9803
30373.000	-2	9803
30374.000	0	9805
30375.000	13	9818
30376.000	0	9809
30377.000	-4	9805
30378.000	2	9809
30379.000	4	9812
30380.000	-4	9805
30381.000	-4	9804
30382.000	3	9810
30383.000	4	9812
30384.000	4	9813
30385.000	2	9812
30386.000	1	9812
30387.000	7	9818
30388.000	0	9813
30389.000	4	9817
30390.000	4	9818
30391.000	10	9826
30392.000	2	9821
30393.000	-1	9818
30394.000	5	9824
30395.000	-2	9818
30396.000	-2	9818
30397.000	4	9823
30398.000	5	9825
30399.000	3	9825
30400.000	2	9825
30401.000	1	9824
30402.000	1	9825
30403.000	0	9824
30404.000	0	9824
30405.000	0	9824
30406.000	7	9831
30407.000	0	9826
30408.000	-3	9823
30409.000	-2	9823
30410.000	5	9830
30411.000	-7	9819
30412.000	5	9829
30413.000	12	9837
30414.000	5	9834
30415.000	-5	9826
30416.000	6	9835
30417.000	-5	9826
30418.000	0	9829
30419.000	0	9829
30420.000	2	9831
30421.000	1	9831
30422.000	0	9830
30423.000	0	9830
30424.000	-6	9824
30425.000	0	9828
30426.000	8	9836
30427.000	2	9833
30428.000	6	9837
30429.000	-8	9825
30430.000	4	9835
30431.000	6	9838
30432.000	4	9838
30433.000	-10	9825
30434.000	2	9834
30435.000	4	9837
30436.000	-2	9832
30437.000	10	9843
30438.000	3	9839
30439.000	-6	9831
30440.000	0	9835
30441.000	1	9836
30442.000	1	9837
30443.000	8	9844
30444.000	0	9838
30445.000	5	9843
30446.000	11	9851
30447.000	4	9847
30448.000	6	9850
30449.000	-1	9845
30450.000	3	9849
30451.000	-2	9845
30452.000	9	9855
30453.000	-3	9846
30454.000	0	9848
30455.000	2	9850
30456.000	1	9850
30457.000	1	9850
30458.000	1	9850
30459.000	7	9856
30460.000	0	9852
30461.000	11	9863
30462.000	-2	9853
30463.000	1	9855
30464.000	1	9856
30465.000	8	9863
30466.000	1	9858
30467.000	5	9863
30468.000	-1	9858
30469.000	3	9862
30470.000	10	9870
30471.000	2	9865
30472.000	0	9863
30473.000	-1	9862
30474.000	6	9869
30475.000	5	9870
30476.000	-2	9864
30477.000	2	9868
30478.000	-3	9863
30479.000	9	9874
30480.000	3	9871
30481.000	1	9870
30482.000	0	9869
30483.000	-1	9868
30484.000	0	9869
30485.000	-1	9868
30486.000	0	9869
30487.000	0	9869
30488.000	7	9876
30489.000	6	9877
30490.000	4	9877
30491.000	3	9877
30492.000	2	9877
30493.000	0	9875
30494.000	-7	9868
30495.000	0	9873
30496.000	9	9882
30497.000	8	9884
30498.000	-1	9877
30499.000	4	9882
30500.000	3	9882
30501.000	9	9889
30502.000	1	9884
30503.000	5	9888
30504.000	12	9897
30505.000	3	9891
30506.000	0	9889
30507.000	-1	9888
30508.000	5	9894
30509.000	6	9896
30510.000	4	9896
30511.000	8	9901
30512.000	1	9897
30513.000	-1	9895
30514.000	-2	9894
30515.000	5	9900
30516.000	6	9903
30517.000	-9	9889
30518.000	3	9899
30519.000	-1	9896
30520.000	-9	9887
30521.000	4	9898
30522.000	1	9896
30523.000	6	9901
30524.000	-1	9896
30525.000	4	9901
30526.000	-2	9896
30527.000	3	9900
30528.000	10	9908
30529.000	-4	9897
30530.000	6	9906
30531.000	8	9910
30532.000	-8	9896
30533.000	3	9905
30534.000	-7	9896
30535.000	4	9904
30536.000	1	9903
30537.000	5	9907
30538.000	-1	9902
30539.000	4	9907
30540.000	4	9908
30541.000	2	9908
30542.000	2	9908
30543.000	14	9921
30544.000	-6	9905
30545.000	2	9911
30546.000	5	9915
30547.000	3	9914
30548.000	-4	9908
30549.000	8	9919
30550.000	-4	9909
30551.000	0	9912
30552.000	8	9920
30553.000	2	9917
30554.000	-1	9914
30555.000	11	9926
30556.000	5	9923
30557.000	8	9928
30558.000	7	9929
30559.000	-3	9921
30560.000	2	9925
30561.000	-3	9921
30562.000	15	9938
30563.000	4	9931
30564.000	-1	9928
30565.000	-3	9925
30566.000	11	9938
30567.000	-1	9930
30568.000	2	9932
30569.000	2	9933
30570.000	2	9934
30571.000	1	9933
30572.000	0	9933
30573.000	7	9940
30574.000	0	9935
30575.000	-2	9933
30576.000	18	9952
30577.000	-2	9937
30578.000	0	9939
30579.000	0	9939
30580.000	0	9939
30581.000	1	9940
30582.000	0	9939
30583.000	0	9939
30584.000	0	9939
30585.000	0	9939
30586.000	6	9945
30587.000	0	9941
30588.000	-2	9939
30589.000	5	9945
30590.000	-2	9940
30591.000	-2	9939
30592.000	4	9945
30593.000	-2	9940
30594.000	4	9945
30595.000	-2	9940
30596.000	-3	9939
30597.000	3	9944
30598.000	5	9947
30599.000	4	9947
30600.000	2	9947
30601.000	7	9952
30602.000	-6	9941
30603.000	5	9950
30604.000	0	9947
30605.000	5	9952
30606.000	-1	9947
30607.000	9	9957
30608.000	10	9961
30609.000	2	9956
30610.000	4	9958
30611.000	10	9966
30612.000	-3	9956
30613.000	6	9964
30614.000	6	9966
30615.000	-1	9960
30616.000	4	9965
30617.000	3	9965
30618.000	3	9966
30619.000	8	9972
30620.000	-6	9960
30621.000	4	9969
30622.000	-6	9960
30623.000	6	9970
30624.000	7	9973
30625.000	-8	9960
30626.000	10	9976
30627.000	-1	9968
30628.000	9	9977
30629.000	-4	9967
30630.000	7	9977
30631.000	1	9973
30632.000	6	9978
30633.000	-1	9973
30634.000	3	9977
30635.000	-2	9973
30636.000	9	9983
30637.000	3	9980
30638.000	1	9979
30639.000	7	9985
30640.000	6	9986
30641.000	4	9986
30642.000	2	9985
30643.000	14	9998
30644.000	0	9988
30645.000	3	9991
30646.000	-4	9985
30647.000	1	9988
30648.000	10	9998
30649.000	2	9993
30650.000	0	9991
30651.000	5	9996
30652.000	6	9999
30653.000	-3	9992
30654.000	-4	9990
30655.000	9	10002
30656.000	4	9999
30657.000	-5	9991
30658.000	7	10002
30659.000	2	9999
30660.000	6	10004
30661.000	5	10004
30662.000	-2	9999
30663.000	8	10008
30664.000	3	10006
30665.000	0	10004
30666.000	6	10010
30667.000	0	10005
30668.000	3	10008
30669.000	5	10011
30670.000	3	10011
30671.000	1	10010
30672.000	1	10010
30673.000	7	10016
30674.000	0	10011
30675.000	-8	10003
30676.000	4	10013
30677.000	1	10011
30678.000	5	10016
30679.000	6	10018
30680.000	-3	10011
30681.000	2	10015
30682.000	3	10017
30683.000	9	10023
30684.000	1	10018
30685.000	6	10023
30686.000	-2	10017
30687.000	3	10022
30688.000	4	10024
30689.000	3	10024
30690.000	-5	10017
30691.000	7	10027
30692.000	8	10030
30693.000	-6	10019
30694.000	-2	10021
30695.000	6	10028
30696.000	0	10024
30697.000	-2	10022
30698.000	5	10028
30699.000	5	10030
30700.000	-3	10023
30701.000	2	10028
30702.000	4	10030
30703.000	-4	10023
30704.000	8	10034
30705.000	2	10031
30706.000	-6	10023
30707.000	6	10033
30708.000	1	10030
30709.000	0	10029
30710.000	-1	10028
30711.000	6	10035
30712.000	-1	10030
30713.000	-2	10029
30714.000	4	10034
30715.000	6	10037
30716.000	3	10036
30717.000	3	10037
30718.000	7	10042
30719.000	0	10037
30720.000	5	10042
30721.000	-2	10036
30722.000	9	10047
30723.000	-9	10032
30724.000	1	10039
30725.000	4	10042
30726.000	3	10042
30727.000	9	10049
30728.000	-5	10038
30729.000	11	10052
30730.000	-6	10039
30731.000	3	10046
30732.000	-2	10042
30733.000	5	10048
30734.000	11	10056
30735.000	-4	10044
30736.000	0	10047
30737.000	8	10055
30738.000	1	10050
30739.000	-1	10049
30740.000	4	10053
30741.000	5	10055
30742.000	4	10056
30743.000	2	10055
30744.000	-5	10049
30745.000	-6	10046
30746.000	2	10052
30747.000	4	10055
30748.000	-3	10049
30749.000	2	10053
30750.000	-3	10049
30751.000	2	10053
30752.000	3	10055
30753.000	3	10056
30754.000	2	10055
30755.000	1	10055
30756.000	13	10067
30757.000	0	10058
30758.000	-4	10054
30759.000	2	10059
30760.000	-2	10056
30761.000	9	10066
30762.000	4	10064
30763.000	1	10062
30764.000	6	10067
30765.000	-1	10062
30766.000	4	10067
30767.000	4	10068
30768.000	-3	10062
30769.000	2	10066
30770.000	-3	10062
30771.000	2	10066
30772.000	-3	10062
30773.000	2	10066
30774.000	4	10068
30775.000	-10	10055
30776.000	2	10064
30777.000	4	10067
30778.000	4	10068
30779.000	3	10068
30780.000	2	10068
30781.000	1	10068
30782.000	6	10073
30783.000	0	10069
30784.000	4	10073
30785.000	-8	10062
30786.000	3	10071
30787.000	6	10075
30788.000	5	10076
30789.000	3	10075
30790.000	-5	10068
30791.000	13	10084
30792.000	2	10077
30793.000	11	10087
30794.000	-9	10070
30795.000	1	10078
30796.000	10	10087
30797.000	3	10083
30798.000	0	10081
30799.000	-1	10080
30800.000	5	10085
30801.000	6	10088
30802.000	-2	10082
30803.000	16	10099
30804.000	9	10097
30805.000	-1	10090
30806.000	2	10092
30807.000	2	10093
30808.000	8	10100
30809.000	1	10095
30810.000	-1	10093
30811.000	5	10099
30812.000	-1	10094
30813.000	-3	10092
30814.000	4	10098
30815.000	5	10100
30816.000	-3	10094
30817.000	-4	10092
30818.000	3	10098
30819.000	-2	10094
30820.000	10	10105
30821.000	-3	10095
30822.000	1	10098
30823.000	8	10106
30824.000	-4	10096
30825.000	5	10104
30826.000	1	10101
30827.000	-2	10099
30828.000	5	10105
30829.000	6	10107
30830.000	4	10107
30831.000	-4	10100
30832.000	1	10104
30833.000	2	10106
30834.000	2	10106
30835.000	14	10119
30836.000	8	10117
30837.000	2	10113
30838.000	-5	10107
30839.000	0	10110
30840.000	7	10117
30841.000	2	10115
30842.000	-1	10112
30843.000	-1	10112
30844.000	-1	10112
30845.000	-1	10111
30846.000	7	10119
30847.000	6	10120
30848.000	4	10120
30849.000	3	10120
30850.000	1	10119
30851.000	0	10118
30852.000	0	10118
30853.000	0	10118
30854.000	13	10131
30855.000	0	10122
30856.000	3	10125
30857.000	2	10125
30858.000	-5	10119
30859.000	2	10124
30860.000	2	10125
30861.000	2	10125
30862.000	14	10138
30863.000	1	10129
30864.000	-3	10125
30865.000	2	10130
30866.000	-2	10126
30867.000	3	10131
30868.000	-3	10125
30869.000	2	10130
30870.000	-3	10125
30871.000	3	10130
30872.000	-2	10126
30873.000	3	10131
30874.000	3	10131
30875.000	3	10132
30876.000	-5	10125
30877.000	1	10130
30878.000	9	10138
30879.000	2	10134
30880.000	6	10138
30881.000	-1	10133
30882.000	3	10137
30883.000	-3	10132
30884.000	3	10137
30885.000	4	10139
30886.000	2	10138
30887.000	2	10139
30888.000	7	10144
30889.000	1	10140
30890.000	4	10144
30891.000	-2	10139
30892.000	3	10143
30893.000	4	10145
30894.000	-3	10139
30895.000	1	10142
30896.000	3	10145
30897.000	2	10145
30898.000	8	10151
30899.000	0	10146
30900.000	5	10151
30901.000	5	10152
30902.000	3	10152
30903.000	2	10151
30904.000	1	10151
30905.000	0	10150
30906.000	0	10150
30907.000	0	10150
30908.000	0	10150
30909.000	-6	10144
30910.000	0	10149
30911.000	1	10150
30912.000	-11	10138
30913.000	-5	10141
30914.000	5	10149
30915.000	6	10152
30916.000	5	10152
30917.000	3	10152
30918.000	2	10152
30919.000	0	10150
30920.000	0	10150
30921.000	7	10157
30922.000	-1	10151
30923.000	5	10157
30924.000	4	10158
30925.000	-3	10152
30926.000	8	10162
30927.000	3	10159
30928.000	-6	10151
30929.000	6	10161
30930.000	1	10158
30931.000	6	10164
30932.000	-7	10152
30933.000	3	10160
30934.000	6	10164
30935.000	-1	10159
30936.000	3	10163
30937.000	-3	10158
30938.000	-4	10156
30939.000	4	10162
30940.000	4	10164
30941.000	-3	10158
30942.000	3	10163
30943.000	-4	10157
30944.000	9	10169
30945.000	3	10165
30946.000	-5	10158
30947.000	6	10168
30948.000	8	10172
30949.000	-1	10165
30950.000	4	10170
30951.000	10	10177
30952.000	-3	10167
30953.000	6	10175
30954.000	0	10171
30955.000	5	10176
30956.000	6	10178
30957.000	-3	10171
30958.000	2	10175
30959.000	-4	10170
30960.000	8	10181
30961.000	4	10179
30962.000	7	10183
30963.000	0	10178
30964.000	-2	10176
30965.000	4	10182
30966.000	-2	10177
30967.000	4	10182
30968.000	3	10182
30969.000	-3	10177
30970.000	2	10181
30971.000	-4	10176
30972.000	9	10188
30973.000	-3	10179
30974.000	1	10182
30975.000	8	10189
30976.000	-5	10178
30977.000	5	10187
30978.000	-6	10177
30979.000	6	10188
30980.000	-6	10177
30981.000	6	10188
30982.000	7	10190
30983.000	-8	10177
30984.000	10	10193
30985.000	-1	10185
30986.000	3	10189
30987.000	-4	10183
30988.000	-4	10181
30989.000	10	10194
30990.000	4	10191
30991.000	2	10190
30992.000	-7	10182
30993.000	6	10193
30994.000	2	10191
30995.000	-6	10183
30996.000	6	10194
30997.000	1	10190
30998.000	-1	10189
30999.000	5	10194
31000.000	0	10191
31001.000	-3	10188
31002.000	5	10195
31003.000	-1	10190
31004.000	-3	10188
31005.000	-2	10188
31006.000	11	10201
31007.000	-1	10192
31008.000	2	10195
31009.000	2	10195
31010.000	2	10196
31011.000	2	10196
31012.000	7	10202
31013.000	12	10209
31014.000	-2	10199
31015.000	-5	10195
31016.000	1	10200
31017.000	16	10215
31018.000	2	10206
31019.000	-2	10202
31020.000	4	10208
31021.000	10	10215
31022.000	3	10211
31023.000	0	10209
31024.000	-1	10208
31025.000	-1	10208
31026.000	0	10208
31027.000	-7	10201
31028.000	-1	10205
31029.000	2	10208
31030.000	9	10215
31031.000	1	10210
31032.000	-1	10208
31033.000	-2	10207
31034.000	-1	10208
31035.000	6	10214
31036.000	0	10210
31037.000	-2	10208
31038.000	-2	10207
31039.000	4	10213
31040.000	-1	10209
31041.000	5	10215
31042.000	4	10215
31043.000	3	10215
31044.000	2	10215
31045.000	1	10215
31046.000	0	10214
31047.000	13	10227
31048.000	0	10218
31049.000	3	10221
31050.000	3	10222
31051.000	1	10221
31052.000	1	10221
31053.000	7	10228
31054.000	0	10223
31055.000	-2	10221
31056.000	4	10226
31057.000	5	10228
31058.000	11	10236
31059.000	2	10230
31060.000	5	10234
31061.000	-1	10229
31062.000	3	10233
31063.000	4	10235
31064.000	9	10241
31065.000	2	10237
31066.000	5	10240
31067.000	4	10241
31068.000	-9	10229
31069.000	2	10237
31070.000	-2	10234
31071.000	-2	10233
31072.000	4	10239
31073.000	-7	10229
31074.000	-3	10231
31075.000	0	10233
31076.000	7	10240
31077.000	1	10236
31078.000	-2	10233
31079.000	-1	10234
31080.000	-8	10226
31081.000	-1	10231
31082.000	2	10234
31083.000	2	10234
31084.000	-5	10228
31085.000	-6	10225
31086.000	2	10232
31087.000	10	10240
31088.000	4	10237
31089.000	-6	10228
31090.000	5	10238
31091.000	1	10235
31092.000	0	10234
31093.000	-1	10233
31094.000	-1	10233
31095.000	6	10240
31096.000	0	10236
31097.000	-2	10234
31098.000	4	10239
31099.000	11	10247
31100.000	4	10243
31101.000	0	10241
31102.000	6	10247
31103.000	-1	10241
31104.000	-9	10233
31105.000	5	10244
31106.000	-6	10235
31107.000	5	10244
31108.000	7	10248
31109.000	12	10255
31110.000	-9	10237
31111.000	0	10244
31112.000	-4	10240
31113.000	9	10251
31114.000	11	10256
31115.000	1	10249
31116.000	-2	10247
31117.000	4	10252
31118.000	-2	10247
31119.000	3	10252
31120.000	11	10261
31121.000	-4	10249
31122.000	0	10252
31123.000	14	10266
31124.000	1	10257
31125.000	3	10259
31126.000	-4	10253
31127.000	2	10258
31128.000	3	10260
31129.000	-3	10254
31130.000	7	10264
31131.000	-3	10256
31132.000	0	10258
31133.000	8	10266
31134.000	-5	10255
31135.000	5	10264
31136.000	-6	10254
31137.000	6	10264
31138.000	1	10261
31139.000	5	10265
31140.000	5	10267
31141.000	3	10266
31142.000	-4	10260
31143.000	1	10264
31144.000	9	10272
31145.000	-4	10262
31146.000	5	10270
31147.000	-5	10261
31148.000	5	10270
31149.000	1	10267
31150.000	5	10272
31151.000	-8	10260
31152.000	4	10270
31153.000	0	10267
31154.000	4	10271
31155.000	-1	10267
31156.000	-3	10265
31157.000	4	10271
31158.000	-1	10267
31159.000	-3	10265
31160.000	4	10271
31161.000	-8	10260
31162.000	10	10276
31163.000	0	10269
31164.000	3	10272
31165.000	-4	10266
31166.000	3	10272
31167.000	3	10272
31168.000	2	10272
31169.000	2	10273
31170.000	1	10273
31171.000	0	10272
31172.000	7	10279
31173.000	0	10274
31174.000	4	10278
31175.000	-2	10273
31176.000	3	10278
31177.000	-9	10266
31178.000	3	10276
31179.000	6	10280
31180.000	4	10279
31181.000	-3	10274
31182.000	8	10284
31183.000	2	10280
31184.000	-6	10273
31185.000	6	10283
31186.000	1	10280
31187.000	6	10285
31188.000	0	10281
31189.000	10	10291
31190.000	-3	10281
31191.000	1	10284
31192.000	2	10285
31193.000	1	10285
31194.000	7	10291
31195.000	1	10287
31196.000	-1	10286
31197.000	10	10296
31198.000	5	10294
31199.000	9	10300
31200.000	0	10293
31201.000	4	10297
31202.000	4	10299
31203.000	9	10305
31204.000	-4	10295
31205.000	-8	10289
31206.000	7	10302
31207.000	2	10299
31208.000	1	10299
31209.000	0	10298
31210.000	-7	10291
31211.000	-1	10295
31212.000	2	10298
31213.000	2	10298
31214.000	1	10298
31215.000	-5	10292
31216.000	7	10303
31217.000	1	10299
31218.000	7	10305
31219.000	-7	10293
31220.000	4	10302
31221.000	-7	10292
31222.000	-2	10295
31223.000	1	10297
31224.000	1	10298
31225.000	-6	10291
31226.000	7	10302
31227.000	2	10299
31228.000	0	10298
31229.000	0	10298
31230.000	12	10310
31231.000	0	10302
31232.000	-4	10298
31233.000	9	10309
31234.000	-3	10300
31235.000	-6	10296
31236.000	-5	10295
31237.000	11	10310
31238.000	-2	10300
31239.000	-4	10298
31240.000	-4	10296
31241.000	10	10309
31242.000	-2	10300
31243.000	2	10304
31244.000	8	10310
31245.000	-4	10301
31246.000	-1	10302
31247.000	1	10304
31248.000	7	10310
31249.000	0	10305
31250.000	-1	10304
31251.000	-2	10303
31252.000	12	10317
31253.000	-1	10307
31254.000	3	10311
31255.000	2	10311
31256.000	2	10311
31257.000	0	10310
31258.000	1	10311
31259.000	0	10310
31260.000	13	10323
31261.000	7	10321
31262.000	-4	10312
31263.000	0	10315
31264.000	-5	10310
31265.000	2	10316
31266.000	10	10324
31267.000	9	10326
31268.000	-1	10319
31269.000	-3	10317
31270.000	3	10322
31271.000	-1	10319
31272.000	3	10322
31273.000	10	10330
31274.000	3	10326
31275.000	7	10331
31276.000	-1	10325
31277.000	3	10329
31278.000	-9	10318
31279.000	3	10327
31280.000	-1	10324
31281.000	4	10329
31282.000	5	10331
31283.000	4	10331
31284.000	2	10331
31285.000	1	10330
31286.000	0	10329
31287.000	0	10329
31288.000	0	10329
31289.000	-12	10317
31290.000	0	10326
31291.000	3	10329
31292.000	10	10337
31293.000	3	10333
31294.000	6	10337
31295.000	-1	10331
31296.000	4	10336
31297.000	3	10336
31298.000	3	10337
31299.000	-11	10324
31300.000	0	10332
31301.000	4	10336
31302.000	5	10338
31303.000	2	10337
31304.000	2	10337
31305.000	0	10336
31306.000	1	10337
31307.000	6	10342
31308.000	0	10338
31309.000	4	10342
31310.000	-8	10331
31311.000	3	10340
31312.000	6	10344
31313.000	5	10344
31314.000	3	10344
31315.000	1	10343
31316.000	7	10349
31317.000	7	10351
31318.000	-8	10338
31319.000	2	10346
31320.000	5	10349
31321.000	-2	10344
31322.000	2	10347
31323.000	10	10356
31324.000	-3	10346
31325.000	-1	10347
31326.000	1	10349
31327.000	1	10349
31328.000	-12	10336
31329.000	0	10345
31330.000	4	10349
31331.000	10	10356
31332.000	-3	10346
31333.000	-1	10347
31334.000	7	10355
31335.000	1	10351
31336.000	6	10356
31337.000	-8	10344
31338.000	9	10359
31339.000	6	10358
31340.000	-4	10350
31341.000	-5	10348
31342.000	9	10360
31343.000	3	10357
31344.000	8	10363
31345.000	-6	10351
31346.000	-3	10353
31347.000	6	10361
31348.000	7	10363
31349.000	-7	10352
31350.000	2	10358
31351.000	6	10363
31352.000	4	10363
31353.000	2	10362
31354.000	2	10363
31355.000	-5	10356
31356.000	0	10360
31357.000	8	10368
31358.000	2	10364
31359.000	-1	10362
31360.000	-8	10354
31361.000	6	10366
31362.000	1	10363
31363.000	6	10368
31364.000	-7	10357
31365.000	4	10366
31366.000	0	10363
31367.000	5	10368
31368.000	-8	10357
31369.000	3	10365
31370.000	6	10369
31371.000	-2	10363
31372.000	3	10367
31373.000	4	10369
31374.000	3	10369
31375.000	1	10368
31376.000	-5	10363
31377.000	0	10366
31378.000	8	10374
31379.000	-4	10364
31380.000	5	10372
31381.000	1	10370
31382.000	6	10375
31383.000	-1	10370
31384.000	-3	10368
31385.000	4	10374
31386.000	-2	10369
31387.000	3	10373
31388.000	4	10375
31389.000	3	10375
31390.000	-4	10369
31391.000	1	10373
31392.000	-11	10361
31393.000	2	10371
31394.000	12	10382
31395.000	-8	10365
31396.000	7	10378
31397.000	4	10377
31398.000	-5	10369
31399.000	6	10379
31400.000	2	10376
31401.000	0	10375
31402.000	-1	10374
31403.000	-7	10368
31404.000	-1	10372
31405.000	8	10380
31406.000	3	10378
31407.000	5	10381
31408.000	-1	10376
31409.000	-3	10374
31410.000	10	10386
31411.000	-1	10378
31412.000	2	10381
31413.000	2	10381
31414.000	1	10381
31415.000	7	10387
31416.000	-5	10377
31417.000	4	10385
31418.000	-6	10376
31419.000	11	10391
31420.000	1	10384
31421.000	4	10388
31422.000	3	10388
31423.000	-4	10382
31424.000	7	10392
31425.000	9	10396
31426.000	1	10390
31427.000	3	10393
31428.000	-8	10383
31429.000	9	10397
31430.000	5	10396
31431.000	-4	10388
31432.000	1	10392
31433.000	2	10394
31434.000	-4	10388
31435.000	8	10399
31436.000	2	10395
31437.000	0	10394
31438.000	6	10400
31439.000	6	10402
31440.000	-2	10396
31441.000	3	10400
31442.000	3	10401
31443.000	-5	10394
31444.000	8	10405
31445.000	2	10402
31446.000	1	10401
31447.000	-1	10400
31448.000	0	10400
31449.000	6	10406
31450.000	-1	10401
31451.000	5	10407
31452.000	10	10413
31453.000	-3	10403
31454.000	0	10405
31455.000	-5	10400
31456.000	1	10405
31457.000	-4	10400
31458.000	2	10405
31459.000	-3	10401
31460.000	3	10406
31461.000	-3	10401
31462.000	3	10406
31463.000	-3	10401
31464.000	3	10406
31465.000	3	10407
31466.000	3	10407
31467.000	2	10407
31468.000	-6	10400
31469.000	7	10411
31470.000	-4	10402
31471.000	7	10412
31472.000	-6	10401
31473.000	-1	10404
31474.000	-5	10400
31475.000	1	10405
31476.000	-3	10401
31477.000	2	10405
31478.000	-3	10401
31479.000	3	10406
31480.000	-3	10401
31481.000	-10	10393
31482.000	4	10404
31483.000	0	10401
31484.000	6	10407
31485.000	-1	10402
31486.000	3	10405
31487.000	-2	10401
31488.000	-4	10399
31489.000	10	10411
31490.000	-1	10403
31491.000	2	10406
31492.000	-5	10400
31493.000	-5	10398
31494.000	10	10412
31495.000	-2	10403
31496.000	-5	10399
31497.000	2	10405
31498.000	-2	10401
31499.000	3	10406
31500.000	-3	10401
31501.000	-4	10399
31502.000	10	10411
31503.000	-1	10403
31504.000	8	10412
31505.000	-4	10403
31506.000	0	10405
31507.000	0	10405
31508.000	-5	10400
31509.000	7	10411
31510.000	3	10409
31511.000	-6	10401
31512.000	12	10417
31513.000	1	10410
31514.000	-8	10401
31515.000	10	10417
31516.000	-7	10403
31517.000	3	10410
31518.000	-1	10407
31519.000	11	10419
31520.000	-2	10409
31521.000	2	10413
31522.000	2	10413
31523.000	1	10413
31524.000	-6	10406
31525.000	1	10411
31526.000	9	10420
31527.000	-5	10408
31528.000	-1	10411
31529.000	7	10419
31530.000	-5	10409
31531.000	-1	10411
31532.000	0	10412
31533.000	1	10413
31534.000	1	10413
31535.000	0	10413
31536.000	0	10413
31537.000	1	10414
31538.000	-7	10406
31539.000	-6	10405
31540.000	8	10417
31541.000	4	10415
31542.000	1	10414
31543.000	7	10420
31544.000	-7	10408
31545.000	-2	10411
31546.000	6	10418
31547.000	1	10415
31548.000	-2	10412
31549.000	-1	10413
31550.000	5	10418
31551.000	6	10421
31552.000	-3	10414
31553.000	3	10419
31554.000	-3	10414
31555.000	-4	10412
31556.000	3	10418
31557.000	-2	10414
31558.000	4	10419
31559.000	4	10420
31560.000	9	10426
31561.000	-5	10415
31562.000	0	10419
31563.000	6	10425
31564.000	-5	10415
31565.000	-2	10417
31566.000	1	10419
31567.000	7	10426
31568.000	0	10421
31569.000	5	10426
31570.000	5	10427
31571.000	4	10428
31572.000	-5	10420
31573.000	14	10437
31574.000	2	10430
31575.000	-3	10425
31576.000	11	10438
31577.000	4	10435
31578.000	2	10434
31579.000	6	10438
31580.000	0	10434
31581.000	-2	10432
31582.000	10	10444
31583.000	5	10442
31584.000	2	10440
31585.000	6	10445
31586.000	0	10440
31587.000	4	10444
31588.000	5	10447
31589.000	-4	10439
31590.000	2	10444
31591.000	-4	10439
31592.000	9	10450
31593.000	3	10447
31594.000	-6	10439
31595.000	7	10450
31596.000	1	10446
31597.000	-1	10445
31598.000	13	10458
31599.000	-1	10448
31600.000	2	10451
31601.000	-4	10445
31602.000	8	10456
31603.000	3	10454
31604.000	0	10452
31605.000	0	10452
31606.000	-1	10451
31607.000	6	10457
31608.000	13	10466
31609.000	-2	10455
31610.000	-6	10450
31611.000	-5	10450
31612.000	-4	10449
31613.000	5	10457
31614.000	-1	10452
31615.000	-2	10451
31616.000	4	10456
31617.000	5	10459
31618.000	-2	10453
31619.000	2	10457
31620.000	3	10458
31621.000	2	10458
31622.000	2	10459
31623.000	-6	10451
31624.000	7	10462
31625.000	2	10460
31626.000	0	10458
31627.000	-7	10451
31628.000	6	10462
31629.000	8	10466
31630.000	-7	10453
31631.000	-3	10455
31632.000	-1	10456
31633.000	1	10458
31634.000	7	10464
31635.000	0	10459
31636.000	4	10463
31637.000	-1	10460
31638.000	9	10469
31639.000	-2	10461
31640.000	1	10463
31641.000	-5	10458
31642.000	-6	10455
31643.000	10	10469
31644.000	-2	10460
31645.000	1	10463
31646.000	-4	10458
31647.000	8	10469
31648.000	-3	10460
31649.000	-6	10456
31650.000	-4	10457
31651.000	3	10462
31652.000	-2	10458
31653.000	4	10464
31654.000	-3	10458
31655.000	10	10470
31656.000	4	10467
31657.000	-6	10458
31658.000	7	10469
31659.000	-5	10459
31660.000	-1	10462
31661.000	1	10464
31662.000	1	10464
31663.000	14	10477
31664.000	1	10468
31665.000	3	10471
31666.000	-4	10465
31667.000	-5	10462
31668.000	9	10475
31669.000	-2	10467
31670.000	-5	10463
31671.000	3	10470
31672.000	-3	10464
31673.000	9	10476
31674.000	4	10473
31675.000	-5	10465
31676.000	-1	10468
31677.000	8	10477
31678.000	8	10479
31679.000	0	10473
31680.000	-4	10469
31681.000	4	10476
31682.000	4	10477
31683.000	-3	10472
31684.000	2	10476
31685.000	9	10483
31686.000	3	10480
31687.000	-1	10477
31688.000	-1	10477
31689.000	6	10483
31690.000	12	10491
31691.000	4	10487
31692.000	-6	10478
31693.000	5	10487
31694.000	8	10492
31695.000	-1	10485
31696.000	-3	10483
31697.000	4	10489
31698.000	-2	10484
31699.000	4	10489
31700.000	-3	10484
31701.000	3	10489
31702.000	-3	10484
31703.000	-3	10483
31704.000	10	10495
31705.000	-2	10486
31706.000	-5	10482
31707.000	-4	10482
31708.000	4	10489
31709.000	5	10491
31710.000	4	10491
31711.000	2	10490
31712.000	1	10490
31713.000	0	10489
31714.000	-6	10483
31715.000	1	10489
31716.000	14	10502
31717.000	-5	10487
31718.000	-2	10489
31719.000	-1	10489
31720.000	-1	10489
31721.000	7	10496
31722.000	6	10497
31723.000	5	10498
31724.000	2	10497
31725.000	-5	10490
31726.000	1	10495
31727.000	2	10496
31728.000	1	10496
31729.000	-5	10490
31730.000	1	10495
31731.000	2	10496
31732.000	-4	10490
31733.000	1	10494
31734.000	9	10503
31735.000	3	10499
31736.000	6	10503
31737.000	-1	10498
31738.000	-3	10496
31739.000	-3	10495
31740.000	4	10501
31741.000	-1	10497
31742.000	5	10503
31743.000	-2	10497
31744.000	3	10502
31745.000	-3	10497
31746.000	3	10502
31747.000	4	10504
31748.000	2	10503
31749.000	2	10503
31750.000	7	10509
31751.000	1	10505
31752.000	4	10508
31753.000	5	10511
31754.000	3	10510
31755.000	8	10516
31756.000	7	10517
31757.000	5	10517
31758.000	2	10516
31759.000	1	10516
31760.000	-6	10509
31761.000	1	10514
31762.000	2	10515
31763.000	2	10516
31764.000	1	10516
31765.000	7	10522
31766.000	0	10517
31767.000	-2	10515
31768.000	-2	10514
31769.000	-1	10515
31770.000	6	10521
31771.000	-7	10510
31772.000	4	10519
31773.000	0	10516
31774.000	-1	10515
31775.000	5	10521
31776.000	6	10524
31777.000	4	10523
31778.000	2	10523
31779.000	-6	10515
31780.000	1	10520
31781.000	2	10522
31782.000	2	10522
31783.000	1	10522
31784.000	7	10528
31785.000	0	10523
31786.000	5	10528
31787.000	-2	10523
31788.000	3	10527
31789.000	-2	10523
31790.000	-4	10520
31791.000	3	10526
31792.000	5	10529
31793.000	-2	10524
31794.000	2	10527
31795.000	-4	10522
31796.000	3	10527
31797.000	-3	10522
31798.000	2	10526
31799.000	4	10529
31800.000	-4	10522
31801.000	2	10527
31802.000	9	10535
31803.000	2	10530
31804.000	-7	10522
31805.000	-1	10526
31806.000	1	10528
31807.000	-5	10522
31808.000	1	10526
31809.000	3	10529
31810.000	2	10529
31811.000	2	10529
31812.000	-6	10522
31813.000	6	10532
31814.000	-4	10524
31815.000	0	10527
31816.000	2	10529
31817.000	1	10528
31818.000	-6	10521
31819.000	1	10527
31820.000	2	10528
31821.000	2	10529
31822.000	1	10528
31823.000	-12	10515
31824.000	1	10525
31825.000	4	10528
31826.000	3	10528
31827.000	10	10536
31828.000	1	10530
31829.000	-1	10529
31830.000	-2	10527
31831.000	-1	10528
31832.000	-7	10521
31833.000	-1	10525
31834.000	2	10528
31835.000	2	10529
31836.000	1	10528
31837.000	1	10528
31838.000	0	10528
31839.000	-6	10522
31840.000	0	10526
31841.000	2	10528
31842.000	2	10529
31843.000	1	10528
31844.000	8	10535
31845.000	-6	10524
31846.000	-2	10526
31847.000	-1	10526
31848.000	7	10534
31849.000	1	10530
31850.000	5	10535
31851.000	-1	10530
31852.000	-4	10527
31853.000	4	10534
31854.000	-8	10523
31855.000	-3	10525
31856.000	0	10527
31857.000	6	10533
31858.000	7	10536
31859.000	5	10536
31860.000	3	10536
31861.000	2	10536
31862.000	0	10534
31863.000	7	10541
31864.000	-7	10529
31865.000	-2	10532
31866.000	6	10540
31867.000	7	10543
31868.000	-1	10537
31869.000	3	10540
31870.000	3	10541
31871.000	-3	10536
31872.000	-5	10533
31873.000	2	10539
31874.000	-2	10535
31875.000	-10	10527
31876.000	4	10538
31877.000	1	10536
31878.000	5	10540
31879.000	0	10537
31880.000	3	10540
31881.000	-2	10536
31882.000	-3	10534
31883.000	3	10539
31884.000	5	10542
31885.000	-9	10530
31886.000	2	10538
31887.000	5	10541
31888.000	4	10542
31889.000	3	10542
31890.000	1	10541
31891.000	1	10541
31892.000	0	10541
31893.000	0	10541
31894.000	0	10541
31895.000	-6	10535
31896.000	6	10545
31897.000	2	10543
31898.000	7	10548
31899.000	-1	10542
31900.000	4	10547
31901.000	-2	10542
31902.000	-4	10540
31903.000	3	10545
31904.000	-1	10542
31905.000	-3	10540
31906.000	4	10546
31907.000	5	10548
31908.000	4	10549
31909.000	2	10548
31910.000	1	10548
31911.000	7	10554
31912.000	0	10549
31913.000	-2	10547
31914.000	5	10553
31915.000	-8	10542
31916.000	4	10552
31917.000	-1	10548
31918.000	-2	10546
31919.000	6	10554
31920.000	5	10555
31921.000	4	10555
31922.000	2	10554
31923.000	1	10554
31924.000	-12	10541
31925.000	1	10551
31926.000	3	10553
31927.000	4	10555
31928.000	2	10554
31929.000	2	10555
31930.000	1	10554
31931.000	6	10560
31932.000	0	10555
31933.000	-1	10554
31934.000	4	10559
31935.000	-1	10555
31936.000	-3	10553
31937.000	4	10559
31938.000	-2	10554
31939.000	4	10560
31940.000	4	10561
31941.000	3	10561
31942.000	-5	10554
31943.000	1	10558
31944.000	3	10561
31945.000	-4	10555
31946.000	1	10558
31947.000	2	10560
31948.000	3	10561
31949.000	-12	10547
31950.000	1	10557
31951.000	4	10560
31952.000	4	10561
31953.000	3	10561
31954.000	1	10560
31955.000	1	10561
31956.000	7	10567
31957.000	6	10568
31958.000	5	10569
31959.000	-4	10561
31960.000	1	10565
31961.000	-4	10560
31962.000	8	10571
31963.000	3	10569
31964.000	7	10573
31965.000	0	10569
31966.000	4	10573
31967.000	4	10574
31968.000	3	10574
31969.000	-4	10568
31970.000	1	10572
31971.000	8	10579
31972.000	8	10581
31973.000	0	10576
31974.000	3	10579
31975.000	3	10580
31976.000	-4	10574
31977.000	-5	10571
31978.000	3	10578
31979.000	-2	10574
31980.000	-3	10572
31981.000	4	10578
31982.000	-2	10573
31983.000	4	10579
31984.000	4	10580
31985.000	3	10580
31986.000	-4	10574
31987.000	1	10578
31988.000	2	10579
31989.000	-5	10573
31990.000	-5	10571
31991.000	3	10578
31992.000	-2	10574
31993.000	3	10578
31994.000	4	10580
31995.000	3	10580
31996.000	-4	10574
31997.000	1	10578
31998.000	2	10579
31999.000	1	10579
32000.000	2	10580
32001.000	1	10580
32002.000	0	10579
32003.000	0	10579
32004.000	-6	10573
32005.000	0	10577
32006.000	8	10585
32007.000	2	10582
32008.000	6	10586
32009.000	-1	10581
32010.000	-3	10579
32011.000	-3	10578
32012.000	5	10585
32013.000	-1	10580
32014.000	4	10585
32015.000	-2	10580
32016.000	-3	10579
32017.000	-9	10572
32018.000	4	10582
32019.000	1	10580
32020.000	0	10580
32021.000	0	10580
32022.000	-1	10579
32023.000	-1	10578
32024.000	0	10579
32025.000	0	10579
32026.000	-6	10573
32027.000	6	10583
32028.000	2	10581
32029.000	0	10580
32030.000	6	10586
32031.000	-1	10580
32032.000	5	10586
32033.000	-2	10581
32034.000	2	10584
32035.000	4	10587
32036.000	-4	10580
32037.000	2	10585
32038.000	3	10586
32039.000	-11	10573
32040.000	2	10583
32041.000	4	10585
32042.000	-2	10581
32043.000	3	10585
32044.000	3	10586
32045.000	-4	10580
32046.000	-4	10579
32047.000	3	10584
32048.000	4	10586
32049.000	3	10587
32050.000	2	10586
32051.000	-12	10573
32052.000	7	10588
32053.000	4	10588
32054.000	2	10587
32055.000	1	10586
32056.000	6	10592
32057.000	-6	10581
32058.000	-2	10584
32059.000	6	10591
32060.000	0	10587
32061.000	-1	10586
32062.000	-1	10586
32063.000	-1	10585
32064.000	-1	10585
32065.000	0	10586
32066.000	-1	10585
32067.000	-6	10579
32068.000	0	10584
32069.000	2	10586
32070.000	2	10586
32071.000	1	10586
32072.000	1	10586
32073.000	7	10592
32074.000	0	10587
32075.000	4	10591
32076.000	-1	10588
32077.000	-4	10584
32078.000	-2	10585
32079.000	4	10591
32080.000	6	10594
32081.000	-3	10587
32082.000	-4	10585
32083.000	4	10591
32084.000	4	10593
32085.000	-3	10587
32086.000	-4	10585
32087.000	3	10591
32088.000	10	10599
32089.000	3	10595
32090.000	-6	10587
32091.000	0	10591
32092.000	1	10592
32093.000	1	10592
32094.000	-6	10585
32095.000	7	10597
32096.000	9	10601
32097.000	-6	10588
32098.000	-3	10590
32099.000	6	10598
32100.000	-6	10587
32101.000	5	10597
32102.000	0	10593
32103.000	12	10605
32104.000	-8	10589
32105.000	1	10595
32106.000	5	10600
32107.000	10	10606
32108.000	-11	10588
32109.000	5	10601
32110.000	3	10600
32111.000	-6	10592
32112.000	7	10603
32113.000	2	10601
32114.000	6	10605
32115.000	-7	10594
32116.000	-3	10596
32117.000	-1	10597
32118.000	1	10599
32119.000	-6	10592
32120.000	0	10596
32121.000	2	10598
32122.000	-4	10593
32123.000	-5	10591
32124.000	3	10597
32125.000	-2	10593
32126.000	3	10597
32127.000	11	10606
32128.000	-4	10595
32129.000	0	10597
32130.000	7	10604
32131.000	1	10600
32132.000	-1	10599
32133.000	5	10604
32134.000	-1	10600
32135.000	-3	10598
32136.000	-2	10598
32137.000	11	10610
32138.000	6	10608
32139.000	-4	10600
32140.000	0	10603
32141.000	2	10605
32142.000	-5	10599
32143.000	1	10603
32144.000	-4	10598
32145.000	9	10610
32146.000	3	10607
32147.000	-5	10600
32148.000	0	10603
32149.000	1	10604
32150.000	-11	10593
32151.000	1	10601
32152.000	-2	10599
32153.000	4	10604
32154.000	4	10605
32155.000	-9	10593
32156.000	9	10609
32157.000	4	10606
32158.000	-4	10600
32159.000	1	10603
32160.000	-4	10599
32161.000	2	10604
32162.000	3	10605
32163.000	3	10606
32164.000	2	10606
32165.000	0	10605
32166.000	1	10606
32167.000	-7	10598
32168.000	6	10609
32169.000	-4	10601
32170.000	6	10609
32171.000	2	10607
32172.000	-1	10605
32173.000	6	10611
32174.000	-7	10600
32175.000	4	10609
32176.000	-1	10605
32177.000	11	10617
32178.000	-1	10608
32179.000	2	10611
32180.000	1	10611
32181.000	-4	10606
32182.000	1	10610
32183.000	2	10611
32184.000	2	10612
32185.000	-5	10605
32186.000	8	10617
32187.000	-11	10600
32188.000	7	10615
32189.000	3	10613
32190.000	-5	10606
32191.000	0	10609
32192.000	1	10610
32193.000	2	10612
32194.000	-5	10605
32195.000	8	10617
32196.000	-4	10607
32197.000	6	10616
32198.000	1	10613
32199.000	0	10612
32200.000	-1	10611
32201.000	-1	10611
32202.000	5	10616
32203.000	0	10613
32204.000	5	10618
32205.000	-9	10605
32206.000	3	10615
32207.000	0	10613
32208.000	5	10618
32209.000	4	10618
32210.000	-3	10612
32211.000	2	10616
32212.000	-3	10612
32213.000	3	10617
32214.000	3	10618
32215.000	2	10618
32216.000	2	10619
32217.000	7	10624
32218.000	-6	10613
32219.000	5	10622
32220.000	0	10619
32221.000	-2	10617
32222.000	-1	10617
32223.000	-1	10617
32224.000	0	10618
32225.000	-7	10611
32226.000	6	10622
32227.000	-5	10612
32228.000	7	10623
32229.000	-5	10613
32230.000	-1	10616
32231.000	-5	10611
32232.000	8	10623
32233.000	3	10620
32234.000	0	10618
32235.000	6	10624
32236.000	-1	10619
32237.000	-2	10618
32238.000	10	10629
32239.000	-7	10615
32240.000	8	10628
32241.000	-2	10620
32242.000	1	10623
32243.000	-4	10618
32244.000	2	10623
32245.000	-3	10618
32246.000	2	10622
32247.000	4	10625
32248.000	3	10625
32249.000	1	10624
32250.000	-5	10618
32251.000	0	10622
32252.000	-4	10618
32253.000	2	10623
32254.000	3	10624
32255.000	-4	10618
32256.000	-5	10616
32257.000	-3	10617
32258.000	-3	10616
32259.000	6	10624
32260.000	-1	10619
32261.000	5	10624
32262.000	-2	10619
32263.000	3	10623
32264.000	-2	10619
32265.000	3	10623
32266.000	-4	10617
32267.000	-10	10610
32268.000	4	10621
32269.000	0	10618
32270.000	6	10624
32271.000	-1	10619
32272.000	4	10624
32273.000	4	10625
32274.000	-4	10618
32275.000	2	10623
32276.000	-4	10618
32277.000	2	10622
32278.000	-2	10619
32279.000	9	10629
32280.000	3	10626
32281.000	-12	10612
32282.000	6	10626
32283.000	-9	10613
32284.000	2	10622
32285.000	4	10624
32286.000	-9	10612
32287.000	-4	10615
32288.000	-7	10610
32289.000	0	10615
32290.000	2	10617
32291.000	-11	10605
32292.000	2	10615
32293.000	5	10618
32294.000	-9	10606
32295.000	-4	10608
32296.000	-1	10610
32297.000	1	10612
32298.000	7	10618
32299.000	0	10613
32300.000	5	10618
32301.000	-9	10605
32302.000	-3	10609
32303.000	6	10617
32304.000	0	10613
32305.000	-8	10605
32306.000	-2	10608
32307.000	1	10611
32308.000	2	10612
32309.000	-5	10606
32310.000	-6	10603
32311.000	2	10609
32312.000	3	10611
32313.000	4	10613
32314.000	-11	10599
32315.000	2	10609
32316.000	-2	10605
32317.000	4	10611
32318.000	-2	10606
32319.000	-16	10591
32320.000	-3	10599
32321.000	2	10604
32322.000	3	10605
32323.000	3	10606
32324.000	-5	10599
32325.000	-5	10597
32326.000	-5	10596
32327.000	4	10603
32328.000	-1	10600
32329.000	-9	10591
32330.000	-2	10596
32331.000	7	10604
32332.000	2	10601
32333.000	-1	10599
32334.000	-8	10591
32335.000	5	10602
32336.000	1	10600
32337.000	0	10599
32338.000	-1	10598
32339.000	0	10599
32340.000	0	10599
32341.000	-1	10598
32342.000	0	10598
32343.000	0	10598
32344.000	0	10598
32345.000	0	10598
32346.000	0	10598
32347.000	1	10599
32348.000	6	10605
32349.000	0	10600
32350.000	-15	10585
32351.000	-2	10594
32352.000	2	10597
32353.000	3	10599
32354.000	3	10600
32355.000	1	10599
32356.000	-12	10586
32357.000	0	10594
32358.000	4	10598
32359.000	-2	10594
32360.000	3	10598
32361.000	-3	10593
32362.000	-11	10584
32363.000	-3	10589
32364.000	0	10591
32365.000	2	10593
32366.000	-5	10586
32367.000	0	10590
32368.000	-4	10586
32369.000	-5	10584
32370.000	-3	10584
32371.000	5	10591
32372.000	-7	10581
32373.000	-3	10583
32374.000	0	10585
32375.000	-12	10573
32376.000	-5	10576
32377.000	-3	10577
32378.000	0	10579
32379.000	0	10579
32380.000	1	10580
32381.000	0	10579
32382.000	-6	10573
32383.000	0	10577
32384.000	-5	10572
32385.000	2	10578
32386.000	3	10579
32387.000	-3	10574
32388.000	2	10578
32389.000	-4	10573
32390.000	-4	10572
32391.000	-10	10565
32392.000	5	10577
32393.000	1	10574
32394.000	0	10573
32395.000	-1	10572
32396.000	-1	10572
32397.000	-6	10567
32398.000	0	10571
32399.000	-5	10566
32400.000	2	10571
32401.000	-4	10566
32402.000	3	10572
32403.000	4	10574
32404.000	3	10574
32405.000	-5	10567
32406.000	1	10571
32407.000	3	10574
32408.000	2	10574
32409.000	1	10573
32410.000	7	10579
32411.000	0	10575
32412.000	-2	10573
32413.000	-8	10566
32414.000	-1	10571
32415.000	1	10572
32416.000	1	10573
32417.000	8	10580
32418.000	1	10575
32419.000	-2	10573
32420.000	-2	10572
32421.000	5	10578
32422.000	0	10575
32423.000	-2	10573
32424.000	-3	10571
32425.000	-1	10572
32426.000	-1	10572
32427.000	-7	10566
32428.000	1	10572
32429.000	8	10579
32430.000	-5	10568
32431.000	0	10572
32432.000	-6	10566
32433.000	1	10571
32434.000	3	10573
32435.000	-4	10567
32436.000	-5	10565
32437.000	2	10571
32438.000	-2	10567
32439.000	-3	10566
32440.000	4	10572
32441.000	-1	10568
32442.000	-3	10566
32443.000	-8	10560
32444.000	5	10570
32445.000	-6	10561
32446.000	-6	10559
32447.000	1	10564
32448.000	-10	10553
32449.000	-3	10557
32450.000	-1	10559
32451.000	1	10560
32452.000	-6	10554
32453.000	0	10558
32454.000	-4	10554
32455.000	-4	10553
32456.000	3	10558
32457.000	-8	10548
32458.000	3	10557
32459.000	-6	10549
32460.000	-1	10552
32461.000	0	10553
32462.000	-5	10548
32463.000	0	10551
32464.000	-4	10547
32465.000	-4	10546
32466.000	-3	10546
32467.000	-1	10547
32468.000	-1	10547
32469.000	0	10547
32470.000	-1	10546
32471.000	0	10547
32472.000	-6	10541
32473.000	7	10552
32474.000	2	10549
32475.000	6	10554
32476.000	-7	10543
32477.000	3	10551
32478.000	-6	10542
32479.000	-2	10545
32480.000	1	10547
32481.000	1	10547
32482.000	-6	10541
32483.000	1	10546
32484.000	2	10547
32485.000	-11	10535
32486.000	1	10543
32487.000	-8	10535
32488.000	5	10545
32489.000	0	10542
32490.000	-8	10534
32491.000	-1	10538
32492.000	8	10547
32493.000	-11	10531
32494.000	-1	10537
32495.000	2	10540
32496.000	-3	10536
32497.000	-5	10533
32498.000	-3	10533
32499.000	-8	10527
32500.000	5	10538
32501.000	2	10536
32502.000	0	10535
32503.000	-7	10528
32504.000	-1	10532
32505.000	1	10534
32506.000	2	10535
32507.000	-5	10528
32508.000	-5	10527
32509.000	2	10532
32510.000	-3	10528
32511.000	4	10534
32512.000	-2	10529
32513.000	-4	10527
32514.000	4	10534
32515.000	4	10535
32516.000	-2	10530
32517.000	2	10533
32518.000	3	10535
32519.000	-11	10522
32520.000	-5	10525
32521.000	-1	10527
32522.000	0	10528
32523.000	6	10534
32524.000	0	10530
32525.000	-1	10529
32526.000	-2	10527
32527.000	5	10534
32528.000	0	10530
32529.000	-3	10527
32530.001	-2	10527
32531.000	5	10534
32532.000	-1	10529
32533.000	-2	10528
32534.000	-8	10521
32535.000	5	10532
32536.000	1	10529
32537.000	-1	10528
32538.000	6	10534
32539.000	0	10530
32540.000	-3	10527
32541.000	4	10533
32542.000	-1	10529
32543.000	4	10534
32544.000	-2	10529
32545.000	-4	10527
32546.000	-3	10527
32547.001	-1	10528
32548.001	-1	10527
32549.001	-1	10527
32550.001	0	10528
32551.001	-6	10522
32552.001	0	10526
32553.001	-4	10522
32554.001	-5	10520
32555.001	-3	10520
32556.001	-2	10520
32557.001	-1	10521
32558.001	0	10521
32559.001	0	10521
32560.001	7	10528
32561.001	-6	10518
32562.001	-3	10519
32563.001	-6	10515
32564.001	1	10520
32565.001	-5	10514
32566.001	9	10527
32567.001	-3	10518
32568.001	-5	10515
32569.001	-5	10513
32570.001	4	10521
32571.001	-8	10510
32572.001	-3	10512
32573.001	0	10515
32574.001	0	10515
32575.001	1	10516
32576.001	-6	10509
32577.000	-6	10507
32578.001	2	10513
32579.001	4	10516
32580.001	-4	10509
32581.000	-4	10508
32582.001	-3	10508
32583.001	4	10514
32584.001	-1	10510
32585.001	-2	10509
32586.001	4	10514
32587.001	-7	10504
32588.001	-3	10506
32589.001	-7	10501
32590.001	7	10513
32591.001	-4	10504
32592.001	-6	10501
32593.001	8	10513
32594.001	-9	10499
32595.001	-5	10500
32596.001	3	10506
32597.001	-1	10503
32598.001	-2	10502
32599.001	5	10508
32600.001	-8	10497
32601.001	4	10507
32602.001	-6	10498
32603.001	-2	10500
32604.001	0	10501
32605.001	-5	10496
32606.001	1	10501
32607.001	-4	10496
32608.001	9	10508
32609.001	-3	10499
32610.001	-6	10495
32611.001	1	10500
32612.001	4	10503
32613.001	-10	10490
32614.001	2	10499
32615.001	-8	10490
32616.001	4	10500
32617.001	-6	10491
32618.001	-1	10494
32619.001	-5	10490
32620.001	-6	10487
32621.001	3	10494
32622.001	-2	10490
32623.001	4	10496
32624.000	-3	10490
32625.001	3	10495
32626.001	4	10497
32627.001	-3	10491
32628.001	-5	10488
32629.001	-4	10488
32630.001	4	10495
32631.001	-1	10491
32632.001	-2	10489
32633.000	-2	10489
32634.001	-1	10489
32635.001	-1	10489
32636.001	-7	10483
32637.001	6	10494
32638.001	2	10491
32639.001	-6	10484
32640.001	0	10488
32641.001	-5	10483
32642.001	1	10488
32643.001	-3	10484
32644.001	-5	10481
32645.001	4	10489
32646.001	-1	10485
32647.001	-9	10476
32648.001	4	10487
32649.001	0	10484
32650.001	-7	10477
32651.001	-1	10481
32652.001	1	10483
32653.001	-5	10477
32654.001	2	10482
32655.001	2	10483
32656.001	-10	10472
32657.001	1	10480
32658.001	5	10484
32659.001	4	10484
32660.001	-10	10472
32661.001	2	10481
32662.001	-2	10477
32663.001	-9	10470
32664.001	-2	10474
32665.001	1	10476
32666.000	8	10484
32667.001	-5	10473
32668.001	-2	10474
32669.001	0	10476
32670.001	8	10484
32671.001	-6	10472
32672.001	5	10481
32673.001	0	10478
32674.001	5	10483
32675.001	-1	10478
32676.001	-2	10477
32677.001	-3	10476
32678.001	5	10483
32679.001	-1	10478
32680.001	4	10483
32681.001	-9	10471
32682.001	3	10480
32683.001	-1	10477
32684.001	5	10483
32685.001	5	10484
32686.001	-9	10472
32687.001	2	10480
32688.001	-1	10478
32689.001	4	10483
32690.001	5	10485
32691.001	-10	10471
32692.001	-4	10474
32693.001	5	10482
32694.001	-1	10478
32695.001	-8	10470
32696.001	-2	10474
32697.001	1	10476
32698.001	-5	10471
32699.001	2	10476
32700.001	-11	10464
32701.001	-4	10467
32702.001	5	10475
32703.001	0	10472
32704.001	-1	10471
32705.001	5	10476
32706.001	-1	10472
32707.001	-2	10471
32708.001	4	10476
32709.001	-2	10471
32710.001	-3	10470
32711.001	-2	10470
32712.001	-1	10470
32713.001	5	10476
32714.001	0	10472
32715.001	-2	10470
32716.001	-15	10457
32717.001	-1	10466
32718.001	-3	10464
32719.001	3	10469
32720.001	-2	10465
32721.001	-3	10463
32722.001	4	10469
32723.001	-1	10466
32724.001	3	10469
32725.001	-2	10465
32726.000	-3	10464
32727.001	3	10469
32728.001	12	10479
32729.001	-3	10467
32730.001	-6	10463
32731.001	1	10468
32732.001	-4	10464
32733.001	-4	10463
32734.001	4	10469
32735.001	-8	10459
32736.001	4	10468
32737.001	-7	10458
32738.001	-1	10462
32739.001	0	10463
32740.001	8	10471
32741.001	-6	10459
32742.001	-1	10463
32743.001	-6	10457
32744.001	-6	10455
32745.001	3	10463
32746.001	-3	10458
32747.001	-9	10451
32748.001	-2	10455
32749.001	1	10457
32750.001	1	10458
32751.001	-6	10451
32752.001	1	10456
32753.001	-4	10451
32754.001	2	10456
32755.001	-10	10445
32756.001	-10	10442
32757.001	-1	10448
32758.001	3	10452
32759.001	2	10451
32760.001	-5	10445
32761.001	1	10450
32762.001	-3	10446
32763.001	-5	10443
32764.001	3	10449
32765.001	-1	10446
32766.001	-3	10444
32767.001	-2	10444
32768.001	5	10451
32769.001	-1	10446
32770.001	-2	10445
32771.001	4	10450
32772.001	-1	10446
32773.001	-3	10444
32774.001	4	10450
32775.001	-2	10445
32776.001	-2	10445
32777.001	-2	10444
32778.001	-2	10444
32779.001	6	10451
32780.001	-7	10440
32781.001	-2	10443
32782.001	6	10450
32783.001	-5	10441
32784.001	5	10449
32785.001	-6	10440
32786.001	-1	10443
32787.001	7	10451
32788.001	1	10447
32789.001	5	10451
32790.001	-1	10447
32791.001	3	10450
32792.001	-9	10439
32793.001	-3	10443
32794.001	5	10450
32795.001	0	10446
32796.001	5	10451
32797.001	-1	10447
32798.001	3	10450
32799.001	-2	10446
32800.001	2	10450
32801.001	-9	10439
32802.001	9	10455
32803.001	-1	10447
32804.001	3	10451
32805.001	3	10452
32806.001	-4	10446
32807.001	1	10450
32808.000	-3	10446
32809.001	2	10450
32810.001	-3	10446
32811.001	2	10450
32812.001	4	10452
32813.001	-4	10445
32814.001	2	10450
32815.001	-4	10445
32816.001	-4	10444
32817.001	-3	10443
32818.001	-2	10444
32819.001	6	10451
32820.001	0	10447
32821.001	4	10451
32822.001	-8	10440
32823.001	3	10449
32824.001	5	10451
32825.001	-8	10440
32826.001	3	10449
32827.001	6	10452
32828.001	-8	10440
32829.001	9	10455
32830.001	-1	10448
32831.001	-4	10444
32832.001	3	10450
32833.001	4	10452
32834.001	3	10452
32835.001	-4	10446
32836.001	1	10450
32837.001	2	10451
32838.001	2	10452
32839.001	1	10451
32840.001	8	10459
32841.001	-6	10447
32842.001	4	10455
32843.001	0	10452
32844.001	-8	10444
32845.001	5	10455
32846.001	1	10453
32847.001	-7	10445
32848.001	-7	10443
32849.001	8	10456
32850.001	3	10453
32851.001	-5	10446
32852.001	0	10449
32853.001	-5	10444
32854.001	-4	10444
32855.001	3	10450
32856.001	4	10452
32857.001	-3	10446
32858.001	-4	10444
32859.001	-3	10444
32860.001	-2	10444
32861.001	-1	10444
32862.001	-1	10444
32863.001	0	10445
32864.001	6	10451
32865.001	0	10446
32866.001	-14	10432
32867.001	-2	10440
32868.001	3	10445
32869.001	-10	10433
32870.001	2	10442
32871.001	5	10445
32872.001	11	10453
32873.001	-10	10435
32874.001	6	10448
32875.001	3	10447
32876.001	1	10446
32877.001	-6	10439
32878.001	-1	10442
32879.001	-4	10439
32880.001	2	10444
32881.001	9	10451
32882.001	2	10447
32883.001	0	10446
32884.001	-7	10439
32885.001	-1	10442
32886.001	1	10444
32887.001	2	10445
32888.001	8	10452
32889.001	7	10453
32890.001	-9	10440
32891.001	3	10449
32892.001	5	10452
32893.001	5	10453
32894.001	-4	10446
32895.001	1	10450
32896.001	3	10452
32897.001	9	10459
32898.001	-5	10447
32899.001	-2	10449
32900.001	0	10450
32901.001	1	10451
32902.001	-5	10446
32903.001	6	10455
32904.001	9	10460
32905.001	-6	10448
32906.001	3	10455
32907.001	6	10459
32908.001	-2	10453
32909.001	-9	10445
32910.001	3	10454
32911.001	0	10452
32912.001	5	10457
32913.001	-7	10447
32914.001	4	10456
32915.001	6	10459
32916.001	-2	10453
32917.001	-3	10451
32918.001	3	10456
32919.001	-2	10452
32920.001	-3	10450
32921.001	-2	10450
32922.001	5	10457
32923.001	6	10459
32924.001	4	10459
32925.001	-4	10452
32926.001	1	10456
32927.001	9	10464
32928.001	2	10460
32929.001	-7	10452
32930.001	-1	10456
32931.001	7	10463
32932.001	1	10459
32933.001	-7	10452
32934.001	5	10462
32935.001	1	10459
32936.001	5	10463
32937.001	-7	10453
32938.001	4	10462
32939.001	6	10465
32940.001	12	10473
32941.001	-4	10460
32942.001	-1	10462
32943.001	1	10464
32944.001	8	10471
32945.001	-6	10460
32946.001	4	10468
32947.001	1	10466
32948.001	-8	10457
32949.001	5	10468
32950.001	1	10465
32951.001	6	10471
32952.001	-7	10460
32953.001	3	10467
32954.001	0	10465
32955.001	-2	10463
32956.001	5	10470
32957.001	6	10472
32958.001	-9	10459
32959.001	2	10467
32960.001	-1	10465
32961.001	11	10477
32962.001	4	10473
32963.001	-11	10459
32964.001	0	10467
32965.001	3	10470
32966.001	-3	10465
32967.001	3	10470
32968.001	3	10471
32969.001	-3	10466
32970.001	8	10476
32971.001	2	10472
32972.001	-6	10465
32973.001	-1	10468
32974.001	2	10471
32975.001	-5	10464
32976.001	8	10476
32977.001	2	10472
32978.001	0	10471
32979.001	0	10471
32980.001	6	10477
32981.001	-7	10466
32982.001	4	10474
32983.001	0	10472
32984.001	-1	10471
32985.001	-2	10469
32986.001	-1	10470
32987.001	0	10470
32988.001	0	10470
32989.001	6	10476
32990.001	-7	10465
32991.001	11	10481
32992.001	0	10473
32993.001	-3	10470
32994.001	10	10483
32995.001	-2	10474
32996.001	1	10476
32997.001	-5	10470
32998.001	8	10482
32999.001	3	10479
33000.001	7	10484
33001.001	-7	10472
33002.001	4	10481
33003.001	-7	10471
33004.001	5	10481
33005.001	1	10479
33006.001	-1	10477
33007.001	5	10483
33008.001	-1	10478
33009.001	4	10483
33010.001	-2	10478
33011.001	-4	10475
33012.001	4	10482
33013.001	-8	10471
33014.001	10	10487
33015.001	6	10486
33016.001	-3	10479
33017.001	1	10482
33018.001	2	10483
33019.001	8	10490
33020.001	-5	10479
33021.001	6	10489
33022.001	0	10485
33023.001	5	10490
33024.001	5	10491
33025.001	3	10491
33026.001	9	10497
33027.001	-6	10485
33028.001	-8	10481
33029.001	7	10494
33030.001	2	10491
33031.001	-6	10484
33032.001	7	10495
33033.001	1	10491
33034.001	-7	10483
33035.001	6	10494
33036.001	1	10491
33037.001	6	10496
33038.001	0	10492
33039.001	-3	10489
33040.001	4	10495
33041.001	-2	10490
33042.001	4	10496
33043.001	10	10503
33044.001	3	10499
33045.001	0	10497
33046.001	-1	10496
33047.001	6	10503
33048.001	6	10504
33049.001	-3	10497
33050.001	-4	10495
33051.001	3	10501
33052.001	-2	10497
33053.001	-3	10495
33054.001	-3	10494
33055.001	-8	10489
33056.001	6	10500
33057.001	2	10498
33058.001	0	10497
33059.001	-1	10496
33060.001	6	10502
33061.001	6	10504
33062.001	4	10504
33063.001	-4	10497
33064.001	-5	10495
33065.001	2	10500
33066.001	5	10504
33067.001	3	10503
33068.001	8	10509
33069.001	1	10505
33070.001	-1	10503
33071.001	-2	10502
33072.001	-2	10501
33073.001	0	10503
33074.001	-1	10502
33075.001	0	10502
33076.001	0	10502
33077.001	7	10509
33078.001	-1	10503
33079.001	-2	10502
33080.001	-1	10502
33081.001	-1	10502
33082.001	-1	10502
33083.001	-1	10502
33084.001	6	10508
33085.001	7	10511
33086.001	-2	10504
33087.001	-4	10502
33088.001	-3	10501
33089.001	4	10507
33090.001	-1	10504
33091.001	4	10508
33092.001	5	10511
33093.001	3	10510
33094.001	-5	10503
33095.001	1	10507
33096.001	2	10509
33097.001	2	10509
33098.001	1	10509
33099.001	1	10509
33100.001	1	10510
33101.001	0	10509
33102.001	-1	10508
33103.001	7	10516
33104.001	0	10511
33105.001	-2	10509
33106.001	4	10514
33107.001	-1	10510
33108.001	4	10515
33109.001	-3	10509
33110.001	3	10514
33111.001	4	10516
33112.001	-3	10510
33113.001	2	10514
33114.001	-4	10509
33115.001	-4	10508
33116.001	-3	10508
33117.001	4	10514
33118.001	-8	10503
33119.001	-2	10507
33120.001	7	10515
33121.001	7	10517
33122.001	5	10517
33123.001	3	10517
33124.001	1	10516
33125.001	1	10516
33126.001	-6	10509
33127.001	0	10513
33128.001	2	10515
33129.001	1	10515
33130.001	-5	10509
33131.001	7	10520
33132.001	3	10518
33133.001	6	10522
33134.001	6	10524
33135.001	-9	10510
33136.001	2	10519
33137.001	-1	10516
33138.001	-2	10515
33139.001	-2	10514
33140.001	5	10521
33141.001	6	10523
33142.001	4	10523
33143.001	-4	10516
33144.001	1	10520
33145.001	3	10522
33146.001	8	10528
33147.001	2	10525
33148.001	-2	10521
33149.001	5	10528
33150.001	-1	10523
33151.001	-3	10521
33152.001	4	10527
33153.001	-8	10516
33154.001	4	10526
33155.001	0	10523
33156.001	-2	10521
33157.001	-1	10521
33158.001	5	10527
33159.001	-6	10518
33160.001	4	10526
33161.001	6	10529
33162.001	-8	10517
33163.001	3	10525
33164.001	6	10529
33165.001	-2	10523
33166.001	9	10533
33167.001	4	10531
33168.001	1	10529
33169.001	-1	10528
33170.001	-1	10527
33171.001	6	10534
33172.001	0	10530
33173.001	5	10535
33174.001	-9	10522
33175.001	10	10539
33176.001	-1	10531
33177.001	2	10533
33178.001	-3	10529
33179.001	9	10540
33180.001	-3	10531
33181.001	7	10540
33182.001	-5	10530
33183.001	-1	10532
33184.001	1	10534
33185.001	1	10534
33186.001	7	10541
33187.001	1	10537
33188.001	5	10541
33189.001	4	10542
33190.001	-3	10536
33191.001	8	10546
33192.001	3	10543
33193.001	-6	10535
33194.001	6	10545
33195.001	-5	10536
33196.001	-1	10539
33197.001	7	10546
33198.001	-5	10537
33199.001	0	10540
33200.001	7	10547
33201.001	0	10542
33202.001	-1	10541
33203.001	5	10547
33204.001	-1	10542
33205.001	-3	10540
33206.001	4	10546
33207.001	-1	10542
33208.001	-3	10540
33209.001	10	10552
33210.001	5	10550
33211.001	-4	10543
33212.001	13	10558
33213.001	2	10551
33214.001	4	10554
33215.001	10	10561
33216.001	2	10556
33217.001	0	10555
33218.001	-2	10553
33219.001	5	10559
33220.001	13	10569
33221.001	-3	10557
33222.001	1	10560
33223.001	1	10560
33224.001	7	10566
33225.001	8	10569
33226.001	-2	10562
33227.001	-4	10559
33228.001	3	10565
33229.001	-2	10561
33230.001	-3	10559
33231.001	5	10566
33232.001	-2	10561
33233.001	-3	10559
33234.001	4	10565
33235.001	-1	10562
33236.001	3	10565
33237.001	4	10567
33238.001	3	10567
33239.001	3	10568
33240.001	0	10566
33241.001	1	10567
33242.001	-7	10559
33243.001	0	10564
33244.001	2	10566
33245.001	2	10567
33246.001	1	10567
33247.001	1	10567
33248.001	7	10573
33249.001	-6	10562
33250.001	4	10570
33251.001	0	10568
33252.001	-1	10567
33253.001	-2	10565
33254.001	-1	10566
33255.001	6	10572
33256.001	0	10568
33257.001	-2	10566
33258.001	-2	10566
33259.001	5	10572
33260.001	0	10569
33261.001	4	10573
33262.001	4	10574
33263.001	3	10574
33264.001	2	10574
33265.001	1	10573
33266.001	0	10573
33267.001	0	10573
33268.001	-1	10572
33269.001	7	10579
33270.001	-13	10562
33271.001	-2	10569
33272.001	2	10572
33273.001	3	10574
33274.001	9	10581
33275.001	1	10575
33276.001	4	10579
33277.001	5	10581
33278.001	3	10580
33279.001	2	10580
33280.001	-12	10567
33281.001	1	10576
33282.001	4	10579
33283.001	3	10580
33284.001	9	10587
33285.001	2	10582
33286.001	-8	10573
33287.001	-1	10577
33288.001	0	10578
33289.001	8	10586
33290.001	7	10588
33291.001	-2	10581
33292.001	-3	10579
33293.001	-3	10578
33294.001	4	10584
33295.001	6	10587
33296.001	4	10587
33297.001	-5	10579
33298.001	1	10584
33299.001	3	10586
33300.001	2	10586
33301.001	-5	10580
33302.001	7	10590
33303.001	3	10588
33304.001	6	10592
33305.001	6	10594
33306.001	4	10594
33307.001	2	10593
33308.001	-6	10586
33309.001	7	10597
33310.001	2	10594
33311.001	0	10593
33312.001	6	10599
33313.001	-1	10593
33314.001	-9	10585
33315.001	4	10595
33316.001	7	10600
33317.001	0	10595
33318.001	3	10598
33319.001	4	10600
33320.001	-4	10593
33321.001	2	10598
33322.001	-4	10592
33323.001	9	10604
33324.001	-3	10595
33325.001	0	10597
33326.001	-5	10592
33327.001	2	10597
33328.001	10	10606
33329.001	-4	10595
33330.001	5	10603
33331.001	-5	10594
33332.001	5	10603
33333.001	-6	10593
33334.001	0	10597
33335.001	1	10598
33336.001	7	10605
33337.001	0	10600
33338.001	-1	10599
33339.001	-1	10598
33340.001	5	10604
33341.001	5	10606
33342.001	4	10606
33343.001	-3	10600
33344.001	1	10603
33345.001	-4	10599
33346.001	8	10610
33347.001	-3	10601
33348.001	-6	10597
33349.001	8	10609
33350.001	-3	10601
33351.001	8	10611
33352.001	2	10607
33353.001	-1	10605
33354.001	6	10611
33355.001	-1	10606
33356.001	-3	10604
33357.001	11	10617
33358.001	-1	10608
33359.001	1	10610
33360.001	3	10612
33361.001	1	10611
33362.001	1	10612
33363.001	1	10612
33364.001	0	10611
33365.001	0	10611
33366.001	6	10617
33367.001	0	10613
33368.001	-2	10611
33369.001	5	10617
33370.001	-1	10613
33371.001	-3	10611
33372.001	10	10623
33373.001	-2	10614
33374.001	-4	10611
33375.001	-4	10610
33376.001	3	10616
33377.001	-1	10613
33378.001	-9	10604
33379.001	-2	10609
33380.001	7	10617
33381.001	1	10613
33382.001	-1	10611
33383.001	5	10617
33384.001	-1	10613
33385.001	4	10617
33386.001	-2	10612
33387.001	3	10617
33388.001	-3	10612
33389.001	3	10617
33390.001	-3	10612
33391.001	3	10617
33392.001	10	10625
33393.001	3	10621
33394.001	-7	10612
33395.001	-1	10616
33396.001	1	10617
33397.001	1	10618
33398.001	-5	10612
33399.001	0	10615
33400.001	3	10618
33401.001	-5	10611
33402.001	2	10617
33403.001	9	10624
33404.001	8	10626
33405.001	0	10620
33406.001	-3	10617
33407.001	-3	10617
33408.001	-2	10617
33409.001	5	10623
33410.001	0	10620
33411.001	4	10624
33412.001	4	10625
33413.001	3	10625
33414.001	-4	10619
33415.001	-5	10617
33416.001	2	10622
33417.001	-3	10618
33418.001	3	10623
33419.001	4	10625
33420.001	4	10626
33421.001	2	10625
33422.001	13	10637
33423.001	0	10628
33424.001	-4	10624
33425.001	-3	10623
33426.001	-3	10623
33427.001	-1	10624
33428.001	-1	10623
33429.001	6	10630
33430.001	0	10626
33431.001	4	10630
33432.001	5	10632
33433.001	-4	10625
33434.001	-4	10623
33435.001	-4	10622
33436.001	-2	10623
33437.001	-1	10623
33438.001	6	10630
33439.001	0	10626
33440.001	4	10630
33441.001	-2	10625
33442.001	10	10636
33443.001	4	10633
33444.001	1	10632
33445.001	-7	10624
33446.001	-1	10628
33447.001	2	10631
33448.001	-5	10624
33449.001	1	10629
33450.001	3	10631
33451.001	2	10631
33452.001	-5	10624
33453.001	1	10629
33454.001	3	10631
33455.001	2	10631
33456.001	1	10631
33457.001	-6	10624
33458.001	0	10628
33459.001	2	10630
33460.001	2	10631
33461.001	-5	10624
33462.001	1	10629
33463.001	-4	10624
33464.001	2	10629
33465.001	-3	10625
33466.001	3	10630
33467.001	3	10631
33468.001	-3	10626
33469.001	1	10629
33470.001	-3	10625
33471.001	2	10629
33472.001	9	10637
33473.001	3	10633
33474.001	-6	10625
33475.001	-1	10628
33476.001	1	10630
33477.001	1	10630
33478.001	7	10637
33479.001	1	10633
33480.001	-8	10624
33481.001	-2	10628
33482.001	0	10629
33483.001	1	10630
33484.001	2	10631
33485.001	-6	10624
33486.001	0	10628
33487.001	2	10630
33488.001	2	10631
33489.001	2	10631
33490.001	1	10631
33491.001	0	10630
33492.001	0	10630
33493.001	0	10630
33494.001	0	10630
33495.001	0	10630
33496.001	6	10636
33497.001	0	10632
33498.001	-2	10630
33499.001	-2	10630
33500.001	-1	10630
33501.001	0	10631
33502.001	-1	10630
33503.001	0	10630
33504.001	6	10636
33505.001	7	10639
33506.001	4	10638
33507.001	3	10638
33508.001	1	10637
33509.001	0	10637
33510.001	-6	10631
33511.001	0	10635
33512.001	2	10637
33513.001	2	10637
33514.001	7	10643
33515.001	-6	10632
33516.001	-1	10635
33517.001	-6	10630
33518.001	1	10635
33519.001	2	10637
33520.001	2	10637
33521.001	2	10638
33522.001	1	10637
33523.001	0	10637
33524.001	7	10644
33525.001	0	10639
33526.001	-9	10630
33527.001	5	10641
33528.001	0	10638
33529.001	6	10644
33530.001	5	10644
33531.001	-2	10639
33532.001	2	10642
33533.001	3	10644
33534.001	8	10650
33535.001	-5	10639
33536.001	-1	10642
33537.001	7	10649
33538.001	7	10651
33539.001	-1	10646
33540.001	-4	10642
33541.001	3	10648
33542.001	5	10651
33543.001	4	10651
33544.001	-5	10644
33545.001	1	10648
33546.001	3	10650
33547.001	8	10656
33548.001	8	10659
33549.001	-2	10651
33550.001	3	10656
33551.001	3	10656
33552.001	3	10657
33553.001	-5	10650
33554.001	-6	10648
33555.001	2	10654
33556.001	4	10657
33557.001	-9	10645
33558.001	2	10653
33559.001	11	10663
33560.001	5	10660
33561.001	-6	10650
33562.001	0	10655
33563.001	1	10656
33564.001	1	10656
33565.001	1	10656
33566.001	7	10663
33567.001	7	10665
33568.001	-8	10652
33569.001	2	10659
33570.001	5	10663
33571.001	-8	10651
33572.001	3	10660
33573.001	-1	10657
33574.001	-9	10649
33575.001	-2	10653
33576.001	8	10662
33577.001	-5	10652
33578.001	-1	10654
33579.001	7	10662
33580.001	1	10658
33581.001	-8	10649
33582.001	5	10660
33583.001	1	10657
33584.001	-7	10650
33585.001	-1	10654
33586.001	8	10662
33587.001	8	10665
33588.001	-1	10658
33589.001	-3	10656
33590.001	3	10661
33591.001	-8	10651
33592.001	3	10659
33593.001	0	10657
33594.001	5	10662
33595.001	-2	10657
33596.001	4	10662
33597.001	4	10663
33598.001	-4	10657
33599.001	2	10661
33600.001	9	10669
33601.001	9	10672
33602.001	-7	10658
33603.001	3	10666
33604.001	-1	10663
33605.001	-8	10656
33606.001	5	10667
33607.001	0	10663
33608.001	0	10663
33609.001	-1	10662
33610.001	6	10669
33611.001	5	10670
33612.001	-2	10664
33613.001	3	10668
33614.001	-3	10663
33615.001	2	10667
33616.001	3	10669
33617.001	9	10676
33618.001	-11	10659
33619.001	6	10672
33620.001	8	10676
33621.001	1	10672
33622.001	-8	10663
33623.001	4	10672
33624.001	0	10670
33625.001	-7	10663
33626.001	5	10673
33627.001	1	10670
33628.001	0	10669
33629.001	0	10669
33630.001	5	10674
33631.001	-7	10664
33632.001	4	10673
33633.001	7	10677
33634.001	-1	10671
33635.001	-4	10668
33636.001	-3	10668
33637.001	-2	10668
33638.001	6	10675
33639.001	-14	10657
33640.001	5	10672
33641.001	2	10670
33642.001	1	10670
33643.001	-7	10662
33644.001	6	10673
33645.001	2	10671
33646.001	0	10669
33647.001	-1	10668
33648.001	-1	10668
33649.001	0	10669
33650.001	-6	10663
33651.001	0	10667
33652.001	8	10675
33653.001	-5	10664
33654.001	-7	10661
33655.001	1	10667
33656.001	3	10669
33657.001	3	10670
33658.001	-11	10657
33659.001	1	10666
33660.001	4	10669
33661.001	4	10670
33662.001	-11	10656
33663.001	2	10666
33664.001	-2	10663
33665.001	-2	10662
33666.001	5	10668
33667.001	5	10670
33668.001	-9	10657
33669.001	2	10666
33670.001	6	10670
33671.001	4	10670
33672.001	-10	10657
33673.001	1	10665
33674.001	-2	10663
33675.001	-2	10662
33676.001	-2	10661
33677.001	-1	10662
33678.001	-7	10655
33679.001	0	10660
33680.001	2	10662
33681.001	-4	10657
33682.001	1	10661
33683.001	9	10669
33684.001	2	10665
33685.001	0	10663
33686.001	-1	10662
33687.001	5	10668
33688.001	0	10665
33689.001	4	10669
33690.001	4	10670
33691.001	3	10670
33692.001	-11	10657
33693.001	1	10666
33694.001	-9	10656
33695.001	-3	10659
33696.001	1	10662
33697.001	1	10663
33698.001	0	10662
33699.001	-6	10656
33700.001	7	10667
33701.001	3	10665
33702.001	-1	10662
33703.001	0	10663
33704.001	-1	10662
33705.001	6	10668
33706.001	0	10664
33707.001	-2	10662
33708.001	5	10669
33709.001	-2	10663
33710.001	-9	10656
33711.001	4	10666
33712.001	7	10670
33713.001	-7	10658
33714.001	3	10666
33715.001	0	10664
33716.001	-15	10649
33717.001	-1	10658
33718.001	2	10661
33719.001	-3	10657
33720.001	-4	10655
33721.001	4	10662
33722.001	-9	10650
33723.001	4	10660
33724.001	0	10657
33725.001	-8	10649
33726.001	-2	10653
33727.001	8	10662
33728.001	-5	10652
33729.001	6	10661
33730.001	7	10664
33731.001	5	10664
33732.001	3	10664
33733.001	-11	10651
33734.001	-6	10652
33735.001	4	10660
33736.001	0	10658
33737.001	-8	10650
33738.001	-2	10653
33739.001	0	10655
33740.001	-5	10650
33741.001	2	10655
33742.001	-4	10650
33743.001	2	10655
33744.001	-3	10650
33745.001	-3	10649
33746.001	3	10654
33747.001	-2	10650
33748.001	4	10656
33749.001	4	10657
33750.001	-3	10651
33751.001	-11	10642
33752.001	3	10653
33753.001	-1	10650
33754.001	5	10655
33755.001	-1	10651
33756.001	-8	10644
33757.001	-3	10646
33758.001	-6	10642
33759.001	2	10649
33760.001	-10	10637
33761.001	2	10646
33762.001	-1	10644
33763.001	-2	10642
33764.001	-7	10637
33765.001	-1	10641
33766.001	-5	10636
33767.001	1	10641
33768.001	-3	10637
33769.001	-10	10629
33770.001	4	10640
33771.001	0	10638
33772.001	-1	10637
33773.001	0	10637
33774.001	-14	10623
33775.001	0	10633
33776.001	3	10636
33777.001	4	10638
33778.001	3	10638
33779.001	-5	10631
33780.001	1	10636
33781.001	-11	10624
33782.001	-5	10627
33783.001	-1	10629
33784.001	0	10630
33785.001	1	10631
33786.001	0	10630
33787.001	1	10631
33788.001	-7	10623
33789.001	0	10628
33790.001	-10	10618
33791.001	2	10627
33792.001	-2	10624
33793.001	-2	10623
33794.001	-1	10624
33795.001	6	10630
33796.001	-7	10619
33797.001	-2	10622
33798.001	0	10623
33799.001	0	10623
33800.001	-12	10611
33801.001	-6	10614
33802.001	4	10622
33803.001	-1	10618
33804.001	-2	10617
33805.001	-1	10617
33806.001	-7	10611
33807.001	12	10628
33808.001	-5	10615
33809.001	-2	10616
33810.001	6	10623
33811.001	6	10625
33812.001	-1	10620
33813.001	2	10623
33814.001	-3	10618
33815.001	-4	10616
33816.001	4	10623
33817.001	-2	10618
33818.001	3	10623
33819.001	-2	10619
33820.001	3	10623
33821.001	4	10625
33822.001	3	10625
33823.001	2	10625
33824.001	-6	10618
33825.001	0	10622
33826.001	2	10624
33827.001	-4	10619
33828.001	7	10628
33829.001	3	10626
33830.001	-6	10618
33831.001	0	10623
33832.001	1	10624
33833.001	-5	10618
33834.001	-6	10615
33835.001	3	10623
33836.001	-2	10618
33837.001	3	10623
33838.001	5	10626
33839.001	-4	10618
33840.001	2	10623
33841.001	-4	10618
33842.001	-4	10616
33843.001	-3	10616
33844.001	-1	10617
33845.001	11	10629
33846.001	0	10621
33847.001	-4	10617
33848.001	-4	10616
33849.001	-2	10617
33850.001	-2	10616
33851.001	-1	10617
33852.001	6	10623
33853.001	0	10619
33854.001	-8	10611
33855.001	-2	10615
33856.001	-5	10611
33857.001	7	10622
33858.001	-3	10614
33859.001	0	10616
33860.001	-4	10612
33861.001	1	10616
33862.001	9	10624
33863.001	-4	10614
33864.001	-6	10611
33865.001	1	10616
33866.001	-4	10611
33867.001	-4	10610
33868.001	-3	10610
33869.001	5	10617
33870.001	-1	10612
33871.001	-8	10605
33872.001	4	10615
33873.001	-5	10607
33874.001	-8	10602
33875.001	8	10616
33876.001	-3	10607
33877.001	-6	10603
33878.001	-5	10603
33879.001	-3	10603
33880.001	-1	10604
33881.001	0	10605
33882.001	0	10605
33883.001	6	10611
33884.001	-7	10600
33885.001	5	10610
33886.001	0	10606
33887.001	-1	10605
33888.001	11	10617
33889.001	-7	10602
33890.001	2	10609
33891.001	-2	10606
33892.001	-3	10604
33893.001	-3	10603
33894.001	-7	10598
33895.001	-1	10602
33896.001	-5	10598
33897.001	9	10610
33898.001	-10	10594
33899.001	1	10602
33900.001	-2	10599
33901.001	3	10604
33902.001	-9	10593
33903.001	-3	10596
33904.001	-7	10591
33905.001	7	10603
33906.001	-4	10594
33907.001	0	10597
33908.001	-4	10593
33909.001	-5	10591
33910.001	-4	10590
33911.001	4	10597
33912.001	-7	10587
33913.001	4	10596
33914.001	0	10593
33915.001	-1	10592
33916.001	-1	10592
33917.001	-1	10592
33918.001	-1	10591
33919.001	0	10592
33920.001	-7	10585
33921.001	0	10590
33922.001	-11	10579
33923.001	2	10589
33924.001	6	10593
33925.001	-2	10587
33926.001	-3	10585
33927.001	-3	10584
33928.001	-2	10585
33929.001	5	10591
33930.001	-7	10580
33931.001	5	10590
33932.001	0	10587
33933.001	-1	10586
33934.001	-2	10585
33935.001	-7	10579
33936.001	-1	10583
33937.001	8	10592
33938.001	-4	10582
33939.001	-1	10584
33940.001	1	10585
33941.001	1	10586
33942.001	1	10586
33943.001	0	10585
33944.001	1	10586
33945.001	-7	10579
33946.001	0	10584
33947.001	2	10586
33948.001	2	10586
33949.001	-11	10574
33950.001	0	10581
33951.001	4	10585
33952.001	-2	10581
33953.001	-3	10579
33954.001	-3	10578
33955.001	4	10584
33956.001	-1	10580
33957.001	4	10585
33958.001	-8	10574
33959.001	-4	10576
33960.001	6	10585
33961.001	0	10581
33962.001	-2	10579
33963.001	-7	10573
33964.001	-1	10577
33965.001	1	10579
33966.001	2	10580
33967.001	7	10585
33968.001	-5	10576
33969.001	5	10584
33970.001	6	10587
33971.001	-1	10581
33972.001	-4	10578
33973.001	-3	10578
33974.001	5	10585
33975.001	-1	10580
33976.001	-9	10572
33977.001	-2	10576
33978.001	1	10579
33979.001	1	10579
33980.001	1	10579
33981.001	1	10580
33982.001	0	10579
33983.001	-6	10573
33984.001	0	10577
33985.001	-11	10566
33986.001	-4	10570
33987.001	5	10578
33988.001	0	10574
33989.001	5	10579
33990.001	-2	10574
33991.001	-3	10572
33992.001	-3	10571
33993.001	-1	10572
33994.001	-1	10572
33995.001	0	10573
33996.001	0	10573
33997.001	-6	10567
33998.001	-1	10570
33999.001	-4	10567
34000.001	-5	10564
34001.001	-3	10565
34002.001	11	10578
34003.001	0	10570
34004.001	-4	10566
34005.001	-5	10564
34006.001	-2	10566
34007.001	-2	10565
34008.001	0	10566
34009.001	0	10566
34010.001	-7	10559
34011.001	6	10570
34012.001	2	10568
34013.001	0	10567
34014.001	-7	10560
34015.001	0	10565
34016.001	-5	10560
34017.001	-5	10558
34018.001	10	10572
34019.001	-2	10563
34020.001	2	10566
34021.001	-4	10561
34022.001	-5	10558
34023.001	-4	10558
34024.001	5	10566
34025.001	-1	10561
34026.001	-9	10553
34027.001	5	10564
34028.001	0	10561
34029.001	-7	10554
34030.001	-1	10558
34031.001	1	10559
34032.001	2	10561
34033.001	-5	10554
34034.001	-6	10552
34035.001	9	10565
34036.001	4	10563
34037.001	-6	10554
34038.001	0	10558
34039.001	-4	10554
34040.001	2	10559
34041.001	3	10560
34042.001	-4	10554
34043.001	1	10558
34044.001	-10	10547
34045.001	-4	10550
34046.001	6	10559
34047.001	0	10555
34048.001	-1	10554
34049.001	4	10559
34050.001	-1	10555
34051.001	4	10560
34052.001	-9	10548
34053.001	4	10558
34054.001	-1	10554
34055.001	-8	10547
34056.001	4	10557
34057.001	-5	10549
34058.001	0	10552
34059.001	-6	10546
34060.001	2	10553
34061.001	-4	10547
34062.001	2	10552
34063.001	-2	10549
34064.001	2	10552
34065.001	-9	10542
34066.001	3	10551
34067.001	-7	10542
34068.001	5	10552
34069.001	-6	10542
34070.001	-1	10545
34071.001	0	10546
34072.001	2	10548
34073.001	1	10548
34074.001	0	10547
34075.001	-6	10541
34076.001	6	10551
34077.001	2	10549
34078.001	0	10548
34079.001	-6	10542
34080.001	5	10551
34081.001	-4	10543
34082.001	6	10552
34083.001	-6	10542
34084.001	6	10552
34085.001	1	10549
34086.001	-1	10547
34087.001	-7	10541
34088.001	6	10552
34089.001	-5	10543
34090.001	-1	10545
34091.001	1	10547
34092.001	-5	10541
34093.001	1	10546
34094.001	3	10548
34095.001	-4	10542
34096.001	1	10546
34097.001	-4	10541
34098.001	2	10546
34099.001	4	10548
34100.001	3	10548
34101.001	-12	10534
34102.001	1	10544
34103.001	4	10547
34104.001	-8	10536
34105.001	3	10545
34106.001	5	10548
34107.001	-2	10542
34108.001	-4	10540
34109.001	-3	10539
34110.001	-1	10541
34111.001	-1	10540
34112.001	-7	10534
34113.001	-1	10538
34114.001	2	10541
34115.001	3	10542
34116.001	-12	10528
34117.001	-5	10531
34118.001	4	10539
34119.001	-1	10535
34120.001	5	10541
34121.001	-8	10529
34122.001	-3	10532
34123.001	-1	10533
34124.001	0	10534
34125.001	7	10541
34126.001	-12	10524
34127.001	5	10537
34128.001	2	10536
34129.001	0	10534
34130.001	7	10541
34131.001	0	10536
34132.001	-3	10533
34133.001	5	10541
34134.001	-8	10529
34135.001	-3	10532
34136.001	0	10534
34137.001	0	10534
34138.001	1	10535
34139.001	1	10535
34140.001	0	10534
34141.001	0	10534
34142.001	0	10534
34143.001	0	10534
34144.001	0	10534
34145.001	-7	10527
34146.001	-6	10526
34147.001	-5	10525
34148.001	4	10533
34149.001	-1	10529
34150.001	-2	10528
34151.001	-8	10521
34152.001	-2	10525
34153.001	1	10527
34154.001	8	10535
34155.001	1	10530
34156.001	-7	10522
34157.001	-1	10526
34158.001	-6	10521
34159.001	-5	10520
34160.001	3	10527
34161.001	-2	10522
34162.001	-3	10521
34163.001	4	10527
34164.001	5	10529
34165.001	-3	10523
34166.001	-11	10514
34167.001	-3	10518
34168.001	0	10521
34169.001	1	10522
34170.001	1	10522
34171.001	-6	10515
34172.001	1	10520
34173.001	-4	10516
34174.001	-5	10513
34175.001	9	10526
34176.001	-1	10519
34177.001	-5	10514
34178.001	-10	10508
34179.001	-3	10512
34180.001	6	10520
34181.001	-5	10511
34182.001	-1	10513
34183.001	1	10515
34184.001	8	10522
34185.001	-6	10511
34186.001	-1	10514
34187.001	-7	10508
34188.001	8	10520
34189.001	2	10517
34190.001	-6	10509
34191.001	6	10520
34192.001	-5	10510
34193.001	0	10514
34194.001	1	10515
34195.001	-5	10509
34196.001	-6	10507
34197.001	-4	10507
34198.001	4	10514
34199.001	-1	10510
34200.001	-9	10502
34201.001	5	10513
34202.001	-6	10503
34203.001	-7	10501
34204.001	8	10514
34205.001	-4	10504
34206.001	1	10508
34207.001	2	10509
34208.001	2	10510
34209.001	-6	10502
34210.001	7	10513
34211.001	-4	10505
34212.001	-6	10501
34213.001	7	10513
34214.001	-3	10505
34215.001	1	10508
34216.001	-4	10503
34217.001	-5	10501
34218.001	3	10507
34219.001	-2	10503
34220.001	10	10515
34221.001	-2	10506
34222.001	1	10508
34223.001	-5	10502
34224.001	-12	10494
34225.001	3	10505
34226.001	0	10503
34227.001	6	10509
34228.001	-1	10504
34229.001	4	10509
34230.001	-9	10497
34231.001	3	10506
34232.001	-7	10497
34233.001	4	10506
34234.001	-6	10497
34235.001	-1	10500
34236.001	-5	10496
34237.001	1	10501
34238.001	-3	10497
34239.001	2	10501
34240.001	3	10503
34241.001	-3	10497
34242.001	2	10502
34243.001	-10	10490
34244.001	2	10499
34245.001	-8	10490
34246.001	5	10500
34247.001	0	10497
34248.001	-7	10490
34249.001	5	10500
34250.001	-5	10491
34251.001	0	10495
34252.001	1	10496
34253.001	1	10496
34254.001	1	10496
34255.001	-6	10490
34256.001	0	10494
34257.001	-4	10490
34258.001	2	10495
34259.001	4	10497
34260.001	-4	10490
34261.001	1	10494
34262.001	3	10497
34263.001	-11	10483
34264.001	2	10493
34265.001	-8	10484
34266.001	4	10493
34267.001	0	10491
34268.001	-7	10484
34269.001	5	10493
34270.001	1	10491
34271.001	0	10490
34272.001	5	10495
34273.001	6	10498
34274.001	-9	10485
34275.001	3	10494
34276.001	-2	10490
34277.001	4	10495
34278.001	5	10497
34279.001	4	10498
34280.001	-11	10484
34281.001	1	10493
34282.001	4	10496
34283.001	-9	10484
34284.001	3	10494
34285.001	-8	10483
34286.001	5	10494
34287.001	0	10491
34288.001	-7	10484
34289.001	-1	10487
34290.001	1	10489
34291.001	-12	10476
34292.001	1	10486
34293.001	11	10496
34294.001	-2	10486
34295.001	1	10489
34296.001	2	10490
34297.001	-5	10484
34298.001	1	10488
34299.001	2	10490
34300.001	8	10496
34301.001	-11	10480
34302.001	-1	10486
34303.001	2	10489
34304.001	-4	10484
34305.001	2	10488
34306.001	-3	10484
34307.001	3	10489
34308.001	-10	10477
34309.001	-4	10480
34310.001	6	10489
34311.001	0	10485
34312.001	-8	10477
34313.001	-1	10481
34314.001	1	10483
34315.001	8	10490
34316.001	-6	10479
34317.001	-1	10482
34318.001	0	10482
34319.001	1	10483
34320.001	-6	10477
34321.001	-6	10475
34322.001	2	10481
34323.001	4	10484
34324.001	-3	10478
34325.001	2	10482
34326.001	-3	10478
34327.001	-4	10476
34328.001	-3	10476
34329.001	-2	10476
34330.001	5	10482
34331.001	0	10479
34332.001	-2	10477
34333.001	-2	10476
34334.001	-7	10470
34335.001	-1	10474
34336.001	2	10477
34337.001	1	10477
34338.001	1	10477
34339.001	-5	10471
34340.001	1	10476
34341.001	-5	10470
34342.001	-4	10469
34343.001	-4	10468
34344.001	-8	10463
34345.001	-1	10468
34346.001	2	10470
34347.001	8	10477
34348.001	2	10473
34349.001	-1	10471
34350.001	-2	10470
34351.001	-1	10470
34352.001	-1	10470
34353.001	0	10470
34354.001	-7	10463
34355.001	0	10468
34356.001	2	10470
34357.001	2	10471
34358.001	-5	10465
34359.001	0	10468
34360.001	-4	10464
34361.001	3	10470
34362.001	-3	10465
34363.001	-4	10463
34364.001	-3	10463
34365.001	-2	10463
34366.001	-1	10463
34367.001	0	10464
34368.001	0	10464
34369.001	0	10464
34370.001	-6	10458
34371.001	0	10462
34372.001	-5	10457
34373.001	2	10463
34374.001	-3	10458
34375.001	-4	10456
34376.001	4	10463
34377.001	-1	10459
34378.001	-3	10457
34379.001	-3	10456
34380.001	5	10463
34381.001	6	10466
34382.001	4	10465
34383.001	-4	10459
34384.001	2	10463
34385.001	-5	10457
34386.001	-4	10457
34387.001	-3	10456
34388.001	-2	10456
34389.001	-1	10457
34390.001	0	10458
34391.001	0	10458
34392.001	-7	10451
34393.001	7	10462
34394.001	-5	10453
34395.001	-6	10450
34396.001	-5	10449
34397.001	-3	10450
34398.001	-2	10450
34399.001	-1	10450
34400.001	0	10451
34401.001	0	10451
34402.001	7	10458
34403.001	7	10460
34404.001	-9	10446
34405.001	2	10454
34406.001	-1	10452
34407.001	-2	10451
34408.001	-1	10451
34409.001	-8	10444
34410.001	-1	10448
34411.001	15	10464
34412.001	-5	10449
34413.001	-2	10450
34414.001	5	10457
34415.001	0	10453
34416.001	-2	10451
34417.001	-2	10450
34418.001	11	10463
34419.001	-1	10454
34420.001	3	10458
34421.001	-4	10452
34422.001	2	10457
34423.001	3	10458
34424.001	8	10464
34425.001	2	10460
34426.001	-1	10458
34427.001	-2	10457
34428.001	-1	10457
34429.001	-1	10457
34430.001	13	10471
34431.001	-6	10455
34432.001	2	10462
34433.001	4	10464
34434.001	-3	10458
34435.001	-3	10458
34436.001	3	10463
34437.001	-9	10452
34438.001	-3	10455
34439.001	6	10463
34440.001	-5	10454
34441.001	-2	10455
34442.001	0	10457
34443.001	8	10465
34444.001	-6	10453
34445.001	-1	10456
34446.001	0	10457
34447.001	-6	10451
34448.001	-6	10449
34449.001	9	10462
34450.001	-2	10454
34451.001	-5	10450
34452.001	-5	10449
34453.001	4	10456
34454.001	-1	10453
34455.001	4	10457
34456.001	-9	10446
34457.001	9	10461
34458.001	0	10455
34459.001	-4	10451
34460.001	-3	10450
34461.001	4	10456
34462.001	5	10459
34463.001	-3	10452
34464.001	-4	10450
34465.001	4	10457
34466.001	-9	10445
34467.001	4	10456
34468.001	5	10458
34469.001	5	10459
34470.001	-3	10453
34471.001	2	10457
34472.001	9	10464
34473.001	-5	10453
34474.001	-7	10450
34475.001	1	10456
34476.001	-3	10452
34477.001	9	10463
34478.001	-3	10454
34479.001	-5	10451
34480.001	-5	10449
34481.001	-3	10450
34482.001	4	10456
34483.001	-7	10446
34484.001	-2	10449
34485.001	-6	10444
34486.001	1	10450
34487.001	3	10452
34488.001	8	10458
34489.001	-5	10447
34490.001	-1	10450
34491.001	1	10451
34492.001	7	10458
34493.001	-6	10447
34494.001	-2	10449
34495.001	-6	10444
34496.001	0	10449
34497.001	3	10452
34498.001	3	10452
34499.001	8	10458
34500.001	0	10453
34501.001	-1	10452
34502.001	-8	10444
34503.001	5	10455
34504.001	1	10453
34505.001	-1	10451
34506.001	0	10452
34507.001	-1	10451
34508.001	0	10451
34509.001	13	10464
34510.001	6	10461
34511.001	-4	10453
34512.001	0	10456
34513.001	8	10464
34514.001	2	10460
34515.001	-7	10452
34516.001	-8	10449
34517.001	1	10455
34518.001	10	10465
34519.001	-4	10454
34520.001	-6	10450
34521.001	1	10456
34522.001	-3	10452
34523.001	-4	10450
34524.001	10	10463
34525.001	-2	10454
34526.001	-4	10451
34527.001	-4	10450
34528.001	3	10456
34529.001	-1	10453
34530.001	-3	10450
34531.001	-2	10450
34532.001	5	10457
34533.001	12	10465
34534.001	4	10461
34535.001	1	10459
34536.001	-8	10450
34537.001	0	10456
34538.001	14	10470
34539.001	1	10461
34540.001	-3	10458
34541.001	-2	10458
34542.001	4	10463
34543.001	-2	10458
34544.001	17	10477
34545.001	4	10469
34546.001	-1	10465
34547.001	-2	10464
34548.001	-2	10463
34549.001	-1	10463
34550.001	-1	10463
34551.001	7	10471
34552.001	0	10466
34553.001	-2	10464
34554.001	-2	10463
34555.001	-2	10463
34556.001	-1	10463
34557.001	0	10464
34558.001	6	10470
34559.001	1	10467
34560.001	-2	10464
34561.001	-2	10463
34562.001	-2	10463
34563.001	6	10470
34564.001	13	10479
34565.001	-2	10468
34566.001	0	10469
34567.001	7	10476
34568.001	2	10473
34569.001	5	10477
34570.001	-2	10471
34571.001	-3	10470
34572.001	-2	10470
34573.001	-2	10469
34574.001	5	10476
34575.001	6	10478
34576.001	-2	10472
34577.001	3	10476
34578.001	3	10477
34579.001	3	10478
34580.001	1	10477
34581.001	-6	10470
34582.001	0	10475
34583.001	9	10484
34584.001	8	10485
34585.001	0	10480
34586.001	3	10483
34587.001	3	10484
34588.001	-4	10478
34589.001	-4	10476
34590.001	2	10481
34591.001	-9	10471
34592.001	4	10481
34593.001	6	10484
34594.001	5	10485
34595.001	3	10485
34596.001	1	10483
34597.001	1	10484
34598.001	1	10484
34599.001	-7	10476
34600.001	6	10487
34601.001	2	10485
34602.001	13	10497
34603.001	-1	10487
34604.001	2	10489
34605.001	3	10491
34606.001	-5	10484
34607.001	1	10488
34608.001	2	10490
34609.001	2	10490
34610.001	1	10490
34611.001	1	10490
34612.001	7	10496
34613.001	-13	10478
34614.001	5	10493
34615.001	2	10491
34616.001	0	10490
34617.001	0	10490
34618.001	0	10490
34619.001	6	10496
34620.001	0	10491
34621.001	5	10496
34622.001	-2	10491
34623.001	3	10495
34624.001	10	10503
34625.001	-4	10492
34626.001	-1	10494
34627.001	8	10503
34628.001	7	10504
34629.001	-7	10492
34630.001	3	10500
34631.001	11	10509
34632.001	4	10505
34633.001	-5	10498
34634.001	0	10501
34635.001	7	10508
34636.001	-5	10498
34637.001	-1	10501
34638.001	8	10509
34639.001	0	10504
34640.001	5	10509
34641.001	5	10510
34642.001	-3	10504
34643.001	9	10515
34644.001	-4	10505
34645.001	0	10507
34646.001	8	10515
34647.001	2	10512
34648.001	-2	10508
34649.001	5	10515
34650.001	-1	10510
34651.001	-2	10509
34652.001	4	10514
34653.001	-8	10504
34654.001	3	10512
34655.001	0	10510
34656.001	5	10515
34657.001	-8	10504
34658.001	10	10519
34659.001	0	10512
34660.001	9	10521
34661.001	3	10518
34662.001	0	10516
34663.001	6	10522
34664.001	-1	10517
34665.001	4	10521
34666.001	5	10523
34667.001	9	10529
34668.001	-5	10518
34669.001	5	10526
34670.001	1	10524
34671.001	5	10528
34672.001	-2	10522
34673.001	4	10528
34674.001	4	10529
34675.001	3	10529
34676.001	1	10528
34677.001	-5	10522
34678.001	7	10533
34679.001	1	10529
34680.001	13	10541
34681.001	-7	10525
34682.001	-4	10526
34683.001	11	10540
34684.001	-2	10530
34685.001	9	10541
34686.001	-4	10530
34687.001	0	10533
34688.001	8	10541
34689.001	-6	10530
34690.001	-1	10533
34691.001	1	10534
34692.001	7	10541
34693.001	-6	10530
34694.001	-1	10533
34695.001	6	10540
34696.001	1	10537
34697.001	-8	10528
34698.001	-2	10531
34699.001	14	10547
34700.001	2	10539
34701.001	-3	10535
34702.001	3	10540
34703.001	-3	10535
34704.001	3	10540
34705.001	-2	10536
34706.001	-3	10534
34707.001	-9	10527
34708.001	-2	10531
34709.001	-6	10527
34710.001	8	10539
34711.001	3	10536
34712.001	-5	10529
34713.001	-7	10526
34714.001	2	10533
34715.001	3	10534
34716.001	-3	10529
34717.001	2	10533
34718.001	3	10535
34719.001	9	10542
34720.001	-5	10531
34721.001	-2	10532
34722.001	1	10534
34723.001	0	10534
34724.001	1	10535
34725.001	1	10535
34726.001	6	10540
34727.001	-6	10530
34728.001	4	10538
34729.001	0	10536
34730.001	-1	10535
34731.001	-1	10534
34732.001	-1	10534
34733.001	6	10541
34734.001	-1	10535
34735.001	-2	10534
34736.001	5	10541
34737.001	-2	10535
34738.001	-2	10534
34739.001	4	10540
34740.001	11	10548
34741.001	4	10544
34742.001	0	10542
34743.001	-1	10541
34744.001	-1	10540
34745.001	6	10547
34746.001	7	10550
34747.001	-9	10536
34748.001	2	10544
34749.001	5	10548
34750.001	5	10549
34751.001	2	10548
34752.001	2	10548
34753.001	-6	10541
34754.001	0	10545
34755.001	9	10554
34756.001	2	10550
34757.001	-7	10541
34758.001	5	10551
34759.001	7	10555
34760.001	-1	10549
34761.001	3	10553
34762.001	-2	10549
34763.001	-4	10546
34764.001	4	10553
34765.001	11	10561
34766.001	-3	10550
34767.001	1	10553
34768.001	7	10560
34769.001	-5	10550
34770.001	5	10558
34771.001	7	10562
34772.001	-8	10549
34773.001	3	10557
34774.001	-8	10547
34775.001	5	10558
34776.001	7	10561
34777.001	-1	10556
34778.001	10	10566
34779.001	3	10562
34780.001	-5	10555
34781.001	6	10565
34782.001	14	10574
34783.001	-1	10564
34784.001	9	10573
34785.001	-5	10562
34786.001	6	10572
34787.001	-6	10561
34788.001	5	10571
34789.001	1	10568
34790.001	-7	10560
34791.001	5	10570
34792.001	1	10568
34793.001	6	10573
34794.001	-1	10568
34795.001	4	10573
34796.001	5	10575
34797.001	3	10574
34798.001	-6	10566
34799.001	1	10571
34800.001	3	10574
34801.001	8	10580
34802.001	-5	10569
34803.001	5	10577
34804.001	0	10574
34805.001	5	10579
34806.001	5	10580
34807.001	4	10581
34808.001	2	10580
34809.001	8	10587
34810.001	0	10581
34811.001	-8	10573
34812.001	10	10589
34813.001	1	10583
34814.001	-3	10579
34815.001	-3	10578
34816.001	4	10584
34817.001	-1	10580
34818.001	-8	10573
34819.001	4	10583
34820.001	0	10580
34821.001	6	10586
34822.001	5	10587
34823.001	4	10587
34824.001	9	10593
34825.001	-6	10581
34826.001	-1	10584
34827.001	6	10591
34828.001	1	10588
34829.001	-8	10579
34830.001	-2	10583
34831.001	14	10598
34832.001	1	10589
34833.001	-3	10586
34834.001	10	10598
34835.001	-2	10589
34836.001	1	10591
34837.001	-5	10585
34838.001	8	10597
34839.001	9	10600
34840.001	7	10601
34841.001	-2	10594
34842.001	-4	10592
34843.001	3	10597
34844.001	10	10605
34845.001	3	10601
34846.001	7	10606
34847.001	-1	10600
34848.001	-3	10598
34849.001	3	10603
34850.001	-1	10600
34851.001	3	10604
34852.001	-2	10600
34853.001	3	10604
34854.001	-2	10600
34855.001	3	10604
34856.001	3	10605
34857.001	9	10612
34858.001	-5	10601
34859.001	12	10616
34860.001	-6	10602
34861.001	10	10616
34862.001	-2	10607
34863.001	2	10610
34864.001	3	10612
34865.001	-4	10606
34866.001	1	10610
34867.001	2	10611
34868.001	2	10612
34869.001	2	10612
34870.001	1	10612
34871.001	0	10611
34872.001	0	10611
34873.001	6	10617
34874.001	-6	10607
34875.001	-2	10609
34876.001	6	10617
34877.001	1	10613
34878.001	5	10618
34879.001	5	10619
34880.001	3	10619
34881.001	2	10619
34882.001	1	10618
34883.001	0	10617
34884.001	-6	10611
34885.001	0	10616
34886.001	2	10618
34887.001	8	10624
34888.001	8	10627
34889.001	5	10626
34890.001	-10	10613
34891.001	1	10621
34892.001	5	10625
34893.001	10	10631
34894.001	2	10626
34895.001	-13	10612
34896.001	-1	10620
34897.001	3	10624
34898.001	10	10632
34899.001	2	10627
34900.001	-14	10611
34901.001	5	10626
34902.001	3	10626
34903.001	2	10625
34904.001	0	10624
34905.001	0	10624
34906.001	-7	10617
34907.001	6	10628
34908.001	2	10626
34909.001	1	10625
34910.001	-7	10618
34911.001	5	10628
34912.001	2	10626
34913.001	-7	10618
34914.001	0	10623
34915.001	1	10624
34916.001	1	10624
34917.001	-5	10618
34918.001	7	10629
34919.001	2	10626
34920.001	-6	10618
34921.001	0	10623
34922.001	1	10624
34923.001	-5	10618
34924.001	1	10622
34925.001	2	10624
34926.001	-10	10612
34927.001	2	10621
34928.001	4	10624
34929.001	-8	10613
34930.001	2	10621
34931.001	-1	10618
34932.001	5	10624
34933.001	-1	10619
34934.001	9	10629
34935.001	4	10627
34936.001	-5	10619
34937.001	6	10629
34938.001	-5	10619
34939.001	0	10623
34940.001	7	10630
34941.001	-5	10620
34942.001	-1	10622
34943.001	-6	10617
34944.001	0	10621
34945.001	-3	10618
34946.001	8	10628
34947.001	4	10627
34948.001	8	10632
34949.001	-7	10619
34950.001	4	10628
34951.001	-1	10625
34952.001	5	10630
34953.001	-1	10626
34954.001	3	10629
34955.001	-2	10625
34956.001	-4	10623
34957.001	4	10630
34958.001	-2	10625
34959.001	4	10630
34960.001	-3	10624
34961.002	3	10629
34962.001	-2	10625
34963.002	-3	10624
34964.001	3	10629
34965.001	-2	10625
34966.002	10	10636
34967.001	-2	10627
34968.002	1	10630
34969.002	8	10637
34970.002	1	10632
34971.002	-7	10625
34972.001	5	10634
34973.002	1	10632
34974.002	-1	10630
34975.002	6	10637
34976.002	6	10639
34977.001	-3	10632
34978.002	-4	10630
34979.002	9	10641
34980.002	5	10640
34981.002	-5	10632
34982.002	0	10635
34983.002	1	10636
34984.002	2	10637
34985.002	1	10637
34986.002	1	10637
34987.002	6	10643
34988.002	7	10645
34989.002	-2	10639
34990.002	-3	10637
34991.002	9	10648
34992.002	4	10646
34993.002	1	10644
34994.002	7	10650
34995.002	0	10645
34996.002	-2	10643
34997.002	4	10649
34998.002	4	10650
34999.001	10	10657
35000.002	3	10653
35001.002	-1	10650
35002.002	-1	10650
35003.002	-2	10648
35004.002	6	10656
35005.002	6	10658
35006.002	-2	10651
35007.002	-4	10649
35008.002	-4	10648
35009.002	5	10655
35010.002	-1	10651
35011.002	4	10656
35012.002	10	10663
35013.002	3	10659
35014.002	0	10657
35015.002	-1	10656
35016.002	0	10656
35017.002	-1	10655
35018.002	0	10656
35019.002	-1	10655
35020.002	0	10656
35021.002	0	10656
35022.002	0	10656
35023.001	7	10663
35024.002	0	10658
35025.002	4	10662
35026.002	-2	10657
35027.002	-3	10656
35028.002	10	10668
35029.002	-2	10659
35030.002	2	10662
35031.002	2	10663
35032.002	1	10662
35033.002	2	10664
35034.002	0	10662
35035.002	0	10662
35036.002	1	10663
35037.002	0	10662
35038.002	6	10668
35039.002	6	10670
35040.002	11	10677
35041.002	3	10672
35042.002	-1	10669
35043.002	-2	10668
35044.002	-1	10668
35045.002	6	10675
35046.002	0	10671
35047.002	-2	10669
35048.002	4	10674
35049.002	-2	10669
35050.002	-9	10662
35051.002	4	10672
35052.002	1	10670
35053.002	6	10676
35054.002	5	10676
35055.002	4	10677
35056.002	2	10676
35057.002	1	10676
35058.002	0	10675
35059.002	0	10675
35060.002	0	10675
35061.002	0	10675
35062.002	0	10675
35063.002	7	10682
35064.002	0	10677
35065.002	4	10681
35066.002	-8	10670
35067.002	3	10679
35068.002	5	10682
35069.002	-1	10677
35070.002	9	10687
35071.002	4	10685
35072.002	-6	10676
35073.002	6	10686
35074.002	1	10683
35075.002	6	10688
35076.002	-1	10683
35077.002	4	10688
35078.002	11	10696
35079.002	3	10691
35080.002	-7	10682
35081.002	5	10692
35082.002	7	10696
35083.002	-7	10684
35084.002	4	10693
35085.002	6	10696
35086.002	-2	10690
35087.002	3	10694
35088.002	9	10701
35089.002	3	10698
35090.002	0	10695
35091.002	-2	10693
35092.002	6	10701
35093.002	6	10703
35094.002	-9	10689
35095.002	2	10698
35096.002	5	10701
35097.002	-2	10696
35098.002	3	10700
35099.002	3	10701
35100.002	-4	10695
35101.002	2	10700
35102.002	-3	10695
35103.002	2	10700
35104.002	3	10701
35105.002	-4	10695
35106.002	2	10700
35107.002	9	10707
35108.002	-4	10697
35109.002	0	10700
35110.002	0	10700
35111.002	1	10701
35112.002	1	10701
35113.002	6	10707
35114.002	-6	10696
35115.001	5	10706
35116.002	7	10709
35117.002	-8	10696
35118.002	3	10705
35119.002	5	10708
35120.002	-2	10702
35121.002	-3	10701
35122.002	-3	10700
35123.002	-8	10694
35124.002	5	10704
35125.002	1	10702
35126.002	0	10701
35127.002	0	10701
35128.002	6	10707
35129.001	-1	10702
35130.002	-2	10701
35131.002	-2	10700
35132.002	-1	10700
35133.002	-1	10700
35134.002	-7	10694
35135.002	6	10705
35136.002	8	10709
35137.002	-6	10697
35138.002	4	10705
35139.002	-7	10695
35140.002	5	10705
35141.002	-6	10696
35142.002	-1	10699
35143.002	1	10701
35144.002	1	10701
35145.002	1	10701
35146.002	0	10701
35147.002	7	10708
35148.002	0	10703
35149.001	5	10708
35150.002	-9	10695
35151.002	3	10704
35152.002	-1	10701
35153.002	5	10707
35154.002	-8	10696
35155.002	4	10705
35156.002	-7	10695
35157.002	5	10705
35158.002	-6	10696
35159.002	-1	10699
35160.002	-6	10694
35161.002	7	10705
35162.002	-3	10697
35163.002	1	10700
35164.002	1	10700
35165.002	-5	10695
35166.002	8	10706
35167.002	-11	10690
35168.002	1	10698
35169.002	-3	10695
35170.002	-4	10693
35171.002	-2	10693
35172.002	-1	10694
35173.002	-7	10688
35174.002	6	10698
35175.002	2	10696
35176.002	-6	10689
35177.002	-1	10692
35178.002	-5	10688
35179.002	8	10699
35180.002	-3	10691
35181.002	0	10693
35182.002	2	10695
35183.002	1	10694
35184.002	8	10702
35185.002	-6	10690
35186.002	-2	10692
35187.002	0	10694
35188.002	1	10695
35189.002	7	10701
35190.002	-12	10684
35191.002	-2	10690
35192.002	2	10694
35193.002	-11	10681
35194.002	2	10691
35195.002	5	10695
35196.002	-8	10683
35197.002	-3	10686
35198.002	-1	10687
35199.002	0	10688
35200.002	0	10688
35201.002	-6	10682
35202.002	6	10692
35203.002	-4	10684
35204.002	0	10686
35205.002	-5	10681
35206.002	2	10687
35207.002	3	10689
35208.002	-4	10682
35209.002	1	10686
35210.002	-4	10682
35211.002	-10	10674
35212.002	4	10685
35213.002	-7	10676
35214.002	-1	10679
35215.002	1	10681
35216.002	-11	10669
35217.002	7	10684
35218.002	-2	10677
35219.002	3	10682
35220.002	-4	10676
35221.002	8	10686
35222.002	4	10685
35223.002	-6	10676
35224.002	-1	10679
35225.002	-5	10675
35226.002	2	10680
35227.002	-3	10676
35228.002	-4	10674
35229.002	-3	10674
35230.002	-2	10674
35231.002	-1	10674
35232.002	0	10675
35233.002	0	10675
35234.002	6	10681
35235.002	-6	10671
35236.002	-2	10673
35237.002	-6	10668
35238.002	1	10674
35239.002	-4	10669
35240.002	2	10674
35241.002	3	10675
35242.002	-10	10663
35243.002	-4	10666
35244.002	-2	10667
35245.002	6	10674
35246.002	0	10670
35247.002	-8	10662
35248.002	-1	10667
35249.002	-6	10662
35250.002	1	10667
35251.002	3	10669
35252.002	-4	10663
35253.002	-4	10662
35254.002	3	10668
35255.002	-9	10656
35256.002	3	10666
35257.002	6	10670
35258.002	-7	10658
35259.002	3	10666
35260.002	-8	10656
35261.002	5	10667
35262.002	7	10670
35263.002	-8	10657
35264.002	-3	10660
35265.002	-1	10661
35266.002	-6	10656
35267.002	0	10660
35268.002	3	10663
35269.002	2	10663
35270.002	-5	10657
35271.002	1	10661
35272.002	2	10662
35273.002	2	10663
35274.002	-5	10657
35275.002	1	10661
35276.002	2	10662
35277.002	-11	10650
35278.002	1	10659
35279.002	-1	10657
35280.002	4	10662
35281.002	-8	10651
35282.002	-3	10653
35283.002	6	10662
35284.002	0	10657
35285.002	-8	10649
35286.002	-1	10654
35287.002	1	10656
35288.002	1	10656
35289.002	7	10662
35290.002	-6	10651
35291.002	-1	10655
35292.002	0	10655
35293.002	8	10663
35294.002	-13	10645
35295.002	-1	10653
35296.002	2	10655
35297.002	2	10656
35298.002	2	10657
35299.002	-5	10650
35300.002	-6	10648
35301.002	2	10654
35302.002	4	10657
35303.002	-3	10651
35304.002	2	10655
35305.002	3	10656
35306.002	-10	10644
35307.002	2	10653
35308.002	4	10656
35309.002	-2	10651
35310.002	2	10655
35311.002	-3	10650
35312.002	-3	10649
35313.002	-3	10648
35314.002	-15	10635
35315.002	-1	10645
35316.002	4	10650
35317.002	4	10651
35318.002	-4	10644
35319.002	2	10649
35320.002	-4	10643
35321.002	2	10648
35322.002	3	10650
35323.002	-4	10644
35324.002	-11	10636
35325.002	3	10646
35326.002	0	10644
35327.002	-1	10643
35328.002	5	10649
35329.002	0	10645
35330.002	4	10649
35331.002	-2	10645
35332.002	-4	10642
35333.002	-9	10636
35334.002	-2	10640
35335.002	-5	10636
35336.002	-5	10635
35337.002	3	10641
35338.002	-2	10637
35339.002	-2	10637
35340.002	-2	10636
35341.002	5	10643
35342.002	-1	10638
35343.002	-2	10637
35344.002	4	10642
35345.002	-1	10638
35346.002	3	10642
35347.002	-2	10638
35348.002	-3	10636
35349.002	3	10641
35350.002	-1	10638
35351.002	-10	10629
35352.002	-2	10634
35353.002	1	10636
35354.002	8	10644
35355.002	1	10639
35356.002	-2	10636
35357.002	-8	10630
35358.002	-1	10634
35359.002	-5	10630
35360.002	8	10642
35361.002	-4	10632
35362.002	1	10636
35363.002	-5	10630
35364.002	8	10642
35365.002	3	10639
35366.002	-5	10632
35367.002	-7	10628
35368.002	1	10634
35369.002	3	10637
35370.002	3	10638
35371.002	-4	10631
35372.002	-5	10629
35373.002	3	10636
35374.002	4	10638
35375.002	-4	10631
35376.002	2	10636
35377.002	-3	10631
35378.002	-4	10629
35379.002	3	10635
35380.002	-2	10631
35381.002	-9	10623
35382.002	-2	10628
35383.002	1	10630
35384.002	-6	10623
35385.002	-5	10623
35386.002	3	10629
35387.002	-3	10624
35388.002	-9	10617
35389.002	4	10627
35390.002	0	10625
35391.002	-7	10618
35392.002	-1	10622
35393.002	-5	10617
35394.002	-4	10617
35395.002	3	10623
35396.002	-2	10618
35397.002	3	10623
35398.002	-2	10619
35399.002	3	10623
35400.002	-9	10612
35401.002	3	10621
35402.002	-8	10611
35403.002	-1	10616
35404.002	-6	10611
35405.002	1	10616
35406.002	-4	10611
35407.002	3	10617
35408.002	-10	10605
35409.002	3	10615
35410.002	-1	10612
35411.002	-1	10611
35412.002	-8	10604
35413.002	6	10616
35414.002	8	10619
35415.002	-13	10601
35416.002	3	10613
35417.002	-5	10606
35418.002	0	10609
35419.002	2	10611
35420.002	-5	10605
35421.002	1	10609
35422.002	-3	10606
35423.002	2	10610
35424.002	-3	10605
35425.002	-4	10604
35426.002	-3	10603
35427.002	5	10610
35428.002	-1	10606
35429.002	-8	10599
35430.002	-2	10602
35431.002	0	10604
35432.002	-12	10592
35433.002	2	10602
35434.002	4	10605
35435.002	-9	10593
35436.002	3	10602
35437.002	6	10606
35438.002	-2	10600
35439.002	-3	10598
35440.002	3	10603
35441.002	4	10605
35442.002	-9	10593
35443.002	2	10602
35444.002	-1	10599
35445.002	-2	10598
35446.002	-2	10597
35447.002	-1	10598
35448.002	-1	10598
35449.002	0	10598
35450.002	6	10604
35451.002	1	10601
35452.002	-15	10585
35453.002	-2	10594
35454.002	2	10597
35455.002	3	10599
35456.002	-4	10593
35457.002	-4	10592
35458.002	-4	10590
35459.002	4	10597
35460.002	-2	10592
35461.002	-2	10592
35462.002	-2	10591
35463.002	5	10598
35464.002	0	10594
35465.002	-2	10592
35466.002	4	10597
35467.002	-8	10587
35468.002	-3	10589
35469.002	0	10591
35470.002	7	10598
35471.002	0	10593
35472.002	5	10598
35473.002	-1	10594
35474.002	-10	10585
35475.002	-2	10590
35476.002	6	10597
35477.002	1	10594
35478.002	-1	10592
35479.002	-1	10592
35480.002	-1	10592
35481.002	-1	10591
35482.002	0	10592
35483.002	-7	10585
35484.002	0	10590
35485.002	2	10592
35486.002	-4	10586
35487.002	1	10590
35488.002	-3	10587
35489.002	2	10591
35490.002	-3	10586
35491.002	3	10591
35492.002	-3	10586
35493.002	2	10590
35494.002	-2	10587
35495.002	-4	10584
35496.002	4	10591
35497.002	-2	10586
35498.002	-3	10585
35499.002	-2	10585
35500.002	-2	10584
35501.002	0	10586
35502.002	-1	10585
35503.002	0	10585
35504.002	0	10585
35505.002	-6	10579
35506.002	0	10584
35507.002	-4	10580
35508.002	2	10584
35509.002	-3	10580
35510.002	-4	10578
35511.002	-3	10578
35512.002	-2	10578
35513.002	-1	10578
35514.002	13	10592
35515.002	0	10583
35516.002	-4	10579
35517.002	-4	10578
35518.002	-9	10572
35519.002	5	10583
35520.002	-5	10574
35521.002	0	10578
35522.002	1	10579
35523.002	8	10586
35524.002	1	10582
35525.002	-2	10579
35526.002	-2	10578
35527.002	-7	10573
35528.002	-1	10577
35529.002	8	10585
35530.002	2	10582
35531.002	-1	10579
35532.002	-1	10579
35533.002	6	10586
35534.002	12	10593
35535.002	-2	10583
35536.002	-6	10578
35537.002	-6	10577
35538.002	-3	10578
35539.002	11	10591
35540.002	-7	10576
35541.002	-4	10577
35542.002	-3	10577
35543.002	6	10585
35544.002	-6	10575
35545.002	-2	10577
35546.002	6	10584
35547.002	-6	10574
35548.002	6	10584
35549.002	1	10581
35550.002	-2	10579
35551.002	5	10585
35552.002	0	10581
35553.002	-3	10578
35554.002	4	10585
35555.002	-1	10581
35556.002	-9	10572
35557.002	-3	10576
35558.002	7	10585
35559.002	-5	10575
35560.002	-1	10577
35561.002	1	10579
35562.002	-6	10572
35563.002	1	10578
35564.002	-4	10573
35565.002	-11	10565
35566.002	4	10576
35567.002	0	10574
35568.002	-8	10566
35569.002	-1	10570
35570.002	2	10573
35571.002	2	10574
35572.002	1	10573
35573.002	-6	10566
35574.002	7	10578
35575.002	-5	10568
35576.002	0	10571
35577.002	2	10573
35578.002	-5	10567
35579.002	1	10571
35580.002	-4	10567
35581.002	8	10577
35582.002	-3	10569
35583.002	-6	10565
35584.002	-4	10565
35585.002	3	10571
35586.002	-1	10568
35587.002	3	10572
35588.002	-8	10561
35589.002	3	10570
35590.002	6	10574
35591.002	-2	10568
35592.002	-10	10559
35593.002	4	10570
35594.002	0	10567
35595.002	-1	10566
35596.002	-1	10566
35597.002	-1	10566
35598.002	6	10572
35599.002	-6	10562
35600.002	-2	10564
35601.002	0	10566
35602.002	7	10573
35603.002	-6	10562
35604.002	4	10570
35605.002	0	10567
35606.002	-7	10560
35607.002	-1	10564
35608.002	1	10566
35609.002	1	10566
35610.002	-11	10555
35611.002	0	10562
35612.002	4	10566
35613.002	-8	10555
35614.002	-4	10557
35615.002	-1	10559
35616.002	-6	10554
35617.002	0	10558
35618.002	-4	10554
35619.002	-5	10552
35620.002	4	10559
35621.002	-8	10548
35622.002	-3	10551
35623.002	6	10559
35624.002	-12	10543
35625.002	5	10556
35626.002	2	10555
35627.002	-5	10548
35628.002	0	10552
35629.002	2	10554
35630.002	8	10560
35631.002	-5	10550
35632.002	-1	10552
35633.002	0	10553
35634.002	-6	10547
35635.002	1	10552
35636.002	8	10559
35637.002	2	10556
35638.002	-6	10548
35639.002	-1	10552
35640.002	1	10553
35641.002	-6	10547
35642.002	1	10552
35643.002	9	10560
35644.002	3	10557
35645.002	-7	10548
35646.002	-2	10551
35647.002	8	10560
35648.002	1	10555
35649.002	-7	10548
35650.002	-1	10552
35651.002	0	10552
35652.002	2	10554
35653.002	-5	10548
35654.002	0	10551
35655.002	2	10553
35656.002	2	10554
35657.002	1	10554
35658.002	-12	10541
35659.002	1	10550
35660.002	4	10554
35661.002	-2	10549
35662.002	-4	10546
35663.002	3	10552
35664.002	-2	10548
35665.002	-9	10540
35666.002	-2	10545
35667.002	0	10546
35668.002	-5	10541
35669.002	1	10546
35670.002	-4	10541
35671.002	-4	10540
35672.002	-9	10533
35673.002	-2	10538
35674.002	1	10540
35675.002	1	10540
35676.002	2	10542
35677.002	-6	10534
35678.002	0	10539
35679.002	3	10542
35680.002	-5	10534
35681.002	1	10539
35682.002	-3	10535
35683.002	2	10539
35684.002	-3	10535
35685.002	-3	10534
35686.002	-3	10533
35687.002	-2	10533
35688.002	-1	10534
35689.002	0	10534
35690.002	0	10534
35691.002	-7	10527
35692.002	0	10532
35693.002	-4	10528
35694.002	2	10533
35695.002	3	10535
35696.002	-4	10529
35697.002	2	10533
35698.002	3	10535
35699.002	-4	10529
35700.002	2	10534
35701.002	2	10534
35702.002	2	10535
35703.002	2	10535
35704.002	-6	10528
35705.002	0	10532
35706.002	-4	10528
35707.002	-4	10527
35708.002	10	10540
35709.002	-2	10531
35710.002	-5	10527
35711.002	-5	10526
35712.002	-2	10527
35713.002	-2	10527
35714.002	6	10534
35715.002	0	10530
35716.002	4	10534
35717.002	-2	10529
35718.002	-3	10527
35719.002	-9	10521
35720.002	-2	10525
35721.002	8	10534
35722.002	2	10531
35723.002	-1	10528
35724.002	-2	10527
35725.002	-1	10527
35726.002	6	10534
35727.002	-6	10524
35728.002	-9	10519
35729.002	0	10525
35730.002	-4	10521
35731.002	3	10527
35732.002	4	10529
35733.002	-4	10522
35734.002	-5	10520
35735.002	3	10527
35736.002	-2	10522
35737.002	-3	10521
35738.002	4	10527
35739.002	-1	10523
35740.002	-3	10521
35741.002	-2	10521
35742.002	5	10527
35743.002	-1	10523
35744.002	-9	10515
35745.002	11	10532
35746.002	-6	10518
35747.002	4	10526
35748.002	-1	10523
35749.002	-2	10521
35750.002	5	10528
35751.002	-8	10516
35752.002	-3	10519
35753.002	7	10528
35754.002	0	10523
35755.002	5	10528
35756.002	-1	10523
35757.002	-3	10521
35758.002	-3	10520
35759.002	5	10527
35760.002	-8	10516
35761.002	-8	10513
35762.002	0	10519
35763.002	-4	10515
35764.002	2	10520
35765.002	-2	10516
35766.002	-4	10514
35767.002	-3	10514
35768.002	-1	10515
35769.002	-7	10508
35770.002	6	10519
35771.002	-5	10510
35772.002	0	10514
35773.002	-5	10509
35774.002	-5	10507
35775.002	-3	10508
35776.002	4	10514
35777.002	-1	10510
35778.002	4	10515
35779.002	5	10517
35780.002	-3	10510
35781.002	1	10513
35782.002	-3	10510
35783.002	2	10514
35784.002	-3	10509
35785.002	2	10514
35786.002	-9	10503
35787.002	3	10512
35788.002	-1	10509
35789.002	5	10515
35790.002	-8	10504
35791.002	4	10513
35792.002	0	10510
35793.002	11	10521
35794.002	4	10518
35795.002	-11	10504
35796.002	0	10512
35797.002	-2	10510
35798.002	3	10514
35799.002	-2	10510
35800.002	3	10514
35801.002	4	10516
35802.002	-10	10503
35803.002	2	10512
35804.002	-8	10503
35805.002	4	10513
35806.002	0	10510
35807.002	-1	10509
35808.002	-1	10508
35809.002	-7	10502
35810.002	6	10513
35811.002	1	10510
35812.002	-6	10503
35813.002	6	10513
35814.002	-5	10504
35815.002	-1	10507
35816.002	2	10509
35817.002	-6	10502
35818.002	-5	10501
35819.002	2	10507
35820.002	-2	10503
35821.002	3	10508
35822.002	-2	10504
35823.002	-3	10502
35824.002	-3	10501
35825.002	5	10508
35826.002	-7	10498
35827.002	4	10507
35828.002	0	10504
35829.002	-2	10502
35830.002	-1	10502
35831.002	-1	10502
35832.002	-1	10502
35833.002	0	10502
35834.002	0	10502
35835.002	-6	10496
35836.002	0	10500
35837.002	8	10508
35838.002	-11	10492
35839.002	-1	10499
35840.002	3	10502
35841.002	3	10503
35842.002	-10	10491
35843.002	1	10499
35844.002	-3	10495
35845.002	-2	10495
35846.002	-8	10489
35847.002	-1	10493
35848.002	2	10496
35849.002	-12	10483
35850.002	2	10493
35851.002	-2	10490
35852.002	4	10495
35853.002	-8	10484
35854.002	4	10494
35855.002	-1	10490
35856.002	-2	10489
35857.002	-1	10489
35858.002	-1	10489
35859.002	0	10490
35860.002	0	10490
35861.002	0	10490
35862.002	-7	10483
35863.002	0	10488
35864.002	8	10496
35865.002	2	10492
35866.002	0	10491
35867.002	-8	10483
35868.002	-1	10487
35869.002	2	10490
35870.002	1	10489
35871.002	1	10490
35872.002	-5	10484
35873.002	0	10488
35874.002	2	10490
35875.002	8	10496
35876.002	2	10493
35877.002	-7	10484
35878.002	-2	10487
35879.002	0	10488
35880.002	1	10489
35881.002	1	10490
35882.002	1	10490
35883.002	0	10489
35884.002	1	10490
35885.002	0	10490
35886.002	0	10490
35887.002	-7	10483
35888.002	0	10488
35889.002	2	10490
35890.002	-4	10484
35891.002	1	10488
35892.002	2	10489
35893.002	-4	10484
35894.002	2	10489
35895.002	3	10490
35896.002	2	10490
35897.002	1	10490
35898.002	-5	10484
35899.002	0	10488
35900.002	2	10490
35901.002	2	10490
35902.002	-5	10484
35903.002	1	10488
35904.002	-4	10484
35905.002	-5	10481
35906.002	-3	10482
35907.002	-2	10482
35908.002	-1	10482
35909.002	-6	10477
35910.002	0	10481
35911.002	2	10483
35912.002	8	10490
35913.002	1	10485
35914.002	-7	10478
35915.002	-2	10480
35916.002	-6	10476
35917.002	2	10482
35918.002	-4	10477
35919.002	3	10482
35920.002	-3	10477
35921.002	9	10488
35922.002	-2	10480
35923.002	1	10483
35924.002	-5	10477
35925.002	-5	10475
35926.002	-4	10475
35927.002	4	10482
35928.002	-1	10478
35929.002	-2	10477
35930.002	-2	10476
35931.002	5	10482
35932.002	0	10479
35933.002	-9	10470
35934.002	-2	10474
35935.002	1	10477
35936.002	1	10477
35937.002	1	10477
35938.002	0	10476
35939.002	-6	10470
35940.002	0	10475
35941.002	9	10484
35942.002	2	10479
35943.002	-7	10471
35944.002	-1	10475
35945.002	-6	10470
35946.002	8	10482
35947.002	2	10478
35948.002	-5	10472
35949.002	0	10475
35950.002	1	10476
35951.002	2	10478
35952.002	1	10477
35953.002	0	10476
35954.002	7	10483
35955.002	0	10479
35956.002	-8	10471
35957.002	-2	10474
35958.002	7	10483
35959.002	-5	10473
35960.002	-1	10475
35961.002	1	10477
35962.002	-6	10470
35963.002	-6	10468
35964.002	2	10475
35965.002	-2	10471
35966.002	-3	10470
35967.002	4	10476
35968.002	-1	10472
35969.002	-9	10464
35970.002	-2	10468
35971.002	0	10469
35972.002	2	10471
35973.002	7	10477
35974.002	-6	10466
35975.002	-8	10462
35976.002	-6	10462
35977.002	2	10468
35978.002	-2	10465
35979.002	4	10470
35980.002	-8	10459
35981.002	-4	10461
35982.002	0	10464
35983.002	0	10464
35984.002	-6	10458
35985.002	7	10469
35986.002	-5	10459
35987.002	0	10462
35988.002	-5	10457
35989.002	2	10463
35990.002	3	10464
35991.002	-4	10458
35992.002	-5	10456
35993.002	10	10470
35994.002	-3	10460
35995.002	8	10470
35996.002	-4	10460
35997.002	0	10463
35998.002	7	10470
35999.002	-6	10459
36000.002	6	10469
36001.002	-6	10459
36002.002	5	10468
36003.002	1	10466
36004.002	-1	10464
36005.002	-1	10464
36006.002	-1	10463
36007.002	6	10470
36008.002	0	10466
36009.002	4	10470
36010.002	5	10472
36011.002	3	10472
36012.002	-5	10465
36013.002	1	10469
36014.002	-4	10464
36015.002	1	10468
36016.002	-3	10464
36017.002	3	10470
36018.002	-3	10464
36019.002	3	10470
36020.002	-2	10465
36021.002	2	10469
36022.002	-9	10458
36023.002	3	10468
36024.002	-1	10465
36025.002	-2	10463
36026.002	-1	10464
36027.002	5	10469
36028.002	0	10466
36029.002	4	10470
36030.002	-8	10459
36031.002	-3	10462
36032.002	5	10469
36033.002	7	10472
36034.002	-8	10459
36035.002	3	10468
36036.002	-8	10458
36037.002	4	10468
36038.002	1	10466
36039.002	-1	10464
36040.002	-1	10464
36041.002	5	10469
36042.002	6	10472
36043.002	-8	10460
36044.002	2	10467
36045.002	-8	10458
36046.002	4	10468
36047.002	1	10466
36048.002	-1	10464
36049.002	5	10470
36050.002	-1	10465
36051.002	-2	10464
36052.002	-2	10463
36053.002	5	10470
36054.002	-7	10459
36055.002	4	10468
36056.002	-1	10464
36057.002	5	10470
36058.002	-1	10466
36059.002	4	10470
36060.002	-2	10465
36061.002	3	10470
36062.002	-10	10458
36063.002	3	10468
36064.002	-1	10465
36065.002	5	10470
36066.002	-8	10459
36067.002	-3	10461
36068.002	-1	10463
36069.002	1	10464
36070.002	0	10464
36071.002	1	10465
36072.002	0	10464
36073.002	0	10464
36074.002	7	10471
36075.002	0	10466
36076.002	-9	10457
36077.002	-2	10461
36078.002	1	10464
36079.002	1	10464
36080.002	7	10470
36081.002	-5	10460
36082.002	-2	10462
36083.002	0	10463
36084.002	7	10470
36085.002	-5	10460
36086.002	5	10469
36087.002	-7	10458
36088.002	-1	10462
36089.002	0	10463
36090.002	8	10471
36091.002	-6	10459
36092.002	5	10469
36093.002	1	10466
36094.002	5	10470
36095.002	-8	10459
36096.002	10	10474
36097.002	-7	10460
36098.002	3	10468
36099.002	5	10471
36100.002	4	10472
36101.002	-4	10465
36102.002	1	10469
36103.002	-4	10464
36104.002	-4	10463
36105.002	10	10476
36106.002	-2	10467
36107.002	8	10476
36108.002	-4	10466
36109.002	0	10469
36110.002	-5	10464
36111.002	-6	10462
36112.002	9	10475
36113.002	-8	10461
36114.002	8	10474
36115.002	-2	10467
36116.002	-5	10463
36117.002	2	10469
36118.002	-2	10465
36119.002	-4	10463
36120.002	4	10469
36121.002	-8	10459
36122.002	4	10468
36123.002	0	10465
36124.002	-2	10463
36125.002	5	10470
36126.002	-1	10465
36127.002	4	10470
36128.002	-8	10459
36129.002	3	10468
36130.002	-1	10465
36131.002	-1	10464
36132.002	5	10470
36133.002	-8	10459
36134.002	-9	10455
36135.002	6	10467
36136.002	3	10466
36137.002	-6	10458
36138.002	6	10468
36139.002	-5	10459
36140.002	0	10463
36141.002	1	10464
36142.002	1	10464
36143.002	-5	10458
36144.002	7	10469
36145.002	-4	10460
36146.002	0	10463
36147.002	7	10470
36148.002	2	10467
36149.002	-7	10458
36150.002	-2	10461
36151.002	-6	10457
36152.002	8	10469
36153.002	3	10466
36154.002	-6	10458
36155.002	0	10462
36156.002	1	10463
36157.002	9	10472
36158.002	1	10466
36159.002	-8	10458
36160.002	-2	10461
36161.002	1	10464
36162.002	1	10464
36163.002	1	10464
36164.002	13	10477
36165.002	1	10468
36166.002	-10	10458
36167.002	-4	10461
36168.002	-1	10463
36169.002	1	10464
36170.002	0	10464
36171.002	7	10471
36172.002	0	10466
36173.002	-1	10465
36174.002	-2	10463
36175.002	-2	10463
36176.002	0	10464
36177.002	-1	10463
36178.002	0	10464
36179.002	0	10464
36180.002	0	10464
36181.002	0	10464
36182.002	0	10464
36183.002	-6	10458
36184.002	6	10468
36185.002	2	10466
36186.002	0	10464
36187.002	6	10470
36188.002	0	10466
36189.002	-3	10463
36190.002	4	10469
36191.002	-1	10466
36192.002	-3	10463
36193.002	4	10469
36194.002	5	10472
36195.002	-2	10466
36196.002	8	10475
36197.002	3	10473
36198.002	0	10471
36199.002	0	10471
36200.002	-7	10464
36201.002	6	10475
36202.002	2	10472
36203.002	-1	10470
36204.002	-7	10464
36205.002	0	10469
36206.002	1	10470
36207.002	2	10471
36208.002	2	10472
36209.002	-6	10464
36210.002	0	10468
36211.002	2	10470
36212.002	2	10471
36213.002	1	10471
36214.002	7	10477
36215.002	1	10473
36216.002	-2	10470
36217.002	-2	10470
36218.002	5	10476
36219.002	6	10479
36220.002	-2	10472
36221.002	-4	10470
36222.002	3	10476
36223.002	-3	10470
36224.002	-3	10470
36225.002	4	10476
36226.002	-1	10472
36227.002	-3	10470
36228.002	-8	10464
36229.002	5	10474
36230.002	-5	10466
36231.002	6	10475
36232.002	7	10478
36233.002	-7	10466
36234.002	3	10474
36235.002	0	10472
36236.002	4	10476
36237.002	-8	10465
36238.002	4	10475
36239.002	0	10472
36240.002	-2	10470
36241.002	5	10476
36242.002	-2	10471
36243.002	11	10483
36244.002	-2	10474
36245.002	-12	10463
36246.002	2	10473
36247.002	5	10477
36248.002	5	10478
36249.002	-3	10472
36250.002	-5	10469
36251.002	3	10476
36252.002	-2	10471
36253.002	3	10476
36254.002	-3	10471
36255.002	-3	10470
36256.002	-3	10469
36257.002	12	10483
36258.002	-1	10474
36259.002	-5	10469
36260.002	-4	10469
36261.002	4	10476
36262.002	-1	10472
36263.002	4	10477
36264.002	-3	10471
36265.002	-3	10470
36266.002	-2	10470
36267.002	-2	10469
36268.002	-1	10470
36269.002	-1	10469
36270.002	7	10477
36271.002	0	10472
36272.002	-2	10470
36273.002	-2	10470
36274.002	5	10476
36275.002	-1	10472
36276.002	4	10476
36277.002	-2	10471
36278.002	10	10483
36279.002	-3	10473
36280.002	-5	10470
36281.002	2	10475
36282.002	-3	10471
36283.002	2	10475
36284.002	-3	10471
36285.002	3	10476
36286.002	-2	10472
36287.002	-4	10469
36288.002	-2	10470
36289.002	-2	10469
36290.002	-1	10470
36291.002	-7	10463
36292.002	6	10474
36293.002	2	10472
36294.002	0	10471
36295.002	6	10477
36296.002	0	10473
36297.002	-2	10471
36298.002	4	10476
36299.002	-2	10471
36300.002	4	10477
36301.002	4	10478
36302.002	-4	10471
36303.002	2	10476
36304.002	-10	10464
36305.002	-4	10467
36306.002	5	10475
36307.002	7	10479
36308.002	-1	10473
36309.002	3	10476
36310.002	3	10477
36311.002	2	10477
36312.002	-11	10465
36313.002	1	10474
36314.002	4	10477
36315.002	4	10478
36316.002	3	10478
36317.002	1	10477
36318.002	0	10476
36319.002	1	10477
36320.002	0	10477
36321.002	-6	10471
36322.002	6	10481
36323.002	2	10479
36324.002	-1	10476
36325.002	-6	10471
36326.002	-1	10474
36327.002	8	10483
36328.002	-5	10472
36329.002	0	10476
36330.002	1	10477
36331.002	0	10476
36332.002	-5	10471
36333.002	0	10475
36334.002	-4	10471
36335.002	-5	10468
36336.002	4	10476
36337.002	-8	10465
36338.002	10	10481
36339.002	6	10480
36340.002	-10	10466
36341.002	1	10474
36342.002	-2	10471
36343.002	10	10482
36344.002	4	10479
36345.002	-4	10472
36346.002	0	10475
36347.002	1	10476
36348.002	2	10478
36349.002	7	10483
36350.002	-6	10472
36351.002	-1	10475
36352.002	-6	10470
36353.002	0	10474
36354.002	-10	10464
36355.002	2	10473
36356.002	-1	10471
36357.002	-1	10471
36358.002	-2	10469
36359.002	6	10477
36360.002	-7	10466
36361.002	4	10474
36362.002	-7	10465
36363.002	-1	10469
36364.002	1	10470
36365.002	1	10471
36366.002	0	10470
36367.002	1	10471
36368.002	-6	10464
36369.002	7	10475
36370.002	-5	10465
36371.002	6	10475
36372.002	-5	10466
36373.002	0	10469
36374.002	7	10476
36375.002	2	10473
36376.002	-2	10470
36377.002	-1	10470
36378.002	-8	10463
36379.002	0	10469
36380.002	-5	10464
36381.002	-5	10462
36382.002	10	10476
36383.002	-2	10467
36384.002	1	10469
36385.002	3	10471
36386.002	2	10471
36387.002	-5	10465
36388.002	6	10474
36389.002	-4	10466
36390.002	-6	10463
36391.002	7	10474
36392.002	-3	10466
36393.002	1	10469
36394.002	-4	10465
36395.002	8	10475
36396.002	3	10473
36397.002	0	10471
36398.002	-7	10464
36399.002	0	10469
36400.002	8	10477
36401.002	1	10472
36402.002	-7	10464
36403.002	-1	10468
36404.002	-5	10464
36405.002	1	10468
36406.002	10	10478
36407.002	-4	10467
36408.002	-7	10463
36409.002	0	10467
36410.002	-3	10464
36411.002	9	10476
36412.002	-2	10467
36413.002	1	10470
36414.002	-5	10464
36415.002	1	10468
36416.002	10	10478
36417.002	2	10473
36418.002	0	10471
36419.002	-1	10470
36420.002	-2	10469
36421.002	0	10470
36422.002	-7	10463
36423.002	6	10474
36424.002	-4	10466
36425.002	0	10469
36426.002	2	10471
36427.002	-6	10464
36428.002	-5	10463
36429.002	2	10468
36430.002	-2	10465
36431.002	4	10470
36432.002	10	10477
36433.002	-4	10466
36434.002	0	10469
36435.002	1	10470
36436.002	-5	10465
36437.002	1	10469
36438.002	-4	10464
36439.002	2	10469
36440.002	-4	10464
36441.002	-4	10463
36442.002	-2	10463
36443.002	-2	10463
36444.002	6	10470
36445.002	0	10466
36446.002	-2	10464
36447.002	-2	10463
36448.002	-2	10463
36449.002	-1	10463
36450.002	0	10464
36451.002	0	10464
36452.002	0	10464
36453.002	0	10464
36454.002	0	10464
36455.002	0	10464
36456.002	0	10464
36457.002	0	10464
36458.002	7	10471
36459.002	-7	10459
36460.002	-8	10456
36461.002	0	10461
36462.002	2	10463
36463.002	-3	10459
36464.002	2	10463
36465.002	-4	10458
36466.002	-11	10450
36467.002	4	10461
36468.002	0	10458
36469.002	5	10463
36470.002	-14	10446
36471.002	-2	10454
36472.002	8	10463
36473.002	3	10461
36474.002	-13	10445
36475.002	-1	10454
36476.002	3	10457
36477.002	-3	10452
36478.002	-4	10450
36479.002	3	10456
36480.002	-9	10445
36481.002	4	10455
36482.002	0	10452
36483.002	-2	10450
36484.002	6	10458
36485.002	-7	10447
36486.002	3	10455
36487.002	6	10458
36488.002	-1	10453
36489.002	3	10457
36490.002	-3	10452
36491.002	-3	10451
36492.002	-10	10443
36493.002	5	10455
36494.002	1	10453
36495.002	-1	10451
36496.002	6	10458
36497.002	0	10453
36498.002	-3	10450
36499.002	-2	10450
36500.002	-1	10451
36501.002	-7	10445
36502.002	6	10455
36503.002	1	10452
36504.002	0	10452
36505.002	0	10452
36506.002	-1	10451
36507.002	0	10451
36508.002	-7	10444
36509.002	7	10456
36510.002	8	10459
36511.002	-7	10447
36512.002	4	10456
36513.002	-7	10446
36514.002	5	10456
36515.002	-6	10446
36516.002	5	10455
36517.002	-5	10447
36518.002	5	10455
36519.002	1	10453
36520.002	-7	10445
36521.002	5	10455
36522.002	-5	10447
36523.002	0	10450
36524.002	1	10451
36525.002	1	10451
36526.002	-6	10445
36527.002	7	10456
36528.002	-4	10447
36529.002	0	10450
36530.002	-5	10445
36531.002	8	10456
36532.002	-4	10447
36533.002	7	10456
36534.002	-5	10447
36535.002	6	10456
36536.002	-5	10447
36537.002	-1	10449
36538.002	-6	10444
36539.002	8	10456
36540.002	-4	10447
36541.002	-5	10444
36542.002	1	10449
36543.002	-10	10438
36544.002	3	10448
36545.002	0	10446
36546.002	5	10451
36547.002	-2	10446
36548.002	-3	10444
36549.002	4	10450
36550.002	-7	10440
36551.002	-3	10442
36552.002	-1	10443
36553.002	1	10445
36554.002	-6	10438
36555.002	7	10450
36556.002	-5	10440
36557.002	7	10450
36558.002	1	10446
36559.002	6	10452
36560.002	-7	10440
36561.002	4	10449
36562.002	-7	10439
36563.002	-2	10442
36564.002	1	10445
36565.002	1	10445
36566.002	7	10451
36567.002	-6	10440
36568.002	-2	10443
36569.002	6	10450
36570.002	1	10447
36571.002	-7	10439
36572.002	5	10449
36573.002	7	10453
36574.002	5	10453
36575.002	4	10453
36576.002	-5	10445
36577.002	7	10456
36578.002	-4	10447
36579.002	0	10450
36580.002	-5	10445
36581.002	2	10450
36582.002	2	10451
36583.002	-4	10445
36584.002	8	10456
36585.002	3	10454
36586.002	-6	10446
36587.002	6	10456
36588.002	-5	10447
36589.002	6	10456
36590.002	-5	10447
36591.002	-1	10449
36592.002	7	10457
36593.002	-5	10447
36594.002	-1	10450
36595.002	0	10450
36596.002	1	10451
36597.002	1	10452
36598.002	7	10458
36599.002	-7	10446
36600.002	-8	10443
36601.002	7	10456
36602.002	-4	10447
36603.002	0	10449
36604.002	-5	10444
36605.002	-4	10444
36606.002	3	10450
36607.002	-2	10446
36608.002	-3	10444
36609.002	4	10450
36610.002	-1	10446
36611.002	-3	10444
36612.002	-3	10443
36613.002	-1	10444
36614.002	6	10451
36615.002	-1	10446
36616.002	-1	10445
36617.002	-9	10437
36618.002	-1	10442
36619.002	1	10444
36620.002	2	10445
36621.002	-5	10439
36622.002	0	10443
36623.002	-4	10439
36624.002	9	10450
36625.002	-3	10441
36626.002	-6	10437
36627.002	8	10449
36628.002	-3	10441
36629.002	-6	10437
36630.002	9	10450
36631.002	-3	10441
36632.002	-6	10437
36633.002	9	10450
36634.002	-3	10441
36635.002	1	10444
36636.002	8	10451
36637.002	-5	10441
36638.002	6	10450
36639.002	-6	10440
36640.002	-7	10437
36641.002	0	10442
36642.002	-3	10439
36643.002	-4	10437
36644.002	4	10444
36645.002	-2	10439
36646.002	4	10444
36647.002	-3	10439
36648.002	-9	10432
36649.002	4	10442
36650.002	-7	10432
36651.002	6	10443
36652.002	-5	10434
36653.002	-7	10430
36654.002	7	10442
36655.002	-3	10434
36656.002	0	10437
36657.002	2	10439
36658.002	-5	10432
36659.002	2	10438
36660.002	-4	10432
36661.002	8	10443
36662.002	-3	10434
36663.002	-5	10432
36664.002	8	10443
36665.002	-3	10434
36666.002	7	10444
36667.002	-5	10434
36668.002	-7	10430
36669.002	8	10443
36670.002	-3	10434
36671.002	1	10438
36672.002	-5	10432
36673.002	-5	10430
36674.002	-3	10431
36675.002	-2	10431
36676.002	5	10437
36677.002	-7	10427
36678.002	-2	10430
36679.002	7	10438
36680.002	-6	10427
36681.002	5	10436
36682.002	-6	10427
36683.002	-1	10430
36684.002	1	10432
36685.002	-5	10426
36686.002	-6	10424
36687.002	9	10437
36688.002	-3	10428
36689.002	2	10432
36690.002	-4	10426
36691.002	1	10430
36692.002	-3	10426
36693.002	-4	10424
36694.002	3	10430
36695.002	-1	10427
36696.002	3	10431
36697.002	-2	10427
36698.002	-3	10425
36699.002	10	10437
36700.002	-2	10428
36701.002	-4	10426
36702.002	2	10430
36703.002	-3	10426
36704.002	3	10431
36705.002	-3	10426
36706.002	9	10437
36707.002	-9	10422
36708.002	1	10429
36709.002	-2	10426
36710.002	-3	10425
36711.002	4	10431
36712.002	-8	10420
36713.002	4	10430
36714.002	-1	10426
36715.002	-1	10426
36716.002	-1	10425
36717.002	5	10431
36718.002	-7	10421
36719.002	5	10430
36720.002	-7	10420
36721.002	5	10430
36722.002	-5	10421
36723.002	-1	10424
36724.002	7	10432
36725.002	-6	10421
36726.002	-1	10424
36727.002	-6	10419
36728.002	2	10425
36729.002	-4	10419
36730.002	8	10430
36731.002	-3	10422
36732.002	8	10432
36733.002	-5	10421
36734.002	6	10431
36735.002	-5	10421
36736.002	5	10430
36737.002	-6	10420
36738.002	-1	10424
36739.002	-5	10419
36740.002	8	10431
36741.002	-4	10421
36742.002	7	10431
36743.002	-5	10421
36744.002	6	10431
36745.002	-6	10420
36746.002	0	10425
36747.002	-6	10419
36748.002	1	10424
36749.002	3	10426
36750.002	-4	10420
36751.002	-5	10418
36752.002	3	10424
36753.002	-2	10420
36754.002	-3	10419
36755.002	3	10424
36756.002	-7	10415
36757.002	-3	10416
36758.002	6	10425
36759.002	-6	10414
36760.002	-1	10418
36761.002	1	10419
36762.002	1	10420
36763.002	-6	10413
36764.002	0	10417
36765.002	2	10419
36766.002	2	10420
36767.002	-11	10407
36768.002	-6	10409
36769.002	-2	10411
36770.002	-1	10412
36771.002	7	10419
36772.002	-6	10408
36773.002	-1	10412
36774.002	0	10412
36775.002	0	10412
36776.002	-6	10406
36777.002	1	10411
36778.002	2	10413
36779.002	-11	10400
36780.002	-5	10403
36781.002	5	10412
36782.002	0	10408
36783.002	-2	10406
36784.002	-2	10405
36785.002	-7	10400
36786.002	5	10410
36787.002	2	10408
36788.002	0	10407
36789.002	-7	10400
36790.002	-1	10404
36791.002	2	10406
36792.002	2	10407
36793.002	1	10407
36794.002	-6	10400
36795.002	-6	10398
36796.002	-10	10392
36797.002	-3	10396
36798.002	-6	10392
36799.002	-11	10386
36800.002	-3	10390
36801.002	-7	10385
36802.002	-5	10385
36803.002	-3	10386
36804.002	-2	10386
36805.002	0	10387
36806.002	-1	10386
36807.002	-6	10381
36808.002	6	10391
36809.002	2	10389
36810.002	-7	10381
36811.002	0	10386
36812.002	2	10388
36813.002	-5	10381
36814.002	1	10386
36815.002	9	10394
36816.002	2	10390
36817.002	-1	10387
36818.002	-1	10387
36819.002	-7	10381
36820.002	-1	10385
36821.002	2	10387
36822.002	8	10394
36823.002	-5	10383
36824.002	-1	10386
36825.002	0	10386
36826.002	-5	10381
36827.002	0	10385
36828.002	-4	10381
36829.002	-4	10380
36830.002	9	10392
36831.002	-2	10383
36832.002	-4	10381
36833.002	-10	10373
36834.002	-3	10377
36835.002	7	10387
36836.002	-5	10377
36837.002	-1	10379
36838.002	0	10380
36839.002	1	10381
36840.002	-6	10374
36841.002	1	10379
36842.002	2	10381
36843.002	2	10381
36844.002	-5	10375
36845.002	1	10379
36846.002	-4	10375
36847.002	9	10386
36848.002	-4	10376
36849.002	-5	10374
36850.002	8	10385
36851.002	-3	10377
36852.002	-6	10373
36853.002	2	10379
36854.002	-9	10369
36855.002	-10	10365
36856.002	5	10377
36857.002	3	10377
36858.002	0	10374
36859.002	0	10374
36860.002	-6	10368
36861.002	-7	10366
36862.002	-5	10366
36863.002	4	10373
36864.002	-1	10369
36865.002	-2	10368
36866.002	-2	10367
36867.002	4	10373
36868.002	-7	10363
36869.002	5	10373
36870.002	0	10369
36871.002	5	10374
36872.002	-8	10363
36873.002	3	10371
36874.002	-7	10362
36875.002	5	10372
36876.002	1	10370
36877.002	-1	10368
36878.002	-8	10361
36879.002	0	10366
36880.002	-5	10361
36881.002	1	10366
36882.002	4	10369
36883.002	-4	10362
